participant_id,pool,phase,n_seg,is_simulated,level,unit,offset_change,exponent_change,theta_periodic_db,mu_periodic_db,beta_periodic_db,hemisphere,area,n_valid,few_segments,r2,global_offset_db,theta_relative_db,mu_relative_db,beta_relative_db,artifact_prone,noise_floor_db
P23,SEMUA,PRA,10,False,belahan,kiri,17.184397791275686,0.594057292515056,2.5612380567656796,2.3394368077950918,0.7780956699760804,,,,,,,,,,,2.884023673547837
P23,SEMUA,PRA,10,False,belahan,kanan,18.899576648706276,0.7223505358914922,1.3067959862470184,1.3657893303970063,0.3842239133170877,,,,,,,,,,,2.884023673547837
P23,SEMUA,PRA,10,False,kanal,Fp1,13.670073442631491,0.6047665080445472,1.2901512766266543,0.9774412509809909,-0.22309844463014578,kiri,frontopolar,10.0,False,0.9766184269030515,17.184397791275686,-1.2710867801390253,-1.361995556814101,-1.0011941146062262,,2.884023673547837
P23,SEMUA,PRA,10,False,kanal,F3,17.648409018105365,0.6292115969096952,2.572825138893814,1.7686906547516064,1.8877259583331405,kiri,frontal,6.0,False,0.9822028582162087,17.184397791275686,0.01158708212813453,-0.5707461530434854,1.1096302883570601,,2.884023673547837
P23,SEMUA,PRA,10,False,kanal,C3,16.954243615291503,0.5833480769855648,4.698680002266246,4.166631706529186,0.24302995498059055,kiri,sentral,6.0,False,0.9702324326868644,17.184397791275686,2.1374419455005667,1.8271948987340942,-0.5350657149954898,,2.884023673547837
P23,SEMUA,PRA,10,False,kanal,P3,15.85620413820208,0.26663698198978514,2.5496509746375455,2.9101829608385774,0.9185367596414643,kiri,parietal,6.0,False,0.945075526360707,17.184397791275686,-0.011587082128134085,0.5707461530434856,0.14044108966538393,,2.884023673547837
P23,SEMUA,PRA,10,False,kanal,O1,23.648152437794987,1.241528615819981,5.9816718097996,4.967418626933342,1.4378497089656108,kiri,oksipital,6.0,False,0.9858374559177489,17.184397791275686,3.4204337530339206,2.6279818191382502,0.6597540389895304,,2.884023673547837
P23,SEMUA,PRA,10,False,kanal,F7,17.414551967259868,0.2787595520466397,1.2452737044203355,1.3257282720958674,0.6000323442820145,kiri,frontotemporal,9.0,False,0.9677884812666213,17.184397791275686,-1.3159643523453441,-1.0137085356992244,-0.1780633256940659,,2.884023673547837
P23,SEMUA,PRA,10,False,kanal,T3,20.797652826586436,0.7395072719515023,3.495483241071161,-0.2695615479467235,0.6376545803106963,kiri,temporal,6.0,False,0.9837827210648429,17.184397791275686,0.9342451843054813,-2.6089983557418153,-0.14044108966538404,,2.884023673547837
P23,SEMUA,PRA,10,False,kanal,T5,16.713094148642966,0.5200975878102267,2.3566729331894374,4.049327031213743,1.4432467028198575,kiri,temporo-posterior,6.0,False,0.979235663975762,17.184397791275686,-0.20456512357624224,1.7098902234186508,0.6651510328437771,,2.884023673547837
P23,SEMUA,PRA,10,False,kanal,Fp2,17.8453836852671,0.7158986546520281,1.4229855584267599,1.5628897764130407,0.17876165266038413,kanan,frontopolar,9.0,False,0.9926831772972555,18.899576648706276,0.11618957217974146,0.19710044601603438,-0.2054622606567036,,2.884023673547837
P23,SEMUA,PRA,10,False,kanal,F4,19.310779203952308,0.7563985888686988,2.0633160661155197,0.8085106774478752,0.4026557148643062,kanan,frontal,7.0,False,0.9930256651548255,18.899576648706276,0.7565200798685012,-0.5572786529491311,0.018431801547218463,,2.884023673547837
P23,SEMUA,PRA,10,False,kanal,C4,18.70442323919599,0.6448394588790205,0.7522779029992044,0.0011196178436443383,-0.08400238515151037,kanan,sentral,7.0,False,0.9802528818897275,18.899576648706276,-0.554518083247814,-1.364669712553362,-0.4682262984685981,,2.884023673547837
P23,SEMUA,PRA,10,False,kanal,P4,18.907396658051695,0.6207842531514169,1.2131410658122914,0.9765635534961361,0.10487829622356504,kanan,parietal,6.0,False,0.9927740220996166,18.899576648706276,-0.09365492043472701,-0.38922577690087024,-0.2793456170935227,,2.884023673547837
P23,SEMUA,PRA,10,False,kanal,O2,20.66701075482667,0.7579251124062802,1.4004509066817454,1.399151164261537,0.49238013394199254,kanan,oksipital,6.0,False,0.9914819465012319,18.899576648706276,0.09365492043472701,0.03336183386453073,0.10815622062490482,,2.884023673547837
P23,SEMUA,PRA,10,False,kanal,F8,18.98669851447101,0.7288024171309564,0.9927073305983902,1.7695364334854755,0.36579211176986925,kanan,frontotemporal,9.0,False,0.9907642356364984,18.899576648706276,-0.3140886556486282,0.4037471030884692,-0.018431801547218463,,2.884023673547837
P23,SEMUA,PRA,10,False,kanal,T4,18.891756639360857,0.7862129457498463,1.8345367549073428,2.3429163387186476,0.8022791813156388,kanan,temporal,6.0,False,0.9921382169669578,18.899576648706276,0.5277407686603244,0.9771270083216412,0.4180552679985511,,2.884023673547837
P23,SEMUA,PRA,10,False,kanal,T6,14.401222615173602,0.3828572455496526,1.0796845703813358,1.3324274965324756,0.9614108607074536,kanan,temporo-posterior,8.0,False,0.9922919540396659,18.899576648706276,-0.22711141586568262,-0.03336183386453073,0.5771869473903659,,2.884023673547837
P23,SEMUA,PRA,10,False,area,frontopolar,16.21170476051251,0.7339072025934568,1.3584431805877033,1.2780249278787847,0.11028873285200269,,frontopolar,10.0,False,0.9923870914521815,,,,,True,2.884023673547837
P23,SEMUA,PRA,10,False,area,frontal,19.230043626083834,0.7151909135447041,1.9229673253228645,0.624745346139477,0.4742421372453123,,frontal,7.0,False,0.9934181618326494,,,,,False,2.884023673547837
P23,SEMUA,PRA,10,False,area,frontotemporal,18.638328610901873,0.5709765824974504,0.9302658240259293,1.4159041455749994,0.35542701087550266,,frontotemporal,9.0,False,0.9886378075701112,,,,,True,2.884023673547837
P23,SEMUA,PRA,10,False,area,sentral,19.166157685577666,0.6792207871728362,0.918178738662439,0.42648935679541244,0.054361006424750946,,sentral,7.0,False,0.9898755736013554,,,,,False,2.884023673547837
P23,SEMUA,PRA,10,False,area,temporal,19.00193961420308,0.764603743355265,2.5169015238890498,2.1672859736960834,0.9483427508605116,,temporal,6.0,False,0.9939036136066421,,,,,True,2.884023673547837
P23,SEMUA,PRA,10,False,area,parietal,18.939527177680006,0.6189949654775564,1.2014778108775355,1.0206074969743635,0.13477274277479956,,parietal,6.0,False,0.993270896895813,,,,,False,2.884023673547837
P23,SEMUA,PRA,10,False,area,temporo-posterior,14.751977650590646,0.38272382688772777,1.6048709589663295,1.8769387838713048,1.1745526980868721,,temporo-posterior,8.0,False,0.9932958999108648,,,,,False,2.884023673547837
P23,SEMUA,PRA,10,False,area,oksipital,21.431853276648646,0.8548273545782936,2.058956765836359,1.9455268039701337,0.564263117114095,,oksipital,6.0,False,0.9904970392967363,,,,,False,2.884023673547837
P23,SEMUA,TURUN,6,False,belahan,kiri,23.22926655553968,0.6542031649109459,2.423454480922825,2.3180393337989726,0.7480255275118001,,,,,,,,,,,2.884023673547837
P23,SEMUA,TURUN,6,False,belahan,kanan,11.39184145698901,0.33636182487324096,2.8345276570969027,2.4603382972658707,0.6913639245099368,,,,,,,,,,,2.884023673547837
P23,SEMUA,TURUN,6,False,kanal,Fp1,11.192295623550457,0.3223220234105244,0.9229195574318325,1.2973789023669542,0.5112152319295091,kiri,frontopolar,6.0,False,0.9642486733363792,23.22926655553968,-1.5005349234909926,-1.0206604314320185,-0.23681029558229094,,2.884023673547837
P23,SEMUA,TURUN,6,False,kanal,F3,27.42469294505081,1.0817309633138756,0.4487472607511902,2.700552403082673,1.1764502033597055,kiri,frontal,5.0,True,0.9708970185792829,23.22926655553968,-1.974707220171635,0.38251306928370044,0.42842467584790545,,2.884023673547837
P23,SEMUA,TURUN,6,False,kanal,C3,23.164465964581808,0.7511146791373349,2.5099716437504664,2.257048334271901,1.1393706017429561,kiri,sentral,5.0,True,0.9783556352004922,23.22926655553968,0.08651716282764133,-0.060990999527071654,0.39134507423115605,,2.884023673547837
P23,SEMUA,TURUN,6,False,kanal,P3,17.475205837496105,0.07872168469230378,0.7138424990200238,1.1396579783244138,0.49608922142357226,kiri,parietal,6.0,False,0.9768032304909327,23.22926655553968,-1.7096119819028013,-1.1783813554745588,-0.2519363060882278,,2.884023673547837
P23,SEMUA,TURUN,6,False,kanal,O1,30.296275913085605,1.3442846423959764,2.639886853674435,2.6505462233267454,0.7604170528845298,kiri,oksipital,6.0,False,0.9464818668652806,23.22926655553968,0.21643237275160976,0.33250688952777274,0.012391525372729695,,2.884023673547837
P23,SEMUA,TURUN,6,False,kanal,F7,21.054433628950875,0.2410302670286102,2.7827666149112016,2.3790303333260443,-0.7446130628361356,kiri,frontotemporal,6.0,False,0.9690385648645994,23.22926655553968,0.35931213398837647,0.060990999527071654,-1.4926385903479358,,2.884023673547837
P23,SEMUA,TURUN,6,False,kanal,T3,26.187078112174234,0.8857337972760839,2.6055729533957543,1.0815053287160818,0.9668812574605333,kiri,temporal,6.0,False,0.9813394012367178,23.22926655553968,0.18211847247292923,-1.2365340050828908,0.21885572994873326,,2.884023673547837
P23,SEMUA,TURUN,6,False,kanal,T5,23.294067146497554,0.5572916506845569,2.336937318095184,3.5509258541276827,0.7356340021390704,kiri,temporo-posterior,6.0,False,0.9737783832605007,23.22926655553968,-0.08651716282764133,1.23288652032871,-0.012391525372729695,,2.884023673547837
P23,SEMUA,TURUN,6,False,kanal,Fp2,15.375617573666268,0.3635742508744817,1.155439269807607,0.5828772918223524,0.8977915847945909,kanan,frontopolar,6.0,False,0.9767796937112494,11.39184145698901,-1.6790883872892957,-1.8774610054435183,0.2064276602846541,,2.884023673547837
P23,SEMUA,TURUN,6,False,kanal,F4,10.054044152766203,0.28937930224974173,4.263382725175491,4.098290019358585,0.8576675926796917,kanan,frontal,6.0,False,0.975073818113023,11.39184145698901,1.4288550680785885,1.6379517220927147,0.16630366816975495,,2.884023673547837
P23,SEMUA,TURUN,6,False,kanal,C4,10.594412759427605,0.4607916973688082,3.6974830924081026,1.8347158894530384,0.3887546483829819,kanan,sentral,6.0,False,0.9728056442025368,11.39184145698901,0.8629554353111999,-0.6256224078128323,-0.3026092761269549,,2.884023673547837
P23,SEMUA,TURUN,6,False,kanal,P4,7.897499408526613,0.20760427204180387,3.4062413813298034,3.866444124537251,-0.26619773395598356,kanan,parietal,6.0,False,0.9849209721686488,11.39184145698901,0.5717137242329007,1.4061058272713804,-0.9575616584659203,,2.884023673547837
P23,SEMUA,TURUN,6,False,kanal,O2,12.957849080600731,0.37687460607461754,3.0024584263611227,-0.6513409562055705,1.7734557501095374,kanan,oksipital,6.0,False,0.9817326675515154,11.39184145698901,0.16793076926422001,-3.1116792534714413,1.0820918255996006,,2.884023673547837
P23,SEMUA,TURUN,6,False,kanal,F8,13.348002595805546,0.32275909259559543,2.666596887832683,2.851452888114572,0.34005149041601745,kanan,frontotemporal,6.0,False,0.9841956198045995,11.39184145698901,-0.16793076926421957,0.3911145908487015,-0.3513124340939193,,2.884023673547837
P23,SEMUA,TURUN,6,False,kanal,T4,12.189270154550414,0.3499645571508865,1.8294819751466207,2.61905466121696,1.2901941439576285,kanan,temporal,6.0,False,0.9864376589739374,11.39184145698901,-1.005045681950282,0.15871636395108935,0.5988302194476918,,2.884023673547837
P23,SEMUA,TURUN,6,False,kanal,T6,8.692189635127008,0.007015463013315459,0.40444554511375397,2.301621933314782,0.5250602563401818,kanan,temporo-posterior,6.0,False,0.9831592679010716,11.39184145698901,-2.4300821119831486,-0.1587163639510889,-0.16630366816975495,,2.884023673547837
P23,SEMUA,TURUN,6,False,area,frontopolar,14.912514060875289,0.47093747899004046,0.6080995747630763,0.5259850987977841,0.6358500216862527,,frontopolar,6.0,False,0.9742719168304877,,,,,True,2.884023673547837
P23,SEMUA,TURUN,6,False,area,frontal,13.99143101495509,0.43703098362037585,2.833905189079253,3.373606811676737,0.5993324878562507,,frontal,6.0,False,0.985817168542523,,,,,False,2.884023673547837
P23,SEMUA,TURUN,6,False,area,frontotemporal,15.973749324018115,0.19728908567025094,3.32327887967612,3.1079908520360653,-0.32335174792192134,,frontotemporal,6.0,False,0.9889064651282171,,,,,True,2.884023673547837
P23,SEMUA,TURUN,6,False,area,sentral,12.27441156538729,0.3828377201997686,3.2312172596563054,2.1962209984761825,0.2983636064859636,,sentral,6.0,False,0.9875646050286493,,,,,False,2.884023673547837
P23,SEMUA,TURUN,6,False,area,temporal,15.726542816000979,0.42239366604124196,2.9876857638100836,3.021801370914776,0.9028702645134525,,temporal,6.0,False,0.9838588243973095,,,,,True,2.884023673547837
P23,SEMUA,TURUN,6,False,area,parietal,8.699201872488977,0.1781401865756682,2.8876433585449184,3.4023031670499964,-0.11519054709891041,,parietal,6.0,False,0.9863884369357869,,,,,False,2.884023673547837
P23,SEMUA,TURUN,6,False,area,temporo-posterior,13.996557092606352,0.1537135427573435,1.2613343120978087,3.015112528775424,0.6454642028867598,,temporo-posterior,6.0,False,0.9827904264713953,,,,,False,2.884023673547837
P23,SEMUA,TURUN,6,False,area,oksipital,18.02917770727818,0.5702879327422263,2.3816928112758133,0.9697263100957181,0.7171933961909869,,oksipital,6.0,False,0.9902655005592619,,,,,False,2.884023673547837
P23,SEMUA,TAHAN,5,False,belahan,kiri,14.701017420647279,0.7392118778742702,-1.1329390991379376,2.293101870085456,0.6774502641427372,,,,,,,,,,,2.884023673547837
P23,SEMUA,TAHAN,5,False,belahan,kanan,7.539768438100808,0.428527762118856,0.6431497732633181,4.007323701207066,0.40529068874844115,,,,,,,,,,,2.884023673547837
P23,SEMUA,TAHAN,5,False,kanal,Fp1,14.463175568244289,1.0883217845990514,-1.322097098287401,0.34901337987384995,-0.2868689746032078,kiri,frontopolar,5.0,True,0.970546966423118,14.701017420647279,-0.1891579991494634,-1.9440884902116062,-0.964319238745945,,2.884023673547837
P23,SEMUA,TAHAN,5,False,kanal,F3,15.919351950083207,0.7529105075884481,-1.924313253303576,2.4820246109848707,1.1930195437572366,kiri,frontal,4.0,True,0.9533211311694454,14.701017420647279,-0.7913741541656385,0.18892274089941452,0.5155692796144994,,2.884023673547837
P23,SEMUA,TAHAN,5,False,kanal,C3,15.495077756788334,0.9278974383513676,-0.9437810999884741,2.6794190757248133,1.0634284621346435,kiri,sentral,4.0,True,0.9737201181429926,14.701017420647279,0.1891579991494634,0.3863172056393571,0.38597819799190625,,2.884023673547837
P23,SEMUA,TAHAN,5,False,kanal,P3,8.660405495345202,0.20788128496916114,-0.4962671852138515,1.1241518240378452,0.5618457003003738,kiri,parietal,4.0,True,0.9824603297710337,14.701017420647279,0.6366719139240861,-1.168950046047611,-0.1156045638423634,,2.884023673547837
P23,SEMUA,TAHAN,5,False,kanal,O1,19.302297160237085,1.1427111947531214,-0.9198543941795507,3.871945762410114,0.7035913517054058,kiri,oksipital,4.0,True,0.9367783677461512,14.701017420647279,0.21308470495838683,1.5788438923246577,0.02614108756266853,,2.884023673547837
P23,SEMUA,TAHAN,5,False,kanal,F7,11.1201720040726,0.09935949099911956,-1.608097925684518,2.104179129186042,0.44523546799083935,kiri,frontotemporal,4.0,True,0.9318708858386774,14.701017420647279,-0.4751588265465805,-0.18892274089941408,-0.23221479615189788,,2.884023673547837
P23,SEMUA,TAHAN,5,False,kanal,T3,14.93885927305027,0.7255132481600923,-2.642371830585994,0.40408212231703455,0.9354099822314993,kiri,temporal,4.0,True,0.9473246880376273,14.701017420647279,-1.5094327314480565,-1.8890197477684216,0.25795971808876206,,2.884023673547837
P23,SEMUA,TAHAN,5,False,kanal,T5,10.59574558861059,0.4106076821739968,-0.2221333101392281,2.5628837241665363,0.6513091765800687,kiri,temporo-posterior,5.0,True,0.9842053621871404,14.701017420647279,0.9108057889987095,0.26978185408108013,-0.02614108756266853,,2.884023673547837
P23,SEMUA,TAHAN,5,False,kanal,Fp2,13.077276210093515,0.8741622589243379,0.08069710415775588,2.5282963082263636,0.14679929910215572,kanan,frontopolar,4.0,True,0.9764855172135324,7.539768438100808,-0.5624526691055622,-1.4790273929807025,-0.25849138964628543,,2.884023673547837
P23,SEMUA,TAHAN,5,False,kanal,F4,8.463216493169583,0.4408418476654663,0.7889114826226179,5.191608135885774,0.04966173850260658,kanan,frontal,4.0,True,0.9215749950829915,7.539768438100808,0.14576170935929977,1.184284434678708,-0.3556289502458346,,2.884023673547837
P23,SEMUA,TAHAN,5,False,kanal,C4,7.633822268969425,0.5089949491472745,0.4567133208955215,3.8733026348540935,0.3927663382284511,kanan,sentral,4.0,True,0.961781526301458,7.539768438100808,-0.1864364523677966,-0.13402106635297262,-0.012524350519990068,,2.884023673547837
P23,SEMUA,TAHAN,5,False,kanal,P4,5.050995641333905,0.33982750188838295,1.800583205265207,4.026229242314896,0.6085855178091278,kanan,parietal,4.0,True,0.9736979336333818,7.539768438100808,1.157433432001889,0.018905541107829826,0.2032948290606867,,2.884023673547837
P23,SEMUA,TAHAN,5,False,kanal,O2,14.657027282896493,1.0325489860337667,2.147928106689915,4.488981830776368,0.4843108718228587,kanan,oksipital,4.0,True,0.9796522200165008,7.539768438100808,1.504778333426597,0.48165812956930143,0.07902018307441755,,2.884023673547837
P23,SEMUA,TAHAN,5,False,kanal,F8,7.4457146072321905,0.316750883060992,-0.26404810414064284,4.245805647628647,0.4178150392684312,kanan,frontotemporal,4.0,True,0.9806321537939884,7.539768438100808,-0.907197877403961,0.23848194642158127,0.012524350519990068,,2.884023673547837
P23,SEMUA,TAHAN,5,False,kanal,T4,4.209409245615689,0.12640094828502613,1.5773172955978114,3.9884181600992368,-0.07162986101617635,kanan,temporal,4.0,True,0.9741480621012489,7.539768438100808,0.9341675223344933,-0.018905541107829382,-0.4769205497646175,,2.884023673547837
P23,SEMUA,TAHAN,5,False,kanal,T6,7.323715153776831,0.4162136765722457,0.49738806390401835,3.9025701381703994,1.1579115730413416,kanan,temporo-posterior,5.0,True,0.9678393990317746,7.539768438100808,-0.14576170935929977,-0.10475356303666672,0.7526208842929005,,2.884023673547837
P23,SEMUA,TAHAN,5,False,area,frontopolar,13.029250358314265,0.9137490766064567,-0.715506351324578,1.465533963755437,-0.039400778170736284,,frontopolar,5.0,True,0.9826119269109663,,,,,True,2.884023673547837
P23,SEMUA,TAHAN,5,False,area,frontal,10.813025400573821,0.5105403944187716,0.3357381413930832,4.817947540827314,0.1301482327053165,,frontal,5.0,True,0.9266867626921856,,,,,False,2.884023673547837
P23,SEMUA,TAHAN,5,False,area,frontotemporal,7.189212947292759,0.046512451092266094,-0.5329949734491268,3.1914746399704557,0.1172176120617413,,frontotemporal,4.0,True,0.9677741712620123,,,,,True,2.884023673547837
P23,SEMUA,TAHAN,5,False,area,sentral,9.465631029451842,0.562747405812198,0.10540121811441983,3.8523774843142897,0.5902100664109469,,sentral,5.0,True,0.9642870256135884,,,,,False,2.884023673547837
P23,SEMUA,TAHAN,5,False,area,temporal,8.976747411207995,0.4313508848782568,0.046512757739979316,3.2929625312146094,0.4478436214760378,,temporal,5.0,True,0.9739629816602566,,,,,True,2.884023673547837
P23,SEMUA,TAHAN,5,False,area,parietal,5.120684829368379,0.32396928800169,1.6995504761212605,3.869610356828474,0.5851977653172343,,parietal,4.0,True,0.9758910908611649,,,,,False,2.884023673547837
P23,SEMUA,TAHAN,5,False,area,temporo-posterior,7.404508362670015,0.3372729785762154,0.27596123942143447,3.589915448233812,1.0520492747866106,,temporo-posterior,5.0,True,0.9810240273824795,,,,,False,2.884023673547837
P23,SEMUA,TAHAN,5,False,area,oksipital,17.039972485401428,1.1047328704012966,1.2673839480148135,4.125779173493374,0.6223572688257488,,oksipital,5.0,True,0.9840303280332411,,,,,False,2.884023673547837
P23,SEMUA,NAIK,7,False,belahan,kiri,16.697457955759095,0.5420548837290583,0.9302995862516875,1.2686339968897762,1.001682719238121,,,,,,,,,,,2.884023673547837
P23,SEMUA,NAIK,7,False,belahan,kanan,12.575894339766101,0.4584848621758174,0.13811955839501344,1.8717338996465591,0.5856806932818052,,,,,,,,,,,2.884023673547837
P23,SEMUA,NAIK,7,False,kanal,Fp1,15.63425160957275,0.9815372112612466,-0.504381025724956,0.3532959628860226,0.4587777587161116,kiri,frontopolar,7.0,False,0.9920206930594857,16.697457955759095,-1.4346806119766435,-0.9153380340037536,-0.5429049605220094,,2.884023673547837
P23,SEMUA,NAIK,7,False,kanal,F3,18.056916934643223,0.5642281809138088,2.03344361663813,1.1810641084137845,1.7746366519709,kiri,frontal,4.0,True,0.9739722804887403,16.697457955759095,1.1031440303864426,-0.08756988847599168,0.772953932732779,,2.884023673547837
P23,SEMUA,NAIK,7,False,kanal,C3,12.959225401405128,0.3391341451811387,-0.16826280793983545,1.3562038853657679,1.7110938787000924,kiri,sentral,4.0,True,0.9597242141816583,16.697457955759095,-1.098562394191523,0.08756988847599168,0.7094111594619714,,2.884023673547837
P23,SEMUA,NAIK,7,False,kanal,P3,13.296515909485748,0.11954970354396033,3.591331437598165,3.129712702585498,0.26593059398151286,kiri,parietal,3.0,True,0.9844765993510932,16.697457955759095,2.6610318513464777,1.8610787056957216,-0.7357521252566082,,2.884023673547837
P23,SEMUA,NAIK,7,False,kanal,O1,27.093140177628566,1.3753580056708112,1.9965678442897483,1.845531495793796,1.055887173173271,kiri,oksipital,5.0,True,0.9875275225261828,16.697457955759095,1.0662682580380607,0.5768974989040199,0.054204453935150054,,2.884023673547837
P23,SEMUA,NAIK,7,False,kanal,F7,17.76066430194544,0.5198815865443078,-0.003936451319586087,1.8595721765691589,0.6197286541966461,kiri,frontotemporal,5.0,True,0.9885384593116373,16.697457955759095,-0.9342360375712736,0.5909381796793827,-0.3819540650414749,,2.884023673547837
P23,SEMUA,NAIK,7,False,kanal,T3,21.378993869240006,0.6940863404721171,-0.18659431898443124,-2.9179835467540056,0.9474782653029711,kiri,temporal,4.0,True,0.9942140503087893,16.697457955759095,-1.1168939052361186,-4.186617543643782,-0.05420445393514994,,2.884023673547837
P23,SEMUA,NAIK,7,False,kanal,T5,14.657844562642438,0.3223268243965225,1.8645356238229611,0.5766608062876628,1.1371995455199146,kiri,temporo-posterior,6.0,False,0.9885450927069301,16.697457955759095,0.9342360375712736,-0.6919731906021134,0.13551682628179362,,2.884023673547837
P23,SEMUA,NAIK,7,False,kanal,Fp2,15.527261466061724,0.7243711748806227,1.6004682301151913,3.6403633705816656,0.9236599971866822,kanan,frontopolar,5.0,True,0.9642222870370923,12.575894339766101,1.462348671720178,1.7686294709351065,0.33797930390487707,,2.884023673547837
P23,SEMUA,NAIK,7,False,kanal,F4,12.844726320495013,0.35548905508419826,-0.06212517569206155,0.3746558636798407,0.19378793550800577,kanan,frontal,5.0,True,0.9930779573774569,12.575894339766101,-0.200244734087075,-1.4970780359667184,-0.3918927577737994,,2.884023673547837
P23,SEMUA,NAIK,7,False,kanal,C4,11.943631437009124,0.46171459035215423,0.408474676040928,2.5346213516752023,0.3724312139550007,kanan,sentral,5.0,True,0.9930098944709214,12.575894339766101,0.2703551176459146,0.6628874520286432,-0.2132494793268045,,2.884023673547837
P23,SEMUA,NAIK,7,False,kanal,P4,9.368529567209023,0.25447948312000057,0.20066798377589623,1.6020589592172803,0.6210145280163973,kanan,parietal,6.0,False,0.9837855821853879,12.575894339766101,0.06254842538088279,-0.26967494042927886,0.03533383473459217,,2.884023673547837
P23,SEMUA,NAIK,7,False,kanal,O2,13.329884983103788,0.5501120300802234,2.244330827929696,5.399647332816608,1.2039491052372684,kanan,oksipital,6.0,False,0.9832225434069458,12.575894339766101,2.1062112695346826,3.527913433170049,0.6182684119554632,,2.884023673547837
P23,SEMUA,NAIK,7,False,kanal,F8,14.615070106817761,0.501570595446015,-0.0861608723619911,0.8204807656429134,0.44490061796008806,kanan,frontotemporal,5.0,True,0.983241380182968,12.575894339766101,-0.22428043075700455,-1.0512531340036457,-0.1407800753217171,,2.884023673547837
P23,SEMUA,NAIK,7,False,kanal,T4,12.30706235903719,0.4552551339994806,0.07557113301413065,2.008642104448129,0.550346858547213,kanan,temporal,5.0,True,0.9834259743540558,12.575894339766101,-0.06254842538088279,0.13690820480156973,-0.03533383473459217,,2.884023673547837
P23,SEMUA,NAIK,7,False,kanal,T6,6.866014833485934,-0.19101197460273478,-0.06840118736192669,1.7348256948449894,0.7271165574975713,kanan,temporo-posterior,6.0,False,0.9924936173776094,12.575894339766101,-0.20652074575694013,-0.13690820480156973,0.14143586421576615,,2.884023673547837
P23,SEMUA,NAIK,7,False,area,frontopolar,15.169740730328279,0.8204285269322797,0.11801502737993241,1.6521227516651797,0.32977426454408,,frontopolar,7.0,False,0.9809948512986099,,,,,True,2.884023673547837
P23,SEMUA,NAIK,7,False,area,frontal,13.505539487234579,0.32700123955421767,0.25212473428411375,0.24050058803032792,0.43761399389467415,,frontal,6.0,False,0.9926443216932402,,,,,False,2.884023673547837
P23,SEMUA,NAIK,7,False,area,frontotemporal,15.538079585562429,0.4919201650384155,0.05020701141688011,1.3273193199484723,0.4412725632676503,,frontotemporal,5.0,True,0.9947389901762521,,,,,True,2.884023673547837
P23,SEMUA,NAIK,7,False,area,sentral,13.160097329673974,0.4491259693995844,-0.3034503471147165,1.6689525564512495,0.35381048380353175,,sentral,6.0,False,0.9885699929190171,,,,,False,2.884023673547837
P23,SEMUA,NAIK,7,False,area,temporal,13.66626720100217,0.38552880112446,-0.3498843441299859,0.2538527358317455,0.4725106858912434,,temporal,6.0,False,0.9918280484443062,,,,,True,2.884023673547837
P23,SEMUA,NAIK,7,False,area,parietal,11.392131748740063,0.31413023756931446,-0.1419113921395998,1.154529862823293,0.6422139723014822,,parietal,6.0,False,0.9893942905347474,,,,,False,2.884023673547837
P23,SEMUA,NAIK,7,False,area,temporo-posterior,8.058258297861272,-0.08029022123346885,0.6353443104100255,1.526660428445474,0.9317725595757657,,temporo-posterior,7.0,False,0.9915763002713067,,,,,False,2.884023673547837
P23,SEMUA,NAIK,7,False,area,oksipital,16.649548046499604,0.7393860302668802,1.8698942360364823,4.279355044846591,1.1917504947887125,,oksipital,6.0,False,0.9945646279329043,,,,,False,2.884023673547837
P23,SEMUA,POST,7,False,belahan,kiri,19.050344166128593,0.5006165628717625,2.985659711007296,2.2555908752955744,1.1146885186054538,,,,,,,,,,,2.884023673547837
P23,SEMUA,POST,7,False,belahan,kanan,9.657047091376612,-0.019702793119616202,1.1122513820217894,1.1917010508131394,0.8524860631263855,,,,,,,,,,,2.884023673547837
P23,SEMUA,POST,7,False,kanal,Fp1,13.596430910279508,0.6535616430671867,-0.09428181061137253,-0.18463747356842886,-0.13297863141532046,kiri,frontopolar,7.0,False,0.979158219459432,19.050344166128593,-3.079941521618669,-2.4402283488640033,-1.2476671500207743,,2.884023673547837
P23,SEMUA,POST,7,False,kanal,F3,22.90143617655841,0.5526655601414534,0.8348498569824383,0.32276463847864645,1.2565038247725093,kiri,frontal,3.0,True,0.9698255987729725,19.050344166128593,-2.1508098540248577,-1.932826236816928,0.1418153061670555,,2.884023673547837
P23,SEMUA,POST,7,False,kanal,C3,22.96040490865171,0.7596010490090668,1.635921846229674,2.299806805316707,1.7502232167598837,kiri,sentral,3.0,True,0.9761670080527433,19.050344166128593,-1.3497378647776221,0.044215930021132444,0.6355346981544299,,2.884023673547837
P23,SEMUA,POST,7,False,kanal,P3,12.296307411875787,-0.18646160995622996,3.43932627235212,2.9221007562424983,-0.137756457136824,kiri,parietal,3.0,True,0.9254980734265411,19.050344166128593,0.45366656134482364,0.6665098809469239,-1.2524449757422778,,2.884023673547837
P23,SEMUA,POST,7,False,kanal,O1,25.21527435496284,0.9029784795855721,4.424706165563256,3.967939610032725,1.6765244652603413,kiri,oksipital,3.0,True,0.9330950304481359,19.050344166128593,1.4390464545559598,1.7123487347371507,0.5618359466548875,,2.884023673547837
P23,SEMUA,POST,7,False,kanal,F7,18.58056177858662,0.44856756560207156,2.5319931496624726,2.211374945274442,1.2144248422509842,kiri,frontotemporal,5.0,True,0.9779333964451222,19.050344166128593,-0.45366656134482364,-0.044215930021132444,0.09973632364553042,,2.884023673547837
P23,SEMUA,POST,7,False,kanal,T3,19.520126553670565,0.3906290141036781,4.233758407231475,2.6684880275842264,0.9935693646730867,kiri,temporal,4.0,True,0.9818610405271796,19.050344166128593,1.248098696224179,0.412897152288652,-0.12111915393236716,,2.884023673547837
P23,SEMUA,POST,7,False,kanal,T5,15.085684519012986,0.11117962701585005,4.86440737519023,1.9725792150259478,1.0149521949599232,kiri,temporo-posterior,4.0,True,0.9727825930563997,19.050344166128593,1.8787476641829337,-0.28301166026962665,-0.09973632364553064,,2.884023673547837
P23,SEMUA,POST,7,False,kanal,Fp2,13.073622365901194,0.24243234850989026,0.0509721616540576,1.8009478914249528,0.35560280463918825,kanan,frontopolar,5.0,True,0.9694282875642009,9.657047091376612,-1.061279220367732,0.6092468406118134,-0.4968832584871973,,2.884023673547837
P23,SEMUA,POST,7,False,kanal,F4,10.860446480184201,-0.023993889386562328,1.361573105129481,0.8008293462493694,0.41213734418843107,kanan,frontal,5.0,True,0.9844227273527628,9.657047091376612,0.24932172310769163,-0.39087170456376996,-0.44034871893795446,,2.884023673547837
P23,SEMUA,POST,7,False,kanal,C4,10.778710525476747,0.08575717793973281,1.434033433879986,0.6443950250891999,0.9910433636281092,kanan,sentral,5.0,True,0.9733235375702388,9.657047091376612,0.32178205185819664,-0.5473060257239395,0.13855730050172366,,2.884023673547837
P23,SEMUA,POST,7,False,kanal,P4,9.4915250626307,-0.015411696852670076,0.8629296589140977,1.9919075379491828,1.253976920638162,kanan,parietal,5.0,True,0.9755280318464228,9.657047091376612,-0.24932172310769174,0.8002064871360435,0.4014908575117764,,2.884023673547837
P23,SEMUA,POST,7,False,kanal,O2,8.591880570297384,-0.1702006416282138,1.5546143890060762,0.8528716395408451,1.1327783362787396,kanan,oksipital,4.0,True,0.9694908758834219,9.657047091376612,0.44236300698428677,-0.33882941127229427,0.28029227315235405,,2.884023673547837
P23,SEMUA,POST,7,False,kanal,F8,9.822569120122523,-0.004579646910819246,0.18690390610391017,1.9485563720078654,0.713928762624662,kanan,frontotemporal,5.0,True,0.9789725616212532,9.657047091376612,-0.9253474759178792,0.756855321194726,-0.13855730050172355,,2.884023673547837
P23,SEMUA,POST,7,False,kanal,T4,6.840726918883902,-0.23975779568891187,1.5213699540478403,0.6472398955266079,0.033114234540296716,kanan,temporal,5.0,True,0.9851379522139674,9.657047091376612,0.40911857202605084,-0.5444611552865315,-0.8193718285860888,,2.884023673547837
P23,SEMUA,POST,7,False,kanal,T6,3.0723245672584625,-0.6044948955906448,0.4179116755002249,1.5305304620854336,1.218856896181476,kanan,temporo-posterior,5.0,True,0.9576700595841112,9.657047091376612,-0.6943397065215645,0.33882941127229427,0.36637083305509055,,2.884023673547837
P23,SEMUA,POST,7,False,area,frontopolar,11.86513202437181,0.3970429294460027,0.38251461548043764,1.0799584057743012,0.0793585050204042,,frontopolar,7.0,False,0.9911990276434324,,,,,True,2.884023673547837
P23,SEMUA,POST,7,False,area,frontal,12.916052259332169,0.0038764086967977285,1.035874025052677,0.49974982136267343,0.42236461624606103,,frontal,5.0,True,0.9808345278431904,,,,,False,2.884023673547837
P23,SEMUA,POST,7,False,area,frontotemporal,13.598210977098773,0.19493694109031745,1.7291133009217812,2.0344717764002476,0.8096808021254839,,frontotemporal,5.0,True,0.9879242867103053,,,,,True,2.884023673547837
P23,SEMUA,POST,7,False,area,sentral,12.771170484910257,0.12493117168064072,1.3040656068987917,0.7327252898152974,0.8325475165467171,,sentral,5.0,True,0.9774819223360118,,,,,False,2.884023673547837
P23,SEMUA,POST,7,False,area,temporal,10.613707974207344,-0.03660656533710438,3.110031030567714,2.389073965273349,0.2629564566237649,,temporal,5.0,True,0.989917680269606,,,,,True,2.884023673547837
P23,SEMUA,POST,7,False,area,parietal,9.863396232800106,-0.0861980372859168,0.9118751415063503,1.996170727445159,1.151166207717551,,parietal,5.0,True,0.9753693729415465,,,,,False,2.884023673547837
P23,SEMUA,POST,7,False,area,temporo-posterior,6.648527567347742,-0.376795683616594,2.3529919839192566,1.572770803413932,1.194633461342483,,temporo-posterior,5.0,True,0.9742039946427814,,,,,False,2.884023673547837
P23,SEMUA,POST,7,False,area,oksipital,14.939369634940192,0.18474429612941012,2.0164467543228155,1.2813222330711644,0.905494996233656,,oksipital,4.0,True,0.9704234058829265,,,,,False,2.884023673547837
P23,AGEM KANAN,PRA,4,False,belahan,kiri,17.21405875814785,0.41016671384901326,3.271598355325772,2.040639552522153,0.9188771384126475,,,,,,,,,,,2.884023673547837
P23,AGEM KANAN,PRA,4,False,belahan,kanan,21.16906760733168,0.7782770776277624,1.5563697309912796,1.1618317308473245,0.7650428273337467,,,,,,,,,,,2.884023673547837
P23,AGEM KANAN,PRA,4,False,kanal,Fp1,15.874837590969598,0.6286392696045844,2.142438492950902,1.6307219098712205,-0.14067594942392242,kiri,frontopolar,4.0,False,0.9556334370409391,17.21405875814785,-1.1291598623748698,-0.40991764265093256,-1.05955308783657,,2.884023673547837
P23,AGEM KANAN,PRA,4,False,kanal,F3,16.71446686594518,0.40349641448579376,3.580022035702542,1.4197595762675561,2.329954147939731,kiri,frontal,3.0,False,0.9687225999700253,17.21405875814785,0.3084236803767699,-0.6208799762545969,1.4110770095270835,,2.884023673547837
P23,AGEM KANAN,PRA,4,False,kanal,C3,16.77246691504019,0.41683701321223277,6.0524937987549485,4.522352609041709,0.3460552074689742,kiri,sentral,3.0,False,0.954745595749111,17.21405875814785,2.7808954434291766,2.481713056519556,-0.5728219309436733,,2.884023673547837
P23,AGEM KANAN,PRA,4,False,kanal,P3,17.651870513552055,0.25522680973294953,2.963174674949002,2.4505571951730856,1.1001218373732504,kiri,parietal,3.0,False,0.9387468060295345,17.21405875814785,-0.3084236803767699,0.40991764265093256,0.1812446989606029,,2.884023673547837
P23,AGEM KANAN,PRA,4,False,kanal,O1,23.968676847543133,1.1001725670360396,7.063288833186935,5.390969686121404,1.6435758619365457,kiri,oksipital,3.0,False,0.9775517530926764,17.21405875814785,3.7916904778611626,3.3503301335992512,0.7246987235238982,,2.884023673547837
P23,AGEM KANAN,PRA,4,False,kanal,F7,18.71745915061824,0.30631557340494986,1.8478076148651104,0.8011789762761974,0.7376324394520447,kiri,frontotemporal,4.0,False,0.962224688749986,17.21405875814785,-1.4237907404606616,-1.2394605762459556,-0.1812446989606028,,2.884023673547837
P23,AGEM KANAN,PRA,4,False,kanal,T3,21.92497852953818,0.6321876827719792,3.7251400743212026,-0.08920920488109374,0.6580696348072063,kiri,temporal,3.0,False,0.9797271227466364,17.21405875814785,0.4535417189954307,-2.1298487574032468,-0.26080750360544125,,2.884023673547837
P23,AGEM KANAN,PRA,4,False,kanal,T5,16.776247002743645,0.3879694555501634,2.2590266713544773,4.121634185748229,1.7451097184667064,kiri,temporo-posterior,3.0,False,0.9672143967010391,17.21405875814785,-1.0125716839712946,2.0809946332260756,0.8262325800540589,,2.884023673547837
P23,AGEM KANAN,PRA,4,False,kanal,Fp2,19.971499776649914,0.7793676585764138,1.997510679863298,1.384234954792107,0.20942485415135248,kanan,frontopolar,4.0,False,0.9892895672769119,21.16906760733168,0.4411409488720184,0.2224032239447824,-0.5556179731823943,,2.884023673547837
P23,AGEM KANAN,PRA,4,False,kanal,F4,21.474180590304286,0.7963287647698152,2.835053844395113,0.9068588999300999,0.6507889156420013,kanan,frontal,3.0,False,0.9874153715637926,21.16906760733168,1.2786841134038336,-0.25497283091722456,-0.11425391169174548,,2.884023673547837
P23,AGEM KANAN,PRA,4,False,kanal,C4,21.688397336173423,0.7629708105461563,0.9838262873047965,0.14041607611750395,0.7967443062360163,kanan,sentral,3.0,False,0.9796786428976836,21.16906760733168,-0.5725434436864831,-1.0214156547298205,0.0317014789022696,,2.884023673547837
P23,AGEM KANAN,PRA,4,False,kanal,P4,20.431380631787036,0.5992373860598017,1.5960363747769999,1.271924961236583,0.1205602257834304,kanan,parietal,3.0,False,0.9854671122327698,21.16906760733168,0.03966664378572027,0.11009323038925856,-0.6444826015503163,,2.884023673547837
P23,AGEM KANAN,PRA,4,False,kanal,O2,22.79978817612662,0.8412095736290326,1.5167030872055594,1.051738500458066,0.9434864310850563,kanan,oksipital,3.0,False,0.9848183687938016,21.16906760733168,-0.03966664378572027,-0.11009323038925856,0.17844360375130952,,2.884023673547837
P23,AGEM KANAN,PRA,4,False,kanal,F8,21.030605757656225,0.7771864966791111,1.1818061675203584,2.0166830434839054,0.7771244149009813,kanan,frontotemporal,4.0,False,0.9820016485991696,21.16906760733168,-0.37456356347092123,0.8548513126365809,0.012081587567234542,,2.884023673547837
P23,AGEM KANAN,PRA,4,False,kanal,T4,21.307529457007135,0.8482379423566009,1.84048908125474,2.706390194315729,0.9253039900169474,kanan,temporal,3.0,False,0.9878492361060065,21.16906760733168,0.28411935026346047,1.5445584634684046,0.16026116268320068,,2.884023673547837
P23,AGEM KANAN,PRA,4,False,kanal,T6,16.185326451406034,0.42751619427196497,1.1360595230579777,0.15890758214171052,0.7529612397665122,kanan,temporo-posterior,4.0,False,0.9855773330194416,21.16906760733168,-0.42031020793330187,-1.002924148705614,-0.012081587567234542,,2.884023673547837
P23,AGEM KANAN,PRA,4,False,area,frontopolar,18.562942119529936,0.7795002818100782,2.1257717759674697,1.5367698379433716,0.26274776075896566,,frontopolar,4.0,False,0.9891173372500084,,,,,True,2.884023673547837
P23,AGEM KANAN,PRA,4,False,area,frontal,21.676565116644937,0.7974631930057461,2.6270018441882415,0.7488771644177996,0.7889564219185017,,frontal,3.0,False,0.9888323892742029,,,,,False,2.884023673547837
P23,AGEM KANAN,PRA,4,False,area,frontotemporal,20.99196921053864,0.6556352081818198,1.1480323500107033,1.305702923274481,0.6274416971008153,,frontotemporal,4.0,False,0.9825206561062069,,,,,True,2.884023673547837
P23,AGEM KANAN,PRA,4,False,area,sentral,21.26860299106773,0.7306476820686671,1.4560982880235391,0.7148096255944321,0.7720282769566367,,sentral,3.0,False,0.9894903341676013,,,,,False,2.884023673547837
P23,AGEM KANAN,PRA,4,False,area,temporal,21.106689794910807,0.7788658068389207,2.6365673989186185,2.4630908671262093,1.0213451837842142,,temporal,3.0,False,0.9903519526236204,,,,,True,2.884023673547837
P23,AGEM KANAN,PRA,4,False,area,parietal,20.47653306252343,0.5972279635535358,1.5769760123869694,1.2722186581119774,0.156491288788011,,parietal,3.0,False,0.9868971998133816,,,,,False,2.884023673547837
P23,AGEM KANAN,PRA,4,False,area,temporo-posterior,16.43957851845545,0.4095935580516652,1.6285328822154375,1.1278277291747618,1.0394852222349287,,temporo-posterior,4.0,False,0.9900690673806133,,,,,False,2.884023673547837
P23,AGEM KANAN,PRA,4,False,area,oksipital,23.127279068007944,0.8995999430469408,2.577852860417404,1.973393409626894,1.1579390771673337,,oksipital,3.0,False,0.9907095284016368,,,,,False,2.884023673547837
P23,AGEM KANAN,TURUN,2,False,belahan,kiri,24.935185314772802,0.6131973481380955,2.6583815469459275,1.5205639364046535,1.6608144037151589,,,,,,,,,,,2.884023673547837
P23,AGEM KANAN,TURUN,2,False,belahan,kanan,6.775575450780888,0.11300372037028183,3.883354249216598,3.805425833016619,1.1328451062096607,,,,,,,,,,,2.884023673547837
P23,AGEM KANAN,TURUN,2,False,kanal,Fp1,6.5921888075386335,-0.17943120839854998,2.813400945684943,1.609198563066223,0.07655288040080854,kiri,frontopolar,2.0,True,0.8046506704761255,24.935185314772802,0.15501939873901538,0.08863462666156963,-1.5842615233143502,,2.884023673547837
P23,AGEM KANAN,TURUN,2,False,kanal,F3,,,,,,kiri,frontal,1.0,True,,24.935185314772802,,,,,2.884023673547837
P23,AGEM KANAN,TURUN,2,False,kanal,C3,,,,,,kiri,sentral,1.0,True,,24.935185314772802,,,,,2.884023673547837
P23,AGEM KANAN,TURUN,2,False,kanal,P3,17.18173655614339,-0.061368730163519736,-0.535690777970472,1.2052444389572374,1.915492243623674,kiri,parietal,2.0,True,0.8935191016930638,24.935185314772802,-3.1940723249164,-0.31531949744741605,0.2546778399085152,,2.884023673547837
P23,AGEM KANAN,TURUN,2,False,kanal,O1,30.4013548233689,1.3210028049859144,3.497661102494982,2.129844403712311,2.107772512009265,kiri,oksipital,2.0,True,0.8448785554496417,24.935185314772802,0.8392795555490546,0.6092804673076575,0.4469581082941061,,2.884023673547837
P23,AGEM KANAN,TURUN,2,False,kanal,F7,29.16835148132167,0.8929796841670583,0.4126739904687051,0.5743015368700664,0.7524625119843708,kiri,frontotemporal,2.0,True,0.943371932780555,24.935185314772802,-2.2457075564772224,-0.9462623995345871,-0.9083518917307881,,2.884023673547837
P23,AGEM KANAN,TURUN,2,False,kanal,T3,27.958687625474695,0.8894587460906356,2.503362148206912,1.4319293097430839,1.483912696312449,kiri,temporal,2.0,True,0.9734639247349756,24.935185314772802,-0.15501939873901538,-0.08863462666156963,-0.17690170740270994,,2.884023673547837
P23,AGEM KANAN,TURUN,2,False,kanal,T5,21.91168300407091,0.33693595018555533,3.0788639038166945,4.50790003949352,1.8377161111178686,kiri,temporo-posterior,2.0,True,0.9513495958358413,24.935185314772802,0.42048235687076696,2.9873361030888663,0.17690170740270972,,2.884023673547837
P23,AGEM KANAN,TURUN,2,False,kanal,Fp2,13.445915662096333,0.1373825137383653,2.6788971359954,1.6502078240176856,1.259138543083878,kanan,frontopolar,2.0,True,0.9760074891506282,6.775575450780888,-1.2044571132211983,-2.1552180089989332,0.12629343687421724,,2.884023673547837
P23,AGEM KANAN,TURUN,2,False,kanal,F4,6.218765167629243,-0.02315389256142031,4.032683248568355,4.026424439449593,1.0065516693354433,kanan,frontal,2.0,True,0.8725600114494559,6.775575450780888,0.1493289993517566,0.22099860643297387,-0.12629343687421746,,2.884023673547837
P23,AGEM KANAN,TURUN,2,False,kanal,C4,6.835633038649469,0.15408722089362703,3.9057534692918923,3.584427226583645,0.795694767699327,kanan,sentral,2.0,True,0.9395529393405352,6.775575450780888,0.022399220075294046,-0.22099860643297387,-0.3371503385103337,,2.884023673547837
P23,AGEM KANAN,TURUN,2,False,kanal,P4,2.765703789998767,-0.11755704568274683,2.8609171307528247,4.810959373491741,0.2591966915746291,kanan,parietal,2.0,True,0.9739593584937971,6.775575450780888,-1.0224371184637735,1.0055335404751222,-0.8736484146350316,,2.884023673547837
P23,AGEM KANAN,TURUN,2,False,kanal,O2,2.948765707863892,-0.3212094093549489,4.54783837037736,-0.15650743269916045,2.995801506025403,kanan,oksipital,2.0,True,0.9009975193222982,6.775575450780888,0.6644841211607622,-3.9619332657157793,1.8629563998157423,,2.884023673547837
P23,AGEM KANAN,TURUN,2,False,kanal,F8,13.972321376476799,0.37544157867621997,4.457565795894349,5.280358564883257,0.3577799437569005,kanan,frontotemporal,2.0,True,0.9461500253751396,6.775575450780888,0.5742115466777511,1.4749327318666383,-0.7750651624527602,,2.884023673547837
P23,AGEM KANAN,TURUN,2,False,kanal,T4,6.715517862912307,0.16768061198162076,3.8609550291413046,7.128411474307477,4.303172011489731,kanan,temporal,2.0,True,0.8983013329117385,6.775575450780888,-0.022399220075293602,3.322985641290858,3.17032690528007,,2.884023673547837
P23,AGEM KANAN,TURUN,2,False,kanal,T6,9.087037236766825,0.08862492700219837,-0.25654889021453686,2.0067393096851207,1.5269251670280082,kanan,temporo-posterior,2.0,True,0.9884758005342638,6.775575450780888,-4.139903139431135,-1.7986865233314981,0.39408006081834746,,2.884023673547837
P23,AGEM KANAN,TURUN,2,False,area,frontopolar,12.326685054134082,0.18033391909869367,2.2454027947744852,1.5041700588558218,0.956382048072511,,frontopolar,2.0,True,0.9505150471034026,,,,,True,2.884023673547837
P23,AGEM KANAN,TURUN,2,False,area,frontal,14.406278499098967,0.37675047184168653,2.0221780260331177,2.594043969446621,0.8012404816143064,,frontal,2.0,True,0.9365276837824478,,,,,False,2.884023673547837
P23,AGEM KANAN,TURUN,2,False,area,frontotemporal,21.954786652606856,0.6735684892641449,2.2251383720958233,3.0384733024529624,0.7167032974028035,,frontotemporal,2.0,True,0.957150194764195,,,,,True,2.884023673547837
P23,AGEM KANAN,TURUN,2,False,area,sentral,11.779363429491795,0.24175817615041195,3.1157147365752516,2.3120857712420984,0.8367107124587365,,sentral,2.0,True,0.9414738045731805,,,,,False,2.884023673547837
P23,AGEM KANAN,TURUN,2,False,area,temporal,15.14868624361911,0.3339338835537271,3.6006836067683907,4.669936897311906,1.760908960879839,,temporal,2.0,True,0.9736875080301236,,,,,True,2.884023673547837
P23,AGEM KANAN,TURUN,2,False,area,parietal,6.212419497345564,-0.06029596758206002,0.8841150511951233,3.024644547516786,0.2428980229492722,,parietal,2.0,True,0.9617155419760005,,,,,False,2.884023673547837
P23,AGEM KANAN,TURUN,2,False,area,temporo-posterior,12.617887521362462,-0.03640153329678686,1.801826663988419,3.7696913006523776,1.5939156486605222,,temporo-posterior,2.0,True,0.9721913728989435,,,,,False,2.884023673547837
P23,AGEM KANAN,TURUN,2,False,area,oksipital,15.959972784856483,0.2639960707712794,1.8390841147545363,-0.513908473393895,0.21884215444595262,,oksipital,2.0,True,0.8755928869663592,,,,,False,2.884023673547837
P23,AGEM KANAN,NAIK,3,False,belahan,kiri,17.94993504880336,0.6957145256088134,3.3031739754494645,2.35672610877097,0.3650106169081084,,,,,,,,,,,2.884023673547837
P23,AGEM KANAN,NAIK,3,False,belahan,kanan,14.459111169995868,0.46113867757989024,0.11553809446559343,1.6175851097785858,0.8313996338977923,,,,,,,,,,,2.884023673547837
P23,AGEM KANAN,NAIK,3,False,kanal,Fp1,20.328166103946337,1.2186051421136137,-0.8239354577303144,0.21110918915406485,0.06310442068470001,kiri,frontopolar,3.0,False,0.979067956297115,17.94993504880336,-4.127109433179779,-2.1456169196169053,-0.30190619622340836,,2.884023673547837
P23,AGEM KANAN,NAIK,3,False,kanal,F3,19.065283257286293,0.8412845544249117,5.410798984312413,4.729695922336995,0.8195210843481305,kiri,frontal,2.0,True,0.9821781419164186,17.94993504880336,2.1076250088629482,2.3729698135660247,0.45451046744002216,,2.884023673547837
P23,AGEM KANAN,NAIK,3,False,kanal,C3,10.103200498325634,0.23239480793562617,3.155568754522521,2.534107190964244,0.09063257151803428,kiri,sentral,2.0,True,0.9465530350078248,17.94993504880336,-0.1476052209269434,0.17738108219327398,-0.2743780453900741,,2.884023673547837
P23,AGEM KANAN,NAIK,3,False,kanal,P3,13.602682394996926,0.12039356821546399,4.190819855927107,3.8426288146475027,-0.1094297600845952,kiri,parietal,2.0,True,0.9713974370822757,17.94993504880336,0.8876458804776428,1.4859027058765326,-0.4744403769927036,,2.884023673547837
P23,AGEM KANAN,NAIK,3,False,kanal,O1,30.322175586688626,1.7918973897215045,3.8687223596416795,4.370259308341411,0.8374572737300396,kiri,oksipital,3.0,False,0.9907182533385983,17.94993504880336,0.5655483841922151,2.013533199570441,0.47244665682193127,,2.884023673547837
P23,AGEM KANAN,NAIK,3,False,kanal,F7,16.834586840320434,0.40662102314300874,-0.6873463129884034,2.1793450265776957,0.6393886622981825,kiri,frontotemporal,3.0,False,0.9812364921479093,17.94993504880336,-3.990520288437868,-0.17738108219327442,0.2743780453900741,,2.884023673547837
P23,AGEM KANAN,NAIK,3,False,kanal,T3,30.388115840654294,1.543493686968274,-0.5670154356089587,-1.5835575752705946,2.2421278781735046,kiri,temporal,2.0,True,0.842986866890289,17.94993504880336,-3.870189411058423,-3.9402836840415647,1.8771172612653961,,2.884023673547837
P23,AGEM KANAN,NAIK,3,False,kanal,T5,16.534015884799622,0.5501444967927152,3.4507791963764074,1.8548140823409218,-0.10157439912380334,kiri,temporo-posterior,3.0,False,0.9859531358576248,17.94993504880336,0.14760522092694295,-0.5019120264300483,-0.4665850160319117,,2.884023673547837
P23,AGEM KANAN,NAIK,3,False,kanal,Fp2,17.77300952631589,0.8180761237808059,1.7571800479382806,3.614804031065569,1.1334537115046475,kanan,frontopolar,3.0,False,0.9547311308661988,14.459111169995868,1.6416419534726872,1.9972189212869833,0.3020540776068552,,2.884023673547837
P23,AGEM KANAN,NAIK,3,False,kanal,F4,15.411699083903315,0.46203465424298185,-0.07551630456651748,-0.06571436153622168,0.21947349791056403,kanan,frontal,3.0,False,0.9898017590147521,14.459111169995868,-0.1910543990321109,-1.6832994713148075,-0.6119261359872282,,2.884023673547837
P23,AGEM KANAN,NAIK,3,False,kanal,C4,13.506523256088421,0.46024270091679864,0.4573224911080337,2.6019127501170507,0.23720279839139213,kanan,sentral,3.0,False,0.9904219892493534,14.459111169995868,0.34178439664244026,0.9843276403384649,-0.5941968355064001,,2.884023673547837
P23,AGEM KANAN,NAIK,3,False,kanal,P4,12.460333695481559,0.3448101197236555,0.23374307257236993,1.2899914436925912,0.8743080610788333,kanan,parietal,3.0,False,0.9847048956605589,14.459111169995868,0.11820497810677649,-0.3275936660859946,0.04290842718104104,,2.884023673547837
P23,AGEM KANAN,NAIK,3,False,kanal,O2,15.993386035713229,0.5465474531108987,2.369758167393405,5.443016117977415,1.0756397709659922,kanan,oksipital,3.0,False,0.9806422366300325,14.459111169995868,2.2542200729278115,3.8254310081988288,0.24424013706819991,,2.884023673547837
P23,AGEM KANAN,NAIK,3,False,kanal,F8,16.668578571118672,0.6331225397334785,-0.00266688364118306,0.7081811944243523,0.5659653678648446,kanan,frontotemporal,3.0,False,0.9902179336333347,14.459111169995868,-0.11820497810677649,-0.9094039153542335,-0.2654342660329476,,2.884023673547837
P23,AGEM KANAN,NAIK,3,False,kanal,T4,13.38101439426842,0.44610598862680595,-0.24820272326721127,1.9451787758645804,0.926037472946229,kanan,temporal,3.0,False,0.981670551670758,14.459111169995868,-0.3637408177328047,0.3275936660859946,0.0946378390484367,,2.884023673547837
P23,AGEM KANAN,NAIK,3,False,kanal,T6,8.539675463326056,-0.2307216419348317,-0.6193698450975244,1.1856047718464624,0.7884912067167511,kanan,temporo-posterior,3.0,False,0.9886785601284597,14.459111169995868,-0.7349079395631177,-0.4319803379321234,-0.04290842718104115,,2.884023673547837
P23,AGEM KANAN,NAIK,3,False,area,frontopolar,17.58654607060226,0.89692737786917,1.0915239075948207,2.2656646895010515,0.470518549286992,,frontopolar,3.0,False,0.9863160191609401,,,,,True,2.884023673547837
P23,AGEM KANAN,NAIK,3,False,area,frontal,16.94351401464774,0.5023082659068905,0.5471369425930306,0.2105533374109898,0.2520204556841693,,frontal,3.0,False,0.9929634455384899,,,,,False,2.884023673547837
P23,AGEM KANAN,NAIK,3,False,area,frontotemporal,17.177080372975766,0.5765316080940723,-0.3516686937407698,1.1212196861100199,0.4318270441724902,,frontotemporal,3.0,False,0.9948761354519365,,,,,True,2.884023673547837
P23,AGEM KANAN,NAIK,3,False,area,sentral,15.812536542797936,0.5473893893090325,-0.0055789403174455465,1.9531241692753243,0.31103747749719923,,sentral,3.0,False,0.9911537927532177,,,,,False,2.884023673547837
P23,AGEM KANAN,NAIK,3,False,area,temporal,16.24419141725722,0.5221784199693857,-0.19161476584480364,0.6199956316837629,0.5792372616160895,,temporal,3.0,False,0.9834751317330702,,,,,True,2.884023673547837
P23,AGEM KANAN,NAIK,3,False,area,parietal,14.433230493234326,0.3970459840120981,-0.15588135290467764,0.8554090407328387,0.8346027118284417,,parietal,3.0,False,0.9871255676042625,,,,,False,2.884023673547837
P23,AGEM KANAN,NAIK,3,False,area,temporo-posterior,10.190443133586527,-0.05595295379488574,0.5978669296018208,1.4598761288561186,0.8357607950102443,,temporo-posterior,3.0,False,0.9944697916530916,,,,,False,2.884023673547837
P23,AGEM KANAN,NAIK,3,False,area,oksipital,19.318605953594307,0.8333364155331444,2.653596788142373,5.136755970592668,1.0665922807484616,,oksipital,3.0,False,0.9895022143409187,,,,,False,2.884023673547837
P23,AGEM KANAN,POST,3,False,belahan,kiri,20.618713365721593,0.5244635337398067,3.164745526110499,2.395165794836057,1.1479341873024649,,,,,,,,,,,2.884023673547837
P23,AGEM KANAN,POST,3,False,belahan,kanan,11.24350284294588,-0.08015170882118361,0.753913045670572,1.0032041740623379,0.5963911578731799,,,,,,,,,,,2.884023673547837
P23,AGEM KANAN,POST,3,False,kanal,Fp1,16.415572815162804,0.6453610806085208,-0.13190232162495774,0.04171658780356502,-0.06778769983706767,kiri,frontopolar,3.0,False,0.9666113230444964,20.618713365721593,-3.296647847735457,-2.353449207032492,-1.2157218871395326,,2.884023673547837
P23,AGEM KANAN,POST,3,False,kanal,F3,24.623784193203935,0.5546392604265877,0.8123862057293221,0.33121552120641984,1.2672522632189192,kiri,frontal,2.0,True,0.9692197882140638,20.618713365721593,-2.352359320381177,-2.0639502736296373,0.11931807591645427,,2.884023673547837
P23,AGEM KANAN,POST,3,False,kanal,C3,24.676356998377017,0.7602935353396103,1.545479974397723,2.2852441618709918,1.7348897158783256,kiri,sentral,2.0,True,0.9747411456708237,20.618713365721593,-1.619265551712776,-0.10992163296506519,0.5869555285758608,,2.884023673547837
P23,AGEM KANAN,POST,3,False,kanal,P3,13.842332776716944,-0.18533085174317798,3.532208614526585,3.0322761226267447,-0.1551025831937905,kiri,parietal,2.0,True,0.922822545765289,20.618713365721593,0.3674630884160859,0.6371103277906878,-1.3030367704962553,,2.884023673547837
P23,AGEM KANAN,POST,3,False,kanal,O1,26.911929907044193,0.902723686042083,4.459281715235475,3.9980806469963834,1.6815433951773906,kiri,oksipital,2.0,True,0.9308129653682956,20.618713365721593,1.294536189124976,1.6029148521603265,0.5336092078749257,,2.884023673547837
P23,AGEM KANAN,POST,3,False,kanal,F7,20.6115341424535,0.49428780705302566,2.797282437694413,2.5050874278011226,1.4444180667995314,kiri,frontotemporal,3.0,False,0.9721279539954891,20.618713365721593,-0.3674630884160859,0.10992163296506563,0.29648387949706656,,2.884023673547837
P23,AGEM KANAN,POST,3,False,kanal,T3,20.625892588989686,0.3826757662797229,4.2801380151709,2.7068580156895967,0.9929831170140163,kiri,temporal,3.0,False,0.9816547805766817,20.618713365721593,1.115392489060401,0.31169222085353976,-0.15495107028844857,,2.884023673547837
P23,AGEM KANAN,POST,3,False,kanal,T5,16.24369254670033,0.11356756066188822,4.918708931880603,2.031931804777357,1.0286161113860108,kiri,temporo-posterior,3.0,False,0.97127682943167,20.618713365721593,1.7539634057701043,-0.36323399005870005,-0.11931807591645405,,2.884023673547837
P23,AGEM KANAN,POST,3,False,kanal,Fp2,14.340162483052893,0.20603282958318392,0.2754784401946392,1.9100774663906357,0.39952955233896303,kanan,frontopolar,3.0,False,0.9676765919456107,11.24350284294588,-0.47843460547593286,0.9068732923282978,-0.19686160553421683,,2.884023673547837
P23,AGEM KANAN,POST,3,False,kanal,F4,12.643931634230455,-0.019025718660468316,1.097510813926933,0.6454620127893591,0.49855543585501616,kanan,frontal,3.0,False,0.9782154095671906,11.24350284294588,0.3435977682563609,-0.35774216127297875,-0.0978357220181637,,2.884023673547837
P23,AGEM KANAN,POST,3,False,kanal,C4,11.811539688793545,0.028209880674594512,1.4214566133620654,0.6981488083012817,1.0940910083706306,kanan,sentral,3.0,False,0.9709532395846041,11.24350284294588,0.6675435676914934,-0.3050553657610562,0.4976998504974507,,2.884023673547837
P23,AGEM KANAN,POST,3,False,kanal,P4,10.683792480983541,-0.1412776989818989,-0.05240163541449239,1.087262512351805,0.2298796575672003,kanan,parietal,3.0,False,0.91152772166122,11.24350284294588,-0.8063146810850644,0.08405833828946707,-0.36651150030597957,,2.884023673547837
P23,AGEM KANAN,POST,3,False,kanal,O2,8.577156951458875,-0.21814186546086112,1.6715640432544157,0.9191458357728708,1.3820724963937603,kanan,oksipital,3.0,False,0.9566977943312773,11.24350284294588,0.9176509975838436,-0.08405833828946707,0.7856813385205804,,2.884023673547837
P23,AGEM KANAN,POST,3,False,kanal,F8,11.803213204908218,0.02647152689966692,-0.0948880151488074,1.4208128585100832,0.6942268798913436,kanan,frontotemporal,3.0,False,0.9800004102243517,11.24350284294588,-0.8488010608193794,0.41760868444774535,0.0978357220181637,,2.884023673547837
P23,AGEM KANAN,POST,3,False,kanal,T4,8.391875738422073,-0.24483208661176503,1.2130790653275363,0.6259301861997737,0.07479354132234806,kanan,temporal,3.0,False,0.9828958497429696,11.24350284294588,0.45916601965696424,-0.37727398786256416,-0.5215976165508318,,2.884023673547837
P23,AGEM KANAN,POST,3,False,kanal,T6,2.481912056316993,-0.764782020673413,0.41031527741421103,1.943311891261518,1.4381791014045935,kanan,temporo-posterior,3.0,False,0.9421944667477435,11.24350284294588,-0.343597768256361,0.9401077171991801,0.8417879435314136,,2.884023673547837
P23,AGEM KANAN,POST,3,False,area,frontopolar,15.471530246999208,0.43709054407726855,0.0823074788251893,1.0230268994211498,0.13455379612787233,,frontopolar,3.0,False,0.9883602634453478,,,,,True,2.884023673547837
P23,AGEM KANAN,POST,3,False,area,frontal,15.803333158506163,0.08894147693970833,0.4313590054867755,0.21479576709122794,0.5038961743158166,,frontal,3.0,False,0.965066259275066,,,,,False,2.884023673547837
P23,AGEM KANAN,POST,3,False,area,frontotemporal,15.56148021242086,0.2203025590735297,1.792594069912266,1.9079535056503536,0.8299106932126769,,frontotemporal,3.0,False,0.9860437281647388,,,,,True,2.884023673547837
P23,AGEM KANAN,POST,3,False,area,sentral,15.890753829535512,0.21678276834125554,0.4295269040012778,0.3493259110264506,0.8517034846912013,,sentral,3.0,False,0.9632839801583578,,,,,False,2.884023673547837
P23,AGEM KANAN,POST,3,False,area,temporal,12.379801604227985,-0.03843681349562322,3.1211348579818847,2.581530745903901,0.29914500461147014,,temporal,3.0,False,0.9897672360147741,,,,,True,2.884023673547837
P23,AGEM KANAN,POST,3,False,area,parietal,11.017641648059247,-0.13740557576910373,0.78409359033975,1.980657094503727,1.19361993195847,,parietal,3.0,False,0.9717988948778189,,,,,False,2.884023673547837
P23,AGEM KANAN,POST,3,False,area,temporo-posterior,7.5830611668697046,-0.4450021236951842,2.4420194984910557,1.7055020782364845,1.2056280985511343,,temporo-posterior,3.0,False,0.9707333958694572,,,,,False,2.884023673547837
P23,AGEM KANAN,POST,3,False,area,oksipital,15.531952044480626,0.15760078170065928,2.1583914845339973,1.4024535497707142,0.9950510983477276,,oksipital,3.0,False,0.9669718760981069,,,,,False,2.884023673547837
P23,AGEM KIRI,PRA,2,False,belahan,kiri,9.134890424288873,0.009423105565678047,2.6667970855417567,1.373454162187646,1.3656637969885357,,,,,,,,,,,2.884023673547837
P23,AGEM KIRI,PRA,2,False,belahan,kanan,13.726394444287365,0.6477175005015376,-0.13149066454163272,1.1358163366321026,1.7632002067778845,,,,,,,,,,,2.884023673547837
P23,AGEM KIRI,PRA,2,False,kanal,Fp1,6.553824670713148,0.17673100414680398,2.1905850379403904,-0.609006246690492,0.9075014828529053,kiri,frontopolar,2.0,True,0.9430852991259155,9.134890424288873,-0.47621204760136626,-1.982460408878138,-0.45816231413563036,,2.884023673547837
P23,AGEM KIRI,PRA,2,False,kanal,F3,,,,,,kiri,frontal,0.0,True,,9.134890424288873,,,,,2.884023673547837
P23,AGEM KIRI,PRA,2,False,kanal,C3,,,,,,kiri,sentral,0.0,True,,9.134890424288873,,,,,2.884023673547837
P23,AGEM KIRI,PRA,2,False,kanal,P3,,,,,,kiri,parietal,0.0,True,,9.134890424288873,,,,,2.884023673547837
P23,AGEM KIRI,PRA,2,False,kanal,O1,,,,,,kiri,oksipital,0.0,True,,9.134890424288873,,,,,2.884023673547837
P23,AGEM KIRI,PRA,2,False,kanal,F7,11.715956177864598,-0.1578847930154479,3.1430091331431234,3.355914571065784,1.8238261111241658,kiri,frontotemporal,2.0,True,0.9254453835485263,9.134890424288873,0.4762120476013667,1.982460408878138,0.45816231413563013,,2.884023673547837
P23,AGEM KIRI,PRA,2,False,kanal,T3,,,,,,kiri,temporal,0.0,True,,9.134890424288873,,,,,2.884023673547837
P23,AGEM KIRI,PRA,2,False,kanal,T5,,,,,,kiri,temporo-posterior,0.0,True,,9.134890424288873,,,,,2.884023673547837
P23,AGEM KIRI,PRA,2,False,kanal,Fp2,13.09681096275041,0.5532195776973103,0.96779947869802,0.013205590602307193,1.5091757351433626,kanan,frontopolar,2.0,True,0.9827574538725394,13.726394444287365,1.0992901432396527,-1.1226107460297954,-0.2540244716345219,,2.884023673547837
P23,AGEM KIRI,PRA,2,False,kanal,F4,,,,,,kanan,frontal,1.0,True,,13.726394444287365,,,,,2.884023673547837
P23,AGEM KIRI,PRA,2,False,kanal,C4,,,,,,kanan,sentral,1.0,True,,13.726394444287365,,,,,2.884023673547837
P23,AGEM KIRI,PRA,2,False,kanal,P4,,,,,,kanan,parietal,0.0,True,,13.726394444287365,,,,,2.884023673547837
P23,AGEM KIRI,PRA,2,False,kanal,O2,,,,,,kanan,oksipital,0.0,True,,13.726394444287365,,,,,2.884023673547837
P23,AGEM KIRI,PRA,2,False,kanal,F8,14.35597792582432,0.742215423305765,-1.2307808077812854,2.258427082661898,2.0172246784124064,kanan,frontotemporal,2.0,True,0.9517127639739538,13.726394444287365,-1.0992901432396527,1.1226107460297954,0.2540244716345219,,2.884023673547837
P23,AGEM KIRI,PRA,2,False,kanal,T4,,,,,,kanan,temporal,0.0,True,,13.726394444287365,,,,,2.884023673547837
P23,AGEM KIRI,PRA,2,False,kanal,T6,,,,,,kanan,temporo-posterior,1.0,True,,13.726394444287365,,,,,2.884023673547837
P23,AGEM KIRI,PRA,2,False,area,frontopolar,10.050249646404424,0.36163709295376734,1.419618844762995,-0.5565088049754503,0.8321199405673113,,frontopolar,2.0,True,0.9768914406363394,,,,,True,2.884023673547837
P23,AGEM KIRI,PRA,2,False,area,frontal,,,,,,,frontal,1.0,True,,,,,,False,2.884023673547837
P23,AGEM KIRI,PRA,2,False,area,frontotemporal,15.090249067232627,0.41800814386409924,-0.09835285829944251,2.097805450936221,1.6858981865550793,,frontotemporal,2.0,True,0.9744200390868045,,,,,True,2.884023673547837
P23,AGEM KIRI,PRA,2,False,area,sentral,,,,,,,sentral,1.0,True,,,,,,False,2.884023673547837
P23,AGEM KIRI,PRA,2,False,area,temporal,,,,,,,temporal,0.0,True,,,,,,True,2.884023673547837
P23,AGEM KIRI,PRA,2,False,area,parietal,,,,,,,parietal,0.0,True,,,,,,False,2.884023673547837
P23,AGEM KIRI,PRA,2,False,area,temporo-posterior,,,,,,,temporo-posterior,1.0,True,,,,,,False,2.884023673547837
P23,AGEM KIRI,PRA,2,False,area,oksipital,,,,,,,oksipital,0.0,True,,,,,,False,2.884023673547837
P23,NGEED,PRA,4,False,belahan,kiri,17.991549349306446,0.9639766877602824,1.3833429461983515,3.0001120010691915,0.41834156765465824,,,,,,,,,,,2.884023673547837
P23,NGEED,PRA,4,False,belahan,kanan,13.569721744665497,0.6076126413589372,2.223125669352,3.3954784672719365,0.9042740847458344,,,,,,,,,,,2.884023673547837
P23,NGEED,PRA,4,False,kanal,Fp1,12.27749318788161,0.8533782626471378,-0.8944404964513598,1.4903050982871968,0.5634679789104453,kiri,frontopolar,4.0,False,0.9803026863052839,17.991549349306446,-2.2777834426497114,-1.5098069027819947,0.14512641125578707,,2.884023673547837
P23,NGEED,PRA,4,False,kanal,F3,20.906824787168862,1.2601966134029516,0.6730495218753569,2.371162780868379,0.13829188882802246,kiri,frontal,3.0,False,0.9713363059867746,17.991549349306446,-0.7102934243229946,-0.6289492202008127,-0.2800496788266358,,2.884023673547837
P23,NGEED,PRA,4,False,kanal,C3,18.505296019921374,1.061994655716253,0.6531373428499656,3.0524076494618866,0.1734648391200696,kiri,sentral,3.0,False,0.9921534190524575,17.991549349306446,-0.7302056033483859,0.05229564839269507,-0.24487672853458864,,2.884023673547837
P23,NGEED,PRA,4,False,kanal,P3,12.764710245866354,0.4309847370006903,1.2102554795817824,5.380205832757699,1.4633582066987723,kiri,parietal,3.0,False,0.9795472183198255,17.991549349306446,-0.17308746661656915,2.380093831688508,1.045016639044114,,2.884023673547837
P23,NGEED,PRA,4,False,kanal,O1,24.95481803046098,1.763818827361486,2.1250531589352195,3.70045667690103,0.2732151563988711,kiri,oksipital,3.0,False,0.9850351086650351,17.991549349306446,0.741710212736868,0.7003446758318383,-0.14512641125578712,,2.884023673547837
P23,NGEED,PRA,4,False,kanal,F7,12.95684140675096,0.28576154566551515,1.5564304128149207,2.947816352676496,-0.7027143909359015,kiri,frontotemporal,3.0,False,0.9378525472049521,17.991549349306446,0.17308746661656915,-0.052295648392695515,-1.1210559585905597,,2.884023673547837
P23,NGEED,PRA,4,False,kanal,T3,21.97486972514492,1.4442121662695344,3.0083610417171527,-0.3554253676871322,1.3655755929499682,kiri,temporal,3.0,False,0.9865537678872024,17.991549349306446,1.6250180955188012,-3.3555373687563237,0.94723402529531,,2.884023673547837
P23,NGEED,PRA,4,False,kanal,T5,17.477802678691518,0.8659587198043119,2.9166563114339166,4.392940083721733,0.6914425262493302,kiri,temporo-posterior,3.0,False,0.9868740117058059,17.991549349306446,1.533313365235565,1.3928280826525414,0.273100958594672,,2.884023673547837
P23,NGEED,PRA,4,False,kanal,Fp2,13.413613017889588,0.6272380480651052,2.0466621069133017,4.643926003158829,0.9147359092607005,kanan,frontopolar,3.0,False,0.965094935788935,13.569721744665497,-0.17646356243869832,1.2484475358868927,0.010461824514866103,,2.884023673547837
P23,NGEED,PRA,4,False,kanal,F4,15.93513318711512,0.7919472237687868,1.498261023001739,3.043165008613558,0.8938122602309684,kanan,frontal,3.0,False,0.9883812309440331,13.569721744665497,-0.724864646350261,-0.3523134586583785,-0.010461824514865992,,2.884023673547837
P23,NGEED,PRA,4,False,kanal,C4,13.960827891270391,0.6205201622870498,2.04636316851629,2.56636776648571,0.719446947981247,kanan,sentral,3.0,False,0.977752801853666,13.569721744665497,-0.17676250083570988,-0.8291107007862264,-0.1848271367645874,,2.884023673547837
P23,NGEED,PRA,4,False,kanal,P4,15.61232420813458,0.7085999003649459,1.0244341975442386,1.0586845465946895,0.8153966977824173,kanan,parietal,3.0,False,0.9839348567116089,13.569721744665497,-1.1986914718077615,-2.336793920677247,-0.08887738696341707,,2.884023673547837
P23,NGEED,PRA,4,False,kanal,O2,13.725830471441405,0.43128581356770446,2.5976996155745042,3.747791925930315,0.5060267041599169,kanan,oksipital,3.0,False,0.9766008206616404,13.569721744665497,0.3745739462225042,0.3523134586583785,-0.39824738058591747,,2.884023673547837
P23,NGEED,PRA,4,False,kanal,F8,11.385221688449128,0.4895850851420178,4.5690988162726685,5.286746640284046,1.4293536225959904,kanan,frontotemporal,3.0,False,0.976718627250616,13.569721744665497,2.3459731469206684,1.8912681730121097,0.525079537850156,,2.884023673547837
P23,NGEED,PRA,4,False,kanal,T4,12.55576534276215,0.5947051204308247,2.399589231790698,1.9524967691772956,1.4215755347582202,kanan,temporal,3.0,False,0.979609937223687,13.569721744665497,0.17646356243869787,-1.4429816980946408,0.5173014500123858,,2.884023673547837
P23,NGEED,PRA,4,False,kanal,T6,10.024347760512,0.28174606090669796,2.48396700763339,5.25978908346909,1.7671644078921247,kanan,temporo-posterior,3.0,False,0.9817208773976617,13.569721744665497,0.2608413382813901,1.8643106161971534,0.8628903231462903,,2.884023673547837
P23,NGEED,PRA,4,False,area,frontopolar,12.61608743295944,0.753031847606008,0.6759778202934225,3.1804179328678535,0.5029074078813741,,frontopolar,4.0,False,0.98437397305733,,,,,True,2.884023673547837
P23,NGEED,PRA,4,False,area,frontal,16.439156233682155,0.8302322693937119,1.3756611314174934,2.9878498254037593,0.7661173392294858,,frontal,3.0,False,0.9892367517650464,,,,,False,2.884023673547837
P23,NGEED,PRA,4,False,area,frontotemporal,13.61858877677976,0.5611569618587151,3.148815298189383,4.259268727386189,0.9545345478277077,,frontotemporal,3.0,False,0.990917849460917,,,,,True,2.884023673547837
P23,NGEED,PRA,4,False,area,sentral,14.299813523689238,0.6581315812061548,2.040621206751414,2.8669877728260023,0.7454489106969426,,sentral,3.0,False,0.9823448243883983,,,,,False,2.884023673547837
P23,NGEED,PRA,4,False,area,temporal,14.472624691945704,0.7636849956688296,2.522735550250466,1.5511935058022468,1.482267317779069,,temporal,3.0,False,0.9873171368615056,,,,,True,2.884023673547837
P23,NGEED,PRA,4,False,area,parietal,15.598373524585547,0.698294146453474,0.9593479692115757,1.1910282011871782,0.7536803740991728,,parietal,3.0,False,0.9850581603799926,,,,,False,2.884023673547837
P23,NGEED,PRA,4,False,area,temporo-posterior,11.470387200449885,0.401957073129499,2.640146375687162,5.24279242127622,1.6911581717731323,,temporo-posterior,3.0,False,0.9875311017785571,,,,,False,2.884023673547837
P23,NGEED,PRA,4,False,area,oksipital,15.778453102613163,0.6595664085201678,2.4215311898455103,3.7498679208263606,0.461297562248198,,oksipital,3.0,False,0.9826783814586202,,,,,False,2.884023673547837
P23,NGEED,TURUN,4,False,belahan,kiri,21.887241869567898,0.87453741151839,2.300750252855461,3.4351342721953704,0.8675001849153671,,,,,,,,,,,2.884023673547837
P23,NGEED,TURUN,4,False,belahan,kanan,13.100780096917173,0.45581781333225124,2.6017598811500786,1.8609132598262206,0.7887051732311208,,,,,,,,,,,2.884023673547837
P23,NGEED,TURUN,4,False,kanal,Fp1,15.961619328071663,0.9154309204446656,-0.05911994313306934,1.8673038583443011,1.7931810413099594,kiri,frontopolar,4.0,False,0.9565994778084483,21.887241869567898,-2.35987019598853,-1.5678304138510692,0.9256808563945923,,2.884023673547837
P23,NGEED,TURUN,4,False,kanal,F3,22.520018394220347,0.8756387814977722,2.0286640823034094,4.319055268691909,1.0851244486618277,kiri,frontal,4.0,False,0.9657233079171965,21.887241869567898,-0.2720861705520514,0.8839209964965389,0.2176242637464606,,2.884023673547837
P23,NGEED,TURUN,4,False,kanal,C3,22.17587384908994,0.8734360415390079,1.8441087023880651,3.2069333041068546,0.1322882685856943,kiri,sentral,4.0,False,0.953936364145618,21.887241869567898,-0.45664155046739574,-0.22820096808851575,-0.7352119163296728,,2.884023673547837
P23,NGEED,TURUN,4,False,kanal,P3,17.102003431927784,0.37398224072065966,2.5728364234075123,3.347264242298859,1.0127052056994552,kiri,parietal,4.0,False,0.9749975178622027,21.887241869567898,0.2720861705520514,-0.08787002989651116,0.14520502078408815,,2.884023673547837
P23,NGEED,TURUN,4,False,kanal,O1,27.760704183976568,1.252612034761758,3.413678800333943,3.5230043020918815,0.2577634997919535,kiri,oksipital,4.0,False,0.9691847677634035,21.887241869567898,1.1129285474784822,0.08787002989651116,-0.6097366851234136,,2.884023673547837
P23,NGEED,TURUN,4,False,kanal,F7,15.03537398700977,-0.04373533224142023,5.58248293975612,5.129464110930119,0.4393091608354359,kiri,frontotemporal,4.0,False,0.9755849028106217,21.887241869567898,3.281732686900659,1.6943298387347485,-0.42819102407993115,,2.884023673547837
P23,NGEED,TURUN,4,False,kanal,T3,25.893176774641894,1.043259369785841,1.8424221890922268,0.9469835493162035,1.1662873736293045,kiri,temporal,4.0,False,0.9767179522170414,21.887241869567898,-0.4583280637632341,-2.488150722879167,0.2987871887139374,,2.884023673547837
P23,NGEED,TURUN,4,False,kanal,T5,21.598609890045857,0.6472272847126825,2.7505487136654274,4.455750769558921,0.7222951641312789,kiri,temporo-posterior,4.0,False,0.9766571332675431,21.887241869567898,0.44979846080996655,1.0206164973635503,-0.14520502078408815,,2.884023673547837
P23,NGEED,TURUN,4,False,kanal,Fp2,13.916510087371734,0.48836200558647835,1.447978971387523,1.9433210270806232,2.3114056962701133,kanan,frontopolar,4.0,False,0.9545009237403631,13.100780096917173,-1.1537809097625555,0.08240776725440258,1.5227005230389925,,2.884023673547837
P23,NGEED,TURUN,4,False,kanal,F4,13.391924675313014,0.5934180647241065,3.6625665926123245,3.953857739719033,0.8856170546729847,kanan,frontal,4.0,False,0.9861954533817167,13.100780096917173,1.060806711462246,2.0929444798928123,0.09691188144186391,,2.884023673547837
P23,NGEED,TURUN,4,False,kanal,C4,13.884239765441478,0.7797868366013001,2.844639896425459,0.8025108811374464,0.5318207628392403,kanan,sentral,4.0,False,0.9601461412784474,13.100780096917173,0.2428800152753805,-1.0584023786887742,-0.2568844103918805,,2.884023673547837
P23,NGEED,TURUN,4,False,kanal,P4,9.409109938090594,0.31792970184663893,3.6222519836209703,3.743928095048158,-0.25074668601807865,kanan,parietal,4.0,False,0.9850022032334603,13.100780096917173,1.0204921024708917,1.8830148352219376,-1.0394518592491995,,2.884023673547837
P23,NGEED,TURUN,4,False,kanal,O2,17.076598873030953,0.826630713515432,2.9040203557964572,0.47004988338613174,2.7957054568476516,kanan,oksipital,4.0,False,0.9899855258256072,13.100780096917173,0.3022604746463786,-1.3908633764400888,2.007000283616531,,2.884023673547837
P23,NGEED,TURUN,4,False,kanal,F8,11.468816548932729,0.2294848810504686,1.9820601090499725,1.1039463800305231,0.6917932917892569,kanan,frontotemporal,4.0,False,0.9748128950267674,13.100780096917173,-0.6196997721001061,-0.7569668797956974,-0.09691188144186391,,2.884023673547837
P23,NGEED,TURUN,4,False,kanal,T4,12.809635518521333,0.42327362107802413,2.3588798658746977,1.778505492571818,0.938567816823893,kanan,temporal,4.0,False,0.9793630536090965,13.100780096917173,-0.24288001527538094,-0.08240776725440258,0.14986264359277224,,2.884023673547837
P23,NGEED,TURUN,4,False,kanal,T6,8.887379262244963,0.0582718778616087,0.8605426372698542,2.8275250725900967,0.6026339815354949,kanan,temporo-posterior,4.0,False,0.9737725228702686,13.100780096917173,-1.7412172438802243,0.9666118127638761,-0.18607119169562591,,2.884023673547837
P23,NGEED,TURUN,4,False,area,frontopolar,15.608396366402573,0.7332599810717668,0.5996083827655939,1.512618072506899,1.7241347505036533,,frontopolar,4.0,False,0.9718547736048717,,,,,True,2.884023673547837
P23,NGEED,TURUN,4,False,area,frontal,14.684424706049747,0.5800603661249446,3.006688853489428,3.848022036157338,0.6503269275927301,,frontal,4.0,False,0.9865970952088853,,,,,False,2.884023673547837
P23,NGEED,TURUN,4,False,area,frontotemporal,13.288494148046922,0.05596895318238948,3.6574363869848683,3.2556405099452466,-0.21348168307694593,,frontotemporal,4.0,False,0.9613754060700038,,,,,True,2.884023673547837
P23,NGEED,TURUN,4,False,area,sentral,13.886045906507391,0.6455530924232744,2.9216071271288127,2.292045558498291,0.41319535077742897,,sentral,4.0,False,0.9841454054792235,,,,,False,2.884023673547837
P23,NGEED,TURUN,4,False,area,temporal,16.282520084456927,0.5635759314821072,2.31284952727256,2.1632369517229453,0.9535341016523746,,temporal,4.0,False,0.9862673543158854,,,,,True,2.884023673547837
P23,NGEED,TURUN,4,False,area,parietal,9.352129838403627,0.2749747456373024,3.7016649159895834,3.825206403754578,-0.18065748571258955,,parietal,4.0,False,0.9878890924249448,,,,,False,2.884023673547837
P23,NGEED,TURUN,4,False,area,temporo-posterior,13.029123468052354,0.22569199159140685,1.6701240372962332,3.682354063615921,0.7560543186001264,,temporo-posterior,4.0,False,0.9928277371320257,,,,,False,2.884023673547837
P23,NGEED,TURUN,4,False,area,oksipital,20.181114783274595,0.8965175690064915,2.439505878540742,1.7585338878048704,1.599241533431455,,oksipital,4.0,False,0.9907656334668354,,,,,False,2.884023673547837
P23,NGEED,TAHAN,4,False,belahan,kiri,15.138510188164163,0.7704756477174868,-1.334856499086912,2.1513839804738586,0.9872330989868763,,,,,,,,,,,2.884023673547837
P23,NGEED,TAHAN,4,False,belahan,kanan,8.555463780444526,0.42051066616776855,0.8571856867838209,4.3406750547802,0.29132425666526873,,,,,,,,,,,2.884023673547837
P23,NGEED,TAHAN,4,False,kanal,Fp1,16.653488494037255,1.310447810557515,-1.2619166494258889,0.739123180447117,0.6989464494011426,kiri,frontopolar,4.0,False,0.9713078882096445,15.138510188164163,0.07293984966102318,-1.4122608000267416,-0.2882866495857337,,2.884023673547837
P23,NGEED,TAHAN,4,False,kanal,F3,16.067860553740363,0.8250780912280629,-2.5473739603628074,2.073302438297646,1.1689530953261333,kiri,frontal,3.0,False,0.9375916292320583,15.138510188164163,-1.2125174612758953,-0.07808154217621244,0.18171999633925706,,2.884023673547837
P23,NGEED,TAHAN,4,False,kanal,C3,16.0690589696802,0.9730589378877454,-1.3718244274683253,2.9912663907441877,1.1508349099067838,kiri,sentral,3.0,False,0.9544075267399547,15.138510188164163,-0.03696792838141327,0.8398824102703291,0.16360181091990755,,2.884023673547837
P23,NGEED,TAHAN,4,False,kanal,P3,7.175727361639083,0.12681636746394398,-1.0662340828128638,1.6644274134023538,0.6649911531306573,kiri,parietal,3.0,False,0.9834787321999844,15.138510188164163,0.26862241627404826,-0.4869565670715048,-0.322241945856219,,2.884023673547837
P23,NGEED,TAHAN,4,False,kanal,O1,19.295183861179456,1.2015786752006754,-1.2978885707054988,4.091151716457699,1.2599507576497389,kiri,oksipital,3.0,False,0.924644401264836,15.138510188164163,0.03696792838141327,1.9397677359838408,0.27271765866286257,,2.884023673547837
P23,NGEED,TAHAN,4,False,kanal,F7,12.564038843664605,0.1997709224594777,-1.403033990321735,2.2294655226500706,0.9430944654321977,kiri,frontotemporal,3.0,False,0.9198407166666022,15.138510188164163,-0.06817749123482297,0.078081542176212,-0.04413863355467862,,2.884023673547837
P23,NGEED,TAHAN,4,False,kanal,T3,14.209159822587964,0.7158732042069107,-2.942883202464473,-0.22300445161951998,1.0313717325415548,kiri,temporal,3.0,False,0.9278821515532467,15.138510188164163,-1.6080267033775608,-2.3743884320933786,0.04413863355467851,,2.884023673547837
P23,NGEED,TAHAN,4,False,kanal,T5,8.384489869452842,0.2749560731599121,-0.9301446039633332,2.748983287541707,0.8038139830035884,kiri,temporo-posterior,4.0,False,0.9545202056618762,15.138510188164163,0.40471189512357886,0.5975993070678483,-0.18341911598328786,,2.884023673547837
P23,NGEED,TAHAN,4,False,kanal,Fp2,14.726815869138335,1.0279033049217727,0.5640633102981314,3.10663612879295,0.473074593835095,kanan,frontopolar,3.0,False,0.9638655595893252,8.555463780444526,-0.2931223764856895,-1.23403892598725,0.18175033716982625,,2.884023673547837
P23,NGEED,TAHAN,4,False,kanal,F4,9.260392393436518,0.45655142381036806,1.074132510417528,5.521756425352701,0.16385141975485173,kanan,frontal,3.0,False,0.9125602713729412,8.555463780444526,0.2169468236337072,1.1810813705725014,-0.127472836910417,,2.884023673547837
P23,NGEED,TAHAN,4,False,kanal,C4,8.719451101355354,0.5445997246481029,0.6402388631501137,4.118331153222201,0.44377413325216,kanan,sentral,3.0,False,0.9512908520393751,8.555463780444526,-0.2169468236337072,-0.22234390155799932,0.15244987658689124,,2.884023673547837
P23,NGEED,TAHAN,4,False,kanal,P4,4.532248326911812,0.19892760726321956,2.238278383053002,4.238499070462909,0.027453279610546166,kanan,parietal,3.0,False,0.9577297489754992,8.555463780444526,1.3810926962691812,-0.10217598431729069,-0.26387097705472257,,2.884023673547837
P23,NGEED,TAHAN,4,False,kanal,O2,15.519999519866559,1.0497206463543909,2.4648399533903937,4.8635648268618805,0.15688608422985328,kanan,oksipital,3.0,False,0.976432210525832,8.555463780444526,1.607654266606573,0.5228897720816805,-0.13443817243541545,,2.884023673547837
P23,NGEED,TAHAN,4,False,kanal,F8,8.391476459533699,0.325798690281905,-0.0947438220264829,4.506974852988904,0.41879709357568573,kanan,frontotemporal,3.0,False,0.9763866970845151,8.555463780444526,-0.9519295088103038,0.166299798208704,0.127472836910417,,2.884023673547837
P23,NGEED,TAHAN,4,False,kanal,T4,5.110211091485716,0.15796226334605246,1.8564591818267346,4.442851039097491,0.051561032409379814,kanan,temporal,3.0,False,0.9673574677922709,8.555463780444526,0.9992734950429137,0.10217598431729069,-0.23976322425588892,,2.884023673547837
P23,NGEED,TAHAN,4,False,kanal,T6,7.480140428235366,0.38446990852516905,0.5909788647145707,4.153849885055624,0.9620720535368164,kanan,temporo-posterior,4.0,False,0.960098891244828,8.555463780444526,-0.26620682206925017,-0.1868251697245764,0.6707477968715476,,2.884023673547837
P23,NGEED,TAHAN,4,False,area,frontopolar,14.616859086458682,1.0274154770269102,-0.7848753518516188,1.4730509504694411,0.08886229612273366,,frontopolar,4.0,False,0.9806086985241376,,,,,True,2.884023673547837
P23,NGEED,TAHAN,4,False,area,frontal,11.697253617566801,0.5517851134835676,0.4249971551187043,5.0420125595446335,0.18254192721808116,,frontal,4.0,False,0.9202202738344926,,,,,False,2.884023673547837
P23,NGEED,TAHAN,4,False,area,frontotemporal,8.140928203915479,0.06738081939832608,-0.3481715391204898,3.3293239184386625,0.20396256567126658,,frontotemporal,3.0,False,0.9640571093371326,,,,,True,2.884023673547837
P23,NGEED,TAHAN,4,False,area,sentral,10.332033771032911,0.5924776575572195,0.17422823112351604,4.016015195233691,0.6233791754783748,,sentral,4.0,False,0.957652664080548,,,,,False,2.884023673547837
P23,NGEED,TAHAN,4,False,area,temporal,8.376607330319679,0.3705335345595755,0.7016553698031663,3.590254855384032,0.47607837110283474,,temporal,4.0,False,0.9732305243795805,,,,,True,2.884023673547837
P23,NGEED,TAHAN,4,False,area,parietal,4.532351000645605,0.18461059486921516,2.129379302701787,4.119317867247142,0.021428901974715586,,parietal,3.0,False,0.9598300880785929,,,,,False,2.884023673547837
P23,NGEED,TAHAN,4,False,area,temporo-posterior,7.715484545810071,0.3582622206470256,0.19503538351295702,3.919119012062449,1.1720997327268083,,temporo-posterior,4.0,False,0.975712121375433,,,,,False,2.884023673547837
P23,NGEED,TAHAN,4,False,area,oksipital,17.839673713322576,1.1621274749118276,1.5794249949884693,4.476197486114314,0.7308198283543699,,oksipital,4.0,False,0.9790880837009928,,,,,False,2.884023673547837
P23,NGEED,NAIK,4,False,belahan,kiri,14.206004997121699,0.4928450064880535,-1.3999626626465762,-0.0454584690180595,2.8698126459935427,,,,,,,,,,,2.884023673547837
P23,NGEED,NAIK,4,False,belahan,kanan,4.90919821061938,0.12153554948241008,1.4006715351777157,4.046964364221582,1.0417366757879059,,,,,,,,,,,2.884023673547837
P23,NGEED,NAIK,4,False,kanal,Fp1,10.079503020879073,0.7056287891432769,-1.33325495788587,0.17997172988177645,0.975567561372447,kiri,frontopolar,4.0,False,0.9393555455239003,14.206004997121699,0.06670770476070631,0.22543019889983595,-1.8942450846210956,,2.884023673547837
P23,NGEED,NAIK,4,False,kanal,F3,14.206004997121699,0.31332825598873626,-1.5620350826518474,-1.5924510782130172,4.103646971818584,kiri,frontal,2.0,True,0.8949322865373099,14.206004997121699,-0.16207242000527122,-1.5469926091949577,1.2338343258250415,,2.884023673547837
P23,NGEED,NAIK,4,False,kanal,C3,10.854074806405954,0.14583412662875772,-1.3999626626465762,1.8835369433831233,2.8698126459935427,kiri,sentral,2.0,True,0.8297528046411922,14.206004997121699,0.0,1.9289954124011828,0.0,,2.884023673547837
P23,NGEED,NAIK,4,False,kanal,P3,,,,,,kiri,parietal,1.0,True,,14.206004997121699,,,,,2.884023673547837
P23,NGEED,NAIK,4,False,kanal,O1,15.392813833503073,0.4928450064880535,-1.7436886508376421,-0.0454584690180595,2.9401316849400034,kiri,oksipital,2.0,True,0.7930324284325586,14.206004997121699,-0.3437259881910659,0.0,0.07031903894646074,,2.884023673547837
P23,NGEED,NAIK,4,False,kanal,F7,16.420797458955967,0.5807378892595605,2.078234131327446,2.72175693974973,1.2433289652637671,kiri,frontotemporal,2.0,True,0.975175457509154,14.206004997121699,3.478196793974022,2.7672154087677896,-1.6264836807297756,,2.884023673547837
P23,NGEED,NAIK,4,False,kanal,T3,18.281741835356556,0.6522931166067707,-2.3923814549595335,-3.5406047984229527,3.3314401330933814,kiri,temporal,2.0,True,0.9346321617665067,14.206004997121699,-0.9924187923129573,-3.4951463294048932,0.4616274870998387,,2.884023673547837
P23,NGEED,NAIK,4,False,kanal,T5,11.095050909800612,0.03137501853934355,0.18391543531592447,-0.07950284744652247,2.2510927271919536,kiri,temporo-posterior,3.0,False,0.977373938980135,14.206004997121699,1.5838780979625007,-0.034044378428462974,-0.618719918801589,,2.884023673547837
P23,NGEED,NAIK,4,False,kanal,Fp2,6.078098316800265,0.2470988976695918,1.5558282809991042,4.8717496749233,0.44442124475550515,kanan,frontopolar,2.0,True,0.9599821450333128,4.90919821061938,0.1551567458213885,0.824785310701718,-0.5973154310324007,,2.884023673547837
P23,NGEED,NAIK,4,False,kanal,F4,0.8898844133740198,-0.2546081886346909,1.2455147893563272,3.701489331075659,0.8949273202767245,kanan,frontal,2.0,True,0.9660211810496798,4.90919821061938,-0.1551567458213885,-0.34547503314592287,-0.14680935551118135,,2.884023673547837
P23,NGEED,NAIK,4,False,kanal,C4,5.963753463745512,0.35958442603635765,0.4493431133517789,2.3365219055585875,0.8889400167850675,kanan,sentral,2.0,True,0.9744093796788623,4.90919821061938,-0.9513284218259368,-1.7104424586629943,-0.15279665900283834,,2.884023673547837
P23,NGEED,NAIK,4,False,kanal,P4,0.32605846187783527,-0.02427427432086038,0.9505416451006033,4.055845312144776,1.188546031299087,kanan,parietal,3.0,False,0.9853593479332142,4.90919821061938,-0.45012989007711235,0.008880947923194604,0.14680935551118113,,2.884023673547837
P23,NGEED,NAIK,4,False,kanal,O2,3.8792479421025163,0.4204111211320847,0.08042781588837866,4.038083416298386,1.402761297106569,kanan,oksipital,3.0,False,0.991586068777735,4.90919821061938,-1.320243719289337,-0.008880947923195492,0.3610246213186632,,2.884023673547837
P23,NGEED,NAIK,4,False,kanal,F8,5.939148479136243,-0.004027798704771657,2.0198839276132183,2.9922363969191483,1.2896780146193607,kanan,frontotemporal,2.0,True,0.9662765520301697,4.90919821061938,0.6192123924355026,-1.0547279673024335,0.24794133883145486,,2.884023673547837
P23,NGEED,NAIK,4,False,kanal,T4,6.330815952426846,0.37248767797130755,3.667923675808025,4.633916139742819,0.443147792132518,kanan,temporal,2.0,True,0.988990992834961,4.90919821061938,2.267252140630309,0.5869517755212375,-0.5985888836553879,,2.884023673547837
P23,NGEED,NAIK,4,False,kanal,T6,2.8224083695132833,-0.05419344398434567,2.766100940059492,4.716472259312261,1.3402802752688598,kanan,temporo-posterior,3.0,False,0.9846800809482605,4.90919821061938,1.365429404881776,0.6695078950906792,0.298543599480954,,2.884023673547837
P23,NGEED,NAIK,4,False,area,frontopolar,8.728467748523954,0.5065412696428107,-0.9993891608667788,1.6944048632471933,0.7009564697732588,,frontopolar,4.0,False,0.9620122527800851,,,,,True,2.884023673547837
P23,NGEED,NAIK,4,False,area,frontal,4.956918839598302,-0.1357100778164131,-0.6501465137964002,1.3539488595085127,1.497078367039128,,frontal,3.0,False,0.9506946386171987,,,,,False,2.884023673547837
P23,NGEED,NAIK,4,False,area,frontotemporal,9.802159053696215,0.16572552550382702,2.16874541038405,2.554059622084024,0.8446641860806506,,frontotemporal,2.0,True,0.968436171660732,,,,,True,2.884023673547837
P23,NGEED,NAIK,4,False,area,sentral,6.951206620995357,0.23584195288357113,-0.5427675872629956,2.0031734577347597,1.6863101632621973,,sentral,3.0,False,0.9727546347663272,,,,,False,2.884023673547837
P23,NGEED,NAIK,4,False,area,temporal,10.293119612421123,0.33155308408565376,-0.3441706924609772,0.5396814222162116,1.5652765129906085,,temporal,3.0,False,0.9427893065220136,,,,,True,2.884023673547837
P23,NGEED,NAIK,4,False,area,parietal,3.220238649814654,0.07691851350199541,0.3551017499331127,3.111969987195263,1.0277132282773218,,parietal,3.0,False,0.989573219010929,,,,,False,2.884023673547837
P23,NGEED,NAIK,4,False,area,temporo-posterior,4.424929713671418,-0.12695659199995246,1.524266979169997,2.4664368909805896,1.8305326061457388,,temporo-posterior,4.0,False,0.9836984226401119,,,,,False,2.884023673547837
P23,NGEED,NAIK,4,False,area,oksipital,5.917011883424067,0.16563598564942428,-1.0674989163429487,1.8933699545943243,2.1372444330482123,,oksipital,3.0,False,0.9441366631168477,,,,,False,2.884023673547837
P23,NGEED,POST,4,False,belahan,kiri,9.189547598059463,0.47672501246340904,0.4149900975468366,-0.04475203549743911,0.3260392736373067,,,,,,,,,,,2.884023673547837
P23,NGEED,POST,4,False,belahan,kanan,6.749379901528556,0.2658255933600273,2.5236016538491812,1.709719658717269,0.7064014588325814,,,,,,,,,,,2.884023673547837
P23,NGEED,POST,4,False,kanal,Fp1,7.930503459145363,0.7354404269815407,0.870729112753653,-0.5370532249003497,0.4058993264183415,kiri,frontopolar,4.0,False,0.9891381401141581,9.189547598059463,0.45573901520681637,-0.49230118940291057,0.07986005278103475,,2.884023673547837
P23,NGEED,POST,4,False,kanal,F3,,,,,,kiri,frontal,1.0,True,,9.189547598059463,,,,,2.884023673547837
P23,NGEED,POST,4,False,kanal,C3,,,,,,kiri,sentral,1.0,True,,9.189547598059463,,,,,2.884023673547837
P23,NGEED,POST,4,False,kanal,P3,,,,,,kiri,parietal,1.0,True,,9.189547598059463,,,,,2.884023673547837
P23,NGEED,POST,4,False,kanal,O1,,,,,,kiri,oksipital,1.0,True,,9.189547598059463,,,,,2.884023673547837
P23,NGEED,POST,4,False,kanal,F7,10.448591736973562,0.2180095979452774,-0.04074891765997979,0.44754915390547145,0.24617922085627197,kiri,frontotemporal,2.0,True,0.9793469667147254,9.189547598059463,-0.45573901520681637,0.49230118940291057,-0.07986005278103475,,2.884023673547837
P23,NGEED,POST,4,False,kanal,T3,,,,,,kiri,temporal,1.0,True,,9.189547598059463,,,,,2.884023673547837
P23,NGEED,POST,4,False,kanal,T5,,,,,,kiri,temporo-posterior,1.0,True,,9.189547598059463,,,,,2.884023673547837
P23,NGEED,POST,4,False,kanal,Fp2,7.293053411114499,0.2658255933600273,-0.7937207304758997,1.709719658717269,-0.2865809580958356,kanan,frontopolar,2.0,True,0.8591589566060318,6.749379901528556,-3.317322384325081,0.0,-0.992982416928417,,2.884023673547837
P23,NGEED,POST,4,False,kanal,F4,8.206328277934439,0.35437393772900294,2.663828102791303,2.270677735604343,0.8397458213892106,kanan,frontal,2.0,True,0.9711818858529597,6.749379901528556,0.14022644894212188,0.5609580768870739,0.13334436255662918,,2.884023673547837
P23,NGEED,POST,4,False,kanal,C4,8.839918192574146,0.5061008949516463,2.5236016538491812,1.2844291860811832,0.7764280313134736,kanan,sentral,2.0,True,0.9615490234532139,6.749379901528556,0.0,-0.42529047263608577,0.07002657248089217,,2.884023673547837
P23,NGEED,POST,4,False,kanal,P4,6.749379901528556,0.2756887433203923,2.8538336556657713,2.800016612917787,0.7064014588325814,kanan,parietal,2.0,True,0.9664986434444013,6.749379901528556,0.33023200181659007,1.090296954200518,0.0,,2.884023673547837
P23,NGEED,POST,4,False,kanal,O2,,,,,,kanan,oksipital,1.0,True,,6.749379901528556,,,,,2.884023673547837
P23,NGEED,POST,4,False,kanal,F8,3.101728673191843,-0.17991357145195885,1.4415321323465287,3.3495923809751478,0.2479232541024844,kanan,frontotemporal,2.0,True,0.96977745812817,6.749379901528556,-1.0820695215026526,1.6398727222578788,-0.45847820473009704,,2.884023673547837
P23,NGEED,POST,4,False,kanal,T4,2.6569204680471756,-0.08566786052276165,3.6443381041630833,1.4468530002847784,0.6698614726475242,kanan,temporal,2.0,True,0.9730854849473187,6.749379901528556,1.1207364503139021,-0.2628666584324906,-0.03653998618505727,,2.884023673547837
P23,NGEED,POST,4,False,kanal,T6,4.817376166462893,-0.003924277753419636,2.0069697230447754,0.757517370658912,1.1425863752286232,kanan,temporo-posterior,2.0,True,0.9802306970199616,6.749379901528556,-0.5166319308044058,-0.9522022880583569,0.43618491639604173,,2.884023673547837
P23,NGEED,POST,4,False,area,frontopolar,5.800108199200309,0.4355679273945625,0.6443172804910603,0.4893172733796698,-0.4144063959133152,,frontopolar,4.0,False,0.9855946736025762,,,,,True,2.884023673547837
P23,NGEED,POST,4,False,area,frontal,7.699296523396299,0.23239024088772542,2.761289484488335,1.7709773562087383,0.9382314050969274,,frontal,2.0,True,0.9737910234078546,,,,,False,2.884023673547837
P23,NGEED,POST,4,False,area,frontotemporal,5.8700537811405695,-0.04441601398182682,0.7385064430436,2.23506412174944,-0.032204543438985045,,frontotemporal,2.0,True,0.9804146374486599,,,,,True,2.884023673547837
P23,NGEED,POST,4,False,area,sentral,8.505838838718724,0.3928870151419652,3.036328066444555,0.9242426871809415,0.45258819208597545,,sentral,2.0,True,0.9683466637989975,,,,,False,2.884023673547837
P23,NGEED,POST,4,False,area,temporal,3.3475244902986248,-0.04069049839286287,3.1651138232975335,0.7879018635606356,0.6639939466961817,,temporal,2.0,True,0.983117606705562,,,,,True,2.884023673547837
P23,NGEED,POST,4,False,area,parietal,6.798719346433401,0.2245566942691115,2.562361975825635,2.692569031941818,0.5782705100352056,,parietal,2.0,True,0.9744647832594051,,,,,False,2.884023673547837
P23,NGEED,POST,4,False,area,temporo-posterior,5.394354780925454,0.057611586169935336,2.3556092477958157,0.840699928681087,1.1682388026663584,,temporo-posterior,2.0,True,0.9890876577707456,,,,,False,2.884023673547837
P23,NGEED,POST,4,False,area,oksipital,,,,,,,oksipital,1.0,True,,,,,,False,2.884023673547837
