participant_id,task,rep,phase,channel,area,hemisphere,t0_video,t1_video,dur_phase_sec,win_sec,compliance,phase_source,flat_frac,valid,is_simulated,theta_db,mu_db,beta_db,broad_db
P23,NGEED,1,PRA,Fp1,frontopolar,kiri,3.767,5.767,2.0,2.0,ok,video,0.0,True,False,4.567121016015783,1.7370006816663945,-0.3780639785427766,6.396198186523467
P23,NGEED,1,PRA,F3,frontal,kiri,3.767,5.767,2.0,2.0,ok,video,0.0,True,False,8.977555649500069,6.567496850996861,4.134733112404998,10.963523317856453
P23,NGEED,1,PRA,C3,sentral,kiri,3.767,5.767,2.0,2.0,ok,video,0.0,True,False,8.442250198720824,8.056313460123057,4.584282279386478,9.189353928756898
P23,NGEED,1,PRA,P3,parietal,kiri,3.767,5.767,2.0,2.0,ok,video,0.0,True,False,5.558140690549383,4.301335670444471,4.509971796167118,6.195101061591604
P23,NGEED,1,PRA,O1,oksipital,kiri,3.767,5.767,2.0,2.0,ok,video,0.0,True,False,12.599524507559039,2.794901974043153,1.88329981521116,13.905603661061221
P23,NGEED,1,PRA,F7,frontotemporal,kiri,3.767,5.767,2.0,2.0,ok,video,0.0,True,False,6.435738819947829,1.4001312585710615,2.317803682817974,6.232564613618461
P23,NGEED,1,PRA,T3,temporal,kiri,3.767,5.767,2.0,2.0,ok,video,0.0,True,False,10.007698386321515,3.5187471861031163,3.5213941341455133,10.19060377094489
P23,NGEED,1,PRA,T5,temporo-posterior,kiri,3.767,5.767,2.0,2.0,ok,video,0.0,True,False,8.044211473083507,4.61640735083952,4.430106843729288,8.404740935145202
P23,NGEED,1,PRA,Fp2,frontopolar,kanan,3.767,5.767,2.0,2.0,ok,video,0.0,True,False,2.006418981866119,2.0545590195616334,0.8309713955257827,5.760447096304748
P23,NGEED,1,PRA,F4,frontal,kanan,3.767,5.767,2.0,2.0,ok,video,0.0,True,False,-1.7697365631624429,-2.872408284304978,-3.338693192235027,-1.4856292288816029
P23,NGEED,1,PRA,C4,sentral,kanan,3.767,5.767,2.0,2.0,ok,video,0.0,True,False,-1.855763191964872,-1.7454124474109527,-3.6722579628216323,0.20787636334397774
P23,NGEED,1,PRA,P4,parietal,kanan,3.767,5.767,2.0,2.0,ok,video,0.0,True,False,-1.5082376181646602,-2.413025765813895,-4.413752021746049,-0.04461467355886839
P23,NGEED,1,PRA,O2,oksipital,kanan,3.767,5.767,2.0,2.0,ok,video,0.0,True,False,-1.8150601427691555,-2.7998745413885437,-5.248306717567889,2.330405813081647
P23,NGEED,1,PRA,F8,frontotemporal,kanan,3.767,5.767,2.0,2.0,ok,video,0.0,True,False,-1.0342619425978086,-2.21164035639379,-1.3320707748642029,-1.190103647581033
P23,NGEED,1,PRA,T4,temporal,kanan,3.767,5.767,2.0,2.0,ok,video,0.0,True,False,-1.5825706311261065,-5.487992381178874,-4.6803886588246435,-2.5869644124292037
P23,NGEED,1,PRA,T6,temporo-posterior,kanan,3.767,5.767,2.0,2.0,ok,video,0.0,True,False,-2.007572609509232,-2.670157300194731,-2.927683138864591,-1.5118334568254852
P23,NGEED,1,TURUN,Fp1,frontopolar,kiri,7.126,7.825,0.999,0.699,ok,video,0.0,True,False,9.037102645234121,12.710396283413822,9.351770285360423,10.081161739127108
P23,NGEED,1,TURUN,F3,frontal,kiri,7.126,7.825,0.999,0.699,ok,video,0.0,True,False,23.950568228919277,23.244177686295075,18.962675599409025,22.94715320102274
P23,NGEED,1,TURUN,C3,sentral,kiri,7.126,7.825,0.999,0.699,ok,video,0.0,True,False,23.44422203768164,22.250989556963788,17.306403698469893,21.813999347668695
P23,NGEED,1,TURUN,P3,parietal,kiri,7.126,7.825,0.999,0.699,ok,video,0.0,True,False,22.824145195431736,21.092594833343487,17.347593129235243,20.75412547458397
P23,NGEED,1,TURUN,O1,oksipital,kiri,7.126,7.825,0.999,0.699,ok,video,0.0,True,False,28.691167743242076,24.417388050133606,17.91058075166527,25.41679932456401
P23,NGEED,1,TURUN,F7,frontotemporal,kiri,7.126,7.825,0.999,0.699,ok,video,0.0,True,False,27.581006673393595,25.76552453486915,21.381067768964826,25.157007251965123
P23,NGEED,1,TURUN,T3,temporal,kiri,7.126,7.825,0.999,0.699,ok,video,0.0,True,False,26.611679961138293,21.243652260904334,20.18635983652619,24.587899381058737
P23,NGEED,1,TURUN,T5,temporo-posterior,kiri,7.126,7.825,0.999,0.699,ok,video,0.0,True,False,26.36402711545354,25.00593466737455,20.511336702300998,24.380106316112236
P23,NGEED,1,TURUN,Fp2,frontopolar,kanan,7.126,7.825,0.999,0.699,ok,video,0.0,True,False,15.834417507810091,14.306142927135124,13.620902804420187,14.523514603274002
P23,NGEED,1,TURUN,F4,frontal,kanan,7.126,7.825,0.999,0.699,ok,video,0.0,True,False,9.317422241331673,13.839904998364108,10.762116104590167,11.061574001300528
P23,NGEED,1,TURUN,C4,sentral,kanan,7.126,7.825,0.999,0.699,ok,video,0.0,True,False,8.413868643322136,7.952272673453695,5.571290416682583,8.817911630624359
P23,NGEED,1,TURUN,P4,parietal,kanan,7.126,7.825,0.999,0.699,ok,video,0.0,True,False,6.948307657591997,8.487864787580673,6.551387953420711,7.843520279753271
P23,NGEED,1,TURUN,O2,oksipital,kanan,7.126,7.825,0.999,0.699,ok,video,0.0,True,False,7.817750913880538,9.43861843580309,9.999217549620155,9.388674704732413
P23,NGEED,1,TURUN,F8,frontotemporal,kanan,7.126,7.825,0.999,0.699,ok,video,0.0,True,False,6.403146289765807,11.540596094653417,11.789786567542446,10.118433012008868
P23,NGEED,1,TURUN,T4,temporal,kanan,7.126,7.825,0.999,0.699,ok,video,0.0,True,False,13.678349098727793,13.231745341138527,8.81986087123023,15.313547714506903
P23,NGEED,1,TURUN,T6,temporo-posterior,kanan,7.126,7.825,0.999,0.699,ok,video,0.0,True,False,4.884083343605809,8.960907312475975,12.903380505160651,10.624451136163145
P23,NGEED,1,TAHAN,Fp1,frontopolar,kiri,8.225,9.725,2.0,1.5,ok,video,0.0,True,False,5.157352793617868,3.738988666324733,0.4366392419069669,7.3236570082089365
P23,NGEED,1,TAHAN,F3,frontal,kiri,8.225,9.725,2.0,1.5,ok,video,0.0,True,False,9.861058203098345,12.70841811922367,9.379903211782462,13.910873698910908
P23,NGEED,1,TAHAN,C3,sentral,kiri,8.225,9.725,2.0,1.5,ok,video,0.0,True,False,12.502958870652506,12.921157938954643,7.160677729653877,12.994152209945039
P23,NGEED,1,TAHAN,P3,parietal,kiri,8.225,9.725,2.0,1.5,ok,video,0.0,True,False,6.608598895054051,9.977410190706063,9.126278603082673,8.763363270768096
P23,NGEED,1,TAHAN,O1,oksipital,kiri,8.225,9.725,2.0,1.5,ok,video,0.0,True,False,12.538887067500731,15.68246302202881,8.619414542574965,15.837043257538575
P23,NGEED,1,TAHAN,F7,frontotemporal,kiri,8.225,9.725,2.0,1.5,ok,video,0.0,True,False,12.122216265666736,16.498823000469713,14.845070780692161,14.493736123002687
P23,NGEED,1,TAHAN,T3,temporal,kiri,8.225,9.725,2.0,1.5,ok,video,0.0,True,False,9.222835768495905,10.361414138500855,9.62130090426415,12.57091273574893
P23,NGEED,1,TAHAN,T5,temporo-posterior,kiri,8.225,9.725,2.0,1.5,ok,video,0.0,True,False,9.003555401624986,13.255335411878793,10.026705660523628,11.350410949339729
P23,NGEED,1,TAHAN,Fp2,frontopolar,kanan,8.225,9.725,2.0,1.5,ok,video,0.0,True,False,6.181092932424892,4.296105204322664,2.8374005942604867,8.093842631362804
P23,NGEED,1,TAHAN,F4,frontal,kanan,8.225,9.725,2.0,1.5,ok,video,0.0,True,False,2.420469747957423,1.8064418477291504,-0.8280434284561871,1.4079848570681612
P23,NGEED,1,TAHAN,C4,sentral,kanan,8.225,9.725,2.0,1.5,ok,video,0.0,True,False,2.0015965227362322,2.5588869669762744,-3.5809092803157228,1.77469240714073
P23,NGEED,1,TAHAN,P4,parietal,kanan,8.225,9.725,2.0,1.5,ok,video,0.0,True,False,3.315749666581546,1.836896781793861,-1.040261525829564,2.0531289112187032
P23,NGEED,1,TAHAN,O2,oksipital,kanan,8.225,9.725,2.0,1.5,ok,video,0.0,True,False,0.9277249038649558,-0.3148261806193666,-2.1040473823888135,2.441300372836178
P23,NGEED,1,TAHAN,F8,frontotemporal,kanan,8.225,9.725,2.0,1.5,ok,video,0.0,True,False,1.308577420775272,3.913673012123567,2.031159130053954,2.358794763598482
P23,NGEED,1,TAHAN,T4,temporal,kanan,8.225,9.725,2.0,1.5,ok,video,0.0,True,False,0.17896745806139336,2.8836684961219703,3.053979251649281,0.6294719499997221
P23,NGEED,1,TAHAN,T6,temporo-posterior,kanan,8.225,9.725,2.0,1.5,ok,video,0.0,True,False,7.2208389545035345,5.35821547452116,3.1962327103127706,6.106038099474851
P23,NGEED,1,NAIK,Fp1,frontopolar,kiri,10.225,11.391,1.666,1.166,ok,video,0.0,True,False,3.637750714114084,6.488133388921909,5.698405514436509,8.526678146355241
P23,NGEED,1,NAIK,F3,frontal,kiri,10.225,11.391,1.666,1.166,ok,video,0.0,True,False,12.695192128116016,9.022519152125653,17.812665479688857,15.661336608060576
P23,NGEED,1,NAIK,C3,sentral,kiri,10.225,11.391,1.666,1.166,ok,video,0.0,True,False,9.334345344669277,13.88843384414788,13.971138315413071,14.44204854051807
P23,NGEED,1,NAIK,P3,parietal,kiri,10.225,11.391,1.666,1.166,ok,video,0.12,False,False,,,,
P23,NGEED,1,NAIK,O1,oksipital,kiri,10.225,11.391,1.666,1.166,ok,video,0.0,True,False,12.085829943308056,12.131088373545428,14.725439940031741,16.236713104536648
P23,NGEED,1,NAIK,F7,frontotemporal,kiri,10.225,11.391,1.666,1.166,ok,video,0.12,False,False,,,,
P23,NGEED,1,NAIK,T3,temporal,kiri,10.225,11.391,1.666,1.166,ok,video,0.0,True,False,10.2637175109653,10.09472267399456,15.227171922962913,14.175225257058369
P23,NGEED,1,NAIK,T5,temporo-posterior,kiri,10.225,11.391,1.666,1.166,ok,video,0.0,True,False,9.47850285255528,12.733990374855328,16.03960022118822,13.031520953442875
P23,NGEED,1,NAIK,Fp2,frontopolar,kanan,10.225,11.391,1.666,1.166,ok,video,0.342,False,False,,,,
P23,NGEED,1,NAIK,F4,frontal,kanan,10.225,11.391,1.666,1.166,ok,video,0.462,False,False,,,,
P23,NGEED,1,NAIK,C4,sentral,kanan,10.225,11.391,1.666,1.166,ok,video,0.803,False,False,,,,
P23,NGEED,1,NAIK,P4,parietal,kanan,10.225,11.391,1.666,1.166,ok,video,0.0,True,False,-5.822292101139627,-3.2857307874185295,-3.7403561280219826,-1.1238945165338805
P23,NGEED,1,NAIK,O2,oksipital,kanan,10.225,11.391,1.666,1.166,ok,video,0.0,True,False,-2.51789061008272,-1.7422421936237988,-3.5243477772081597,1.2566236258462915
P23,NGEED,1,NAIK,F8,frontotemporal,kanan,10.225,11.391,1.666,1.166,ok,video,1.0,False,False,,,,
P23,NGEED,1,NAIK,T4,temporal,kanan,10.225,11.391,1.666,1.166,ok,video,1.0,False,False,,,,
P23,NGEED,1,NAIK,T6,temporo-posterior,kanan,10.225,11.391,1.666,1.166,ok,video,0.0,True,False,2.2141709722752694,4.102311732746685,0.051172263927320216,2.3076270353094372
P23,NGEED,1,POST,Fp1,frontopolar,kiri,12.141,13.641,1.5,1.5,ok,video,0.0,True,False,-1.622494962355244,-2.73964805503244,-7.562891743822725,-0.6400518731769971
P23,NGEED,1,POST,F3,frontal,kiri,12.141,13.641,1.5,1.5,ok,video,1.0,False,False,,,,
P23,NGEED,1,POST,C3,sentral,kiri,12.141,13.641,1.5,1.5,ok,video,1.0,False,False,,,,
P23,NGEED,1,POST,P3,parietal,kiri,12.141,13.641,1.5,1.5,ok,video,1.0,False,False,,,,
P23,NGEED,1,POST,O1,oksipital,kiri,12.141,13.641,1.5,1.5,ok,video,0.66,False,False,,,,
P23,NGEED,1,POST,F7,frontotemporal,kiri,12.141,13.641,1.5,1.5,ok,video,1.0,False,False,,,,
P23,NGEED,1,POST,T3,temporal,kiri,12.141,13.641,1.5,1.5,ok,video,1.0,False,False,,,,
P23,NGEED,1,POST,T5,temporo-posterior,kiri,12.141,13.641,1.5,1.5,ok,video,0.66,False,False,,,,
P23,NGEED,1,POST,Fp2,frontopolar,kanan,12.141,13.641,1.5,1.5,ok,video,0.607,False,False,,,,
P23,NGEED,1,POST,F4,frontal,kanan,12.141,13.641,1.5,1.5,ok,video,1.0,False,False,,,,
P23,NGEED,1,POST,C4,sentral,kanan,12.141,13.641,1.5,1.5,ok,video,1.0,False,False,,,,
P23,NGEED,1,POST,P4,parietal,kanan,12.141,13.641,1.5,1.5,ok,video,1.0,False,False,,,,
P23,NGEED,1,POST,O2,oksipital,kanan,12.141,13.641,1.5,1.5,ok,video,1.0,False,False,,,,
P23,NGEED,1,POST,F8,frontotemporal,kanan,12.141,13.641,1.5,1.5,ok,video,1.0,False,False,,,,
P23,NGEED,1,POST,T4,temporal,kanan,12.141,13.641,1.5,1.5,ok,video,1.0,False,False,,,,
P23,NGEED,1,POST,T6,temporo-posterior,kanan,12.141,13.641,1.5,1.5,ok,video,0.793,False,False,,,,
P23,NGEED,2,PRA,Fp1,frontopolar,kiri,13.238,15.238,2.0,2.0,ok,video,0.0,True,False,-2.6934731266692786,-6.5753775550469875,-5.140825303034713,-3.2607970035373235
P23,NGEED,2,PRA,F3,frontal,kiri,13.238,15.238,2.0,2.0,ok,video,1.0,False,False,,,,
P23,NGEED,2,PRA,C3,sentral,kiri,13.238,15.238,2.0,2.0,ok,video,1.0,False,False,,,,
P23,NGEED,2,PRA,P3,parietal,kiri,13.238,15.238,2.0,2.0,ok,video,1.0,False,False,,,,
P23,NGEED,2,PRA,O1,oksipital,kiri,13.238,15.238,2.0,2.0,ok,video,1.0,False,False,,,,
P23,NGEED,2,PRA,F7,frontotemporal,kiri,13.238,15.238,2.0,2.0,ok,video,1.0,False,False,,,,
P23,NGEED,2,PRA,T3,temporal,kiri,13.238,15.238,2.0,2.0,ok,video,1.0,False,False,,,,
P23,NGEED,2,PRA,T5,temporo-posterior,kiri,13.238,15.238,2.0,2.0,ok,video,1.0,False,False,,,,
P23,NGEED,2,PRA,Fp2,frontopolar,kanan,13.238,15.238,2.0,2.0,ok,video,0.69,False,False,,,,
P23,NGEED,2,PRA,F4,frontal,kanan,13.238,15.238,2.0,2.0,ok,video,1.0,False,False,,,,
P23,NGEED,2,PRA,C4,sentral,kanan,13.238,15.238,2.0,2.0,ok,video,1.0,False,False,,,,
P23,NGEED,2,PRA,P4,parietal,kanan,13.238,15.238,2.0,2.0,ok,video,1.0,False,False,,,,
P23,NGEED,2,PRA,O2,oksipital,kanan,13.238,15.238,2.0,2.0,ok,video,1.0,False,False,,,,
P23,NGEED,2,PRA,F8,frontotemporal,kanan,13.238,15.238,2.0,2.0,ok,video,1.0,False,False,,,,
P23,NGEED,2,PRA,T4,temporal,kanan,13.238,15.238,2.0,2.0,ok,video,1.0,False,False,,,,
P23,NGEED,2,PRA,T6,temporo-posterior,kanan,13.238,15.238,2.0,2.0,ok,video,0.7,False,False,,,,
P23,NGEED,2,TURUN,Fp1,frontopolar,kiri,23.466,24.216,1.07,0.749,ok,video,0.0,True,False,4.610725165444549,1.8326268102969365,2.7009942503110693,5.213186863175967
P23,NGEED,2,TURUN,F3,frontal,kiri,23.466,24.216,1.07,0.749,ok,video,0.0,True,False,10.566731495648071,10.944155903762034,5.4417486670694615,13.447793851898115
P23,NGEED,2,TURUN,C3,sentral,kiri,23.466,24.216,1.07,0.749,ok,video,0.0,True,False,9.557860190614718,11.225571336979087,9.381587212043254,11.062256859801558
P23,NGEED,2,TURUN,P3,parietal,kiri,23.466,24.216,1.07,0.749,ok,video,0.0,True,False,5.423454928837376,11.933091896469755,6.480275508097847,8.318353678174315
P23,NGEED,2,TURUN,O1,oksipital,kiri,23.466,24.216,1.07,0.749,ok,video,0.0,True,False,8.30015189237523,13.63463160162674,6.039844958468358,13.368971204035184
P23,NGEED,2,TURUN,F7,frontotemporal,kiri,23.466,24.216,1.07,0.749,ok,video,0.0,True,False,9.797639887005168,12.883033521058508,8.317226758793971,9.597366180140707
P23,NGEED,2,TURUN,T3,temporal,kiri,23.466,24.216,1.07,0.749,ok,video,0.0,True,False,8.909995519425621,10.029581403963078,6.706905320140198,10.964785124051165
P23,NGEED,2,TURUN,T5,temporo-posterior,kiri,23.466,24.216,1.07,0.749,ok,video,0.0,True,False,8.169481042844488,12.607870387995046,7.022548704345265,11.005462932437911
P23,NGEED,2,TURUN,Fp2,frontopolar,kanan,23.466,24.216,1.07,0.749,ok,video,0.0,True,False,5.871639034272572,8.73019980628219,4.651823696375214,6.765877184321525
P23,NGEED,2,TURUN,F4,frontal,kanan,23.466,24.216,1.07,0.749,ok,video,0.0,True,False,1.7361448395158696,1.9904435915624106,-0.33748796569435413,1.9296842540018524
P23,NGEED,2,TURUN,C4,sentral,kanan,23.466,24.216,1.07,0.749,ok,video,0.0,True,False,2.77123613903483,3.0960821811888586,-1.9726132236973477,2.53081781529864
P23,NGEED,2,TURUN,P4,parietal,kanan,23.466,24.216,1.07,0.749,ok,video,0.0,True,False,0.26243543993603424,5.329774325220395,2.5863156646779863,2.7444928975411607
P23,NGEED,2,TURUN,O2,oksipital,kanan,23.466,24.216,1.07,0.749,ok,video,0.0,True,False,2.336859653961234,8.060290452794963,0.3932625448907743,4.752410476084872
P23,NGEED,2,TURUN,F8,frontotemporal,kanan,23.466,24.216,1.07,0.749,ok,video,0.0,True,False,4.561877553069195,6.384348390662993,-0.7540658811312824,5.211298744898766
P23,NGEED,2,TURUN,T4,temporal,kanan,23.466,24.216,1.07,0.749,ok,video,0.0,True,False,3.149292893453854,5.804968425753152,-1.198429203661977,2.7982037082490976
P23,NGEED,2,TURUN,T6,temporo-posterior,kanan,23.466,24.216,1.07,0.749,ok,video,0.0,True,False,4.056458787803805,4.780286212545519,2.107023570438127,1.4811048091853252
P23,NGEED,2,TAHAN,Fp1,frontopolar,kiri,24.626,26.917,2.791,2.291,ok,video,0.0,True,False,0.3794547175935641,4.267708595674499,2.1650845930196496,7.932599731138989
P23,NGEED,2,TAHAN,F3,frontal,kiri,24.626,26.917,2.791,2.291,ok,video,0.0,True,False,8.029521632319785,9.462644005627574,6.612542492143067,14.126640650867326
P23,NGEED,2,TAHAN,C3,sentral,kiri,24.626,26.917,2.791,2.291,ok,video,0.0,True,False,5.810110351995071,7.57216771139813,4.06832334823293,11.21151938260633
P23,NGEED,2,TAHAN,P3,parietal,kiri,24.626,26.917,2.791,2.291,ok,video,0.288,False,False,,,,
P23,NGEED,2,TAHAN,O1,oksipital,kiri,24.626,26.917,2.791,2.291,ok,video,0.0,True,False,6.783882416449394,6.233425897503999,3.2274507802618864,13.297265057836604
P23,NGEED,2,TAHAN,F7,frontotemporal,kiri,24.626,26.917,2.791,2.291,ok,video,0.288,False,False,,,,
P23,NGEED,2,TAHAN,T3,temporal,kiri,24.626,26.917,2.791,2.291,ok,video,0.0,True,False,3.247965537222843,1.0909636327021595,3.3951445227417416,9.935273428594169
P23,NGEED,2,TAHAN,T5,temporo-posterior,kiri,24.626,26.917,2.791,2.291,ok,video,0.0,True,False,3.138993534095693,4.286783029454444,2.624475547924032,6.846445999280018
P23,NGEED,2,TAHAN,Fp2,frontopolar,kanan,24.626,26.917,2.791,2.291,ok,video,0.55,False,False,,,,
P23,NGEED,2,TAHAN,F4,frontal,kanan,24.626,26.917,2.791,2.291,ok,video,0.55,False,False,,,,
P23,NGEED,2,TAHAN,C4,sentral,kanan,24.626,26.917,2.791,2.291,ok,video,0.725,False,False,,,,
P23,NGEED,2,TAHAN,P4,parietal,kanan,24.626,26.917,2.791,2.291,ok,video,0.288,False,False,,,,
P23,NGEED,2,TAHAN,O2,oksipital,kanan,24.626,26.917,2.791,2.291,ok,video,0.288,False,False,,,,
P23,NGEED,2,TAHAN,F8,frontotemporal,kanan,24.626,26.917,2.791,2.291,ok,video,0.725,False,False,,,,
P23,NGEED,2,TAHAN,T4,temporal,kanan,24.626,26.917,2.791,2.291,ok,video,0.812,False,False,,,,
P23,NGEED,2,TAHAN,T6,temporo-posterior,kanan,24.626,26.917,2.791,2.291,ok,video,0.0,True,False,-4.087710010455705,-0.9777524080488078,-4.21292042041901,-3.204009710298486
P23,NGEED,2,NAIK,Fp1,frontopolar,kiri,27.288,27.851,0.805,0.563,ok,video,0.0,True,False,-2.5530358252133816,-5.324108222388858,-4.369562798863786,-2.148762769431851
P23,NGEED,2,NAIK,F3,frontal,kiri,27.288,27.851,0.805,0.563,ok,video,0.351,False,False,,,,
P23,NGEED,2,NAIK,C3,sentral,kiri,27.288,27.851,0.805,0.563,ok,video,1.0,False,False,,,,
P23,NGEED,2,NAIK,P3,parietal,kiri,27.288,27.851,0.805,0.563,ok,video,1.0,False,False,,,,
P23,NGEED,2,NAIK,O1,oksipital,kiri,27.288,27.851,0.805,0.563,ok,video,0.702,False,False,,,,
P23,NGEED,2,NAIK,F7,frontotemporal,kiri,27.288,27.851,0.805,0.563,ok,video,1.0,False,False,,,,
P23,NGEED,2,NAIK,T3,temporal,kiri,27.288,27.851,0.805,0.563,ok,video,0.702,False,False,,,,
P23,NGEED,2,NAIK,T5,temporo-posterior,kiri,27.288,27.851,0.805,0.563,ok,video,0.0,True,False,-8.495006970548815,-8.116461819719584,-11.819478646555908,-7.044088681475163
P23,NGEED,2,NAIK,Fp2,frontopolar,kanan,27.288,27.851,0.805,0.563,ok,video,0.298,False,False,,,,
P23,NGEED,2,NAIK,F4,frontal,kanan,27.288,27.851,0.805,0.563,ok,video,1.0,False,False,,,,
P23,NGEED,2,NAIK,C4,sentral,kanan,27.288,27.851,0.805,0.563,ok,video,1.0,False,False,,,,
P23,NGEED,2,NAIK,P4,parietal,kanan,27.288,27.851,0.805,0.563,ok,video,1.0,False,False,,,,
P23,NGEED,2,NAIK,O2,oksipital,kanan,27.288,27.851,0.805,0.563,ok,video,1.0,False,False,,,,
P23,NGEED,2,NAIK,F8,frontotemporal,kanan,27.288,27.851,0.805,0.563,ok,video,1.0,False,False,,,,
P23,NGEED,2,NAIK,T4,temporal,kanan,27.288,27.851,0.805,0.563,ok,video,1.0,False,False,,,,
P23,NGEED,2,NAIK,T6,temporo-posterior,kanan,27.288,27.851,0.805,0.563,ok,video,1.0,False,False,,,,
P23,NGEED,2,POST,Fp1,frontopolar,kiri,28.472,29.972,1.5,1.5,ok,video,0.0,True,False,-8.753943550810042,-8.76060813637044,-10.853918616109901,-8.762228409912119
P23,NGEED,2,POST,F3,frontal,kiri,28.472,29.972,1.5,1.5,ok,video,1.0,False,False,,,,
P23,NGEED,2,POST,C3,sentral,kiri,28.472,29.972,1.5,1.5,ok,video,1.0,False,False,,,,
P23,NGEED,2,POST,P3,parietal,kiri,28.472,29.972,1.5,1.5,ok,video,1.0,False,False,,,,
P23,NGEED,2,POST,O1,oksipital,kiri,28.472,29.972,1.5,1.5,ok,video,1.0,False,False,,,,
P23,NGEED,2,POST,F7,frontotemporal,kiri,28.472,29.972,1.5,1.5,ok,video,1.0,False,False,,,,
P23,NGEED,2,POST,T3,temporal,kiri,28.472,29.972,1.5,1.5,ok,video,1.0,False,False,,,,
P23,NGEED,2,POST,T5,temporo-posterior,kiri,28.472,29.972,1.5,1.5,ok,video,1.0,False,False,,,,
P23,NGEED,2,POST,Fp2,frontopolar,kanan,28.472,29.972,1.5,1.5,ok,video,1.0,False,False,,,,
P23,NGEED,2,POST,F4,frontal,kanan,28.472,29.972,1.5,1.5,ok,video,1.0,False,False,,,,
P23,NGEED,2,POST,C4,sentral,kanan,28.472,29.972,1.5,1.5,ok,video,1.0,False,False,,,,
P23,NGEED,2,POST,P4,parietal,kanan,28.472,29.972,1.5,1.5,ok,video,1.0,False,False,,,,
P23,NGEED,2,POST,O2,oksipital,kanan,28.472,29.972,1.5,1.5,ok,video,1.0,False,False,,,,
P23,NGEED,2,POST,F8,frontotemporal,kanan,28.472,29.972,1.5,1.5,ok,video,1.0,False,False,,,,
P23,NGEED,2,POST,T4,temporal,kanan,28.472,29.972,1.5,1.5,ok,video,1.0,False,False,,,,
P23,NGEED,2,POST,T6,temporo-posterior,kanan,28.472,29.972,1.5,1.5,ok,video,1.0,False,False,,,,
P23,AGEM KANAN,1,PRA,Fp1,frontopolar,kiri,36.901,38.901,2.0,2.0,incomplete,video,0.0,True,False,18.48538807096154,15.934135559743787,11.252902826271828,16.5483587355216
P23,AGEM KANAN,1,PRA,F3,frontal,kiri,36.901,38.901,2.0,2.0,incomplete,video,0.0,True,False,20.493262759727305,17.887486849025976,19.557415472252053,18.68767404303082
P23,AGEM KANAN,1,PRA,C3,sentral,kiri,36.901,38.901,2.0,2.0,incomplete,video,0.0,True,False,23.15815205148077,19.692688786498977,15.241267695338198,19.95055616415726
P23,AGEM KANAN,1,PRA,P3,parietal,kiri,36.901,38.901,2.0,2.0,incomplete,video,0.0,True,False,23.056252410957992,19.952785506137584,19.666884442452798,21.42429153320322
P23,AGEM KANAN,1,PRA,O1,oksipital,kiri,36.901,38.901,2.0,2.0,incomplete,video,0.0,True,False,27.14720216266994,21.60399429994673,16.74759304171571,22.409984077812098
P23,AGEM KANAN,1,PRA,F7,frontotemporal,kiri,36.901,38.901,2.0,2.0,incomplete,video,0.0,True,False,23.95845683481113,19.020888550556876,19.825805348450366,23.20174815532165
P23,AGEM KANAN,1,PRA,T3,temporal,kiri,36.901,38.901,2.0,2.0,incomplete,video,0.0,True,False,24.63601957550059,19.268172533758054,19.45735116327432,22.0357395892505
P23,AGEM KANAN,1,PRA,T5,temporo-posterior,kiri,36.901,38.901,2.0,2.0,incomplete,video,0.0,True,False,19.06960759931379,20.320606851219626,18.594339152474067,17.431361949702524
P23,AGEM KANAN,1,PRA,Fp2,frontopolar,kanan,36.901,38.901,2.0,2.0,incomplete,video,0.0,True,False,17.07124436989191,16.989086802757154,13.761397596446546,16.662773655483967
P23,AGEM KANAN,1,PRA,F4,frontal,kanan,36.901,38.901,2.0,2.0,incomplete,video,0.0,True,False,19.416871714247772,16.01124040964307,12.399750066512436,17.98367060289967
P23,AGEM KANAN,1,PRA,C4,sentral,kanan,36.901,38.901,2.0,2.0,incomplete,video,0.0,True,False,16.08870661819179,16.099486410092442,14.166679371739598,16.672704168142076
P23,AGEM KANAN,1,PRA,P4,parietal,kanan,36.901,38.901,2.0,2.0,incomplete,video,0.0,True,False,18.083277050960284,18.584080513386002,13.791144066258553,17.253945670138492
P23,AGEM KANAN,1,PRA,O2,oksipital,kanan,36.901,38.901,2.0,2.0,incomplete,video,0.0,True,False,17.608432805428706,18.521180139742423,13.900939947277621,18.188132841881487
P23,AGEM KANAN,1,PRA,F8,frontotemporal,kanan,36.901,38.901,2.0,2.0,incomplete,video,0.0,True,False,17.343774518711236,16.34170071471413,14.107489155084405,17.722114487440418
P23,AGEM KANAN,1,PRA,T4,temporal,kanan,36.901,38.901,2.0,2.0,incomplete,video,0.0,True,False,16.034932176591973,14.891648377411975,15.28239202978644,17.085681636394227
P23,AGEM KANAN,1,PRA,T6,temporo-posterior,kanan,36.901,38.901,2.0,2.0,incomplete,video,0.0,True,False,14.413442581634392,11.64195624529249,10.797493120205399,16.231967804677815
P23,AGEM KANAN,2,PRA,Fp1,frontopolar,kiri,52.704,54.704,2.0,2.0,ok,video,0.0,True,False,5.268766109298774,5.069175355753096,5.770345617346088,7.156069407796938
P23,AGEM KANAN,2,PRA,F3,frontal,kiri,52.704,54.704,2.0,2.0,ok,video,0.0,True,False,10.253646615803117,12.606075263059502,8.89177016279696,9.846684876838143
P23,AGEM KANAN,2,PRA,C3,sentral,kiri,52.704,54.704,2.0,2.0,ok,video,0.0,True,False,15.325092436802485,14.977184335040867,8.825441469000904,12.693514204372512
P23,AGEM KANAN,2,PRA,P3,parietal,kiri,52.704,54.704,2.0,2.0,ok,video,0.075,True,False,9.731274954480273,12.476796878937172,12.934865430085829,9.83999345552252
P23,AGEM KANAN,2,PRA,O1,oksipital,kiri,52.704,54.704,2.0,2.0,ok,video,0.0,True,False,12.152054155903556,14.985881680920198,7.873073323861526,12.17904910617068
P23,AGEM KANAN,2,PRA,F7,frontotemporal,kiri,52.704,54.704,2.0,2.0,ok,video,0.0,True,False,15.93151835958274,18.41726103197216,16.77239951518184,16.34710369657751
P23,AGEM KANAN,2,PRA,T3,temporal,kiri,52.704,54.704,2.0,2.0,ok,video,0.0,True,False,8.416339079510365,7.523941369205318,7.968477825977931,8.685100675274722
P23,AGEM KANAN,2,PRA,T5,temporo-posterior,kiri,52.704,54.704,2.0,2.0,ok,video,0.0,True,False,7.682129293248579,12.345202117793132,11.36548693345264,8.810466377126236
P23,AGEM KANAN,2,PRA,Fp2,frontopolar,kanan,52.704,54.704,2.0,2.0,ok,video,0.0,True,False,10.575737514628454,8.296529882148345,9.001323993094772,12.837670589433806
P23,AGEM KANAN,2,PRA,F4,frontal,kanan,52.704,54.704,2.0,2.0,ok,video,0.0,True,False,10.813138703917122,8.514020159277418,11.13098268619662,12.31599931611182
P23,AGEM KANAN,2,PRA,C4,sentral,kanan,52.704,54.704,2.0,2.0,ok,video,0.0,True,False,12.864134208227629,9.197386795128491,9.405527397227253,12.308981042287371
P23,AGEM KANAN,2,PRA,P4,parietal,kanan,52.704,54.704,2.0,2.0,ok,video,0.0,True,False,11.190313380455493,12.919511942080202,11.647009059954293,12.0657765850451
P23,AGEM KANAN,2,PRA,O2,oksipital,kanan,52.704,54.704,2.0,2.0,ok,video,0.0,True,False,13.549648591409976,12.299163788571772,12.173057614896145,14.67890953094454
P23,AGEM KANAN,2,PRA,F8,frontotemporal,kanan,52.704,54.704,2.0,2.0,ok,video,0.0,True,False,12.867456899329369,12.117920807254329,11.888022866891045,14.196967777578283
P23,AGEM KANAN,2,PRA,T4,temporal,kanan,52.704,54.704,2.0,2.0,ok,video,0.0,True,False,10.501261781003294,13.084302419155762,8.889862174060337,9.52928218726207
P23,AGEM KANAN,2,PRA,T6,temporo-posterior,kanan,52.704,54.704,2.0,2.0,ok,video,0.0,True,False,11.252278293386311,11.554162588968268,12.53904428111063,12.0833548466926
P23,AGEM KANAN,2,TURUN,Fp1,frontopolar,kiri,55.866,56.945,1.541,1.079,ok,video,0.0,True,False,13.16139321683913,12.817088878513388,10.818820460662188,12.124554128206032
P23,AGEM KANAN,2,TURUN,F3,frontal,kiri,55.866,56.945,1.541,1.079,ok,video,0.0,True,False,23.707884242970085,22.73908397207026,20.244323027173223,24.134367377901132
P23,AGEM KANAN,2,TURUN,C3,sentral,kiri,55.866,56.945,1.541,1.079,ok,video,0.0,True,False,24.230057636855683,22.755962154763566,19.922747704885772,22.409029012365064
P23,AGEM KANAN,2,TURUN,P3,parietal,kiri,55.866,56.945,1.541,1.079,ok,video,0.0,True,False,20.140239774280776,22.807635909553394,24.121252025337537,22.000109316176005
P23,AGEM KANAN,2,TURUN,O1,oksipital,kiri,55.866,56.945,1.541,1.079,ok,video,0.0,True,False,27.252049474372214,25.011183855288973,19.771554610101383,25.670351697811476
P23,AGEM KANAN,2,TURUN,F7,frontotemporal,kiri,55.866,56.945,1.541,1.079,ok,video,0.0,True,False,25.463057604554848,25.5430041013244,20.714162306648852,25.061234299731236
P23,AGEM KANAN,2,TURUN,T3,temporal,kiri,55.866,56.945,1.541,1.079,ok,video,0.0,True,False,27.16094202785986,24.200568997860664,21.56452736834571,25.337550065419155
P23,AGEM KANAN,2,TURUN,T5,temporo-posterior,kiri,55.866,56.945,1.541,1.079,ok,video,0.0,True,False,25.61641097626063,27.109651311267438,24.08434702853572,24.557177183328225
P23,AGEM KANAN,2,TURUN,Fp2,frontopolar,kanan,55.866,56.945,1.541,1.079,ok,video,0.0,True,False,15.572721392993987,17.158107978153215,15.555568916303454,15.132853084200356
P23,AGEM KANAN,2,TURUN,F4,frontal,kanan,55.866,56.945,1.541,1.079,ok,video,0.0,True,False,11.004798498101966,12.627277682165971,10.078889562569149,10.307036553000536
P23,AGEM KANAN,2,TURUN,C4,sentral,kanan,55.866,56.945,1.541,1.079,ok,video,0.0,True,False,11.345325650320301,12.035466219800579,8.097713611742552,9.6148921488888
P23,AGEM KANAN,2,TURUN,P4,parietal,kanan,55.866,56.945,1.541,1.079,ok,video,0.0,True,False,8.530940364260616,10.499422017840555,4.404089319761265,7.211992276128946
P23,AGEM KANAN,2,TURUN,O2,oksipital,kanan,55.866,56.945,1.541,1.079,ok,video,0.0,True,False,11.712081429620895,8.87428682968837,13.150577531454573,10.08593290642644
P23,AGEM KANAN,2,TURUN,F8,frontotemporal,kanan,55.866,56.945,1.541,1.079,ok,video,0.0,True,False,13.063294075894191,14.202876519290811,10.933121158890774,12.034735372102976
P23,AGEM KANAN,2,TURUN,T4,temporal,kanan,55.866,56.945,1.541,1.079,ok,video,0.0,True,False,10.737675754514726,14.419696883826695,12.281594257921778,10.776900667695173
P23,AGEM KANAN,2,TURUN,T6,temporo-posterior,kanan,55.866,56.945,1.541,1.079,ok,video,0.0,True,False,5.838380654428747,10.755524816477703,11.556360702507849,9.217345909603502
P23,AGEM KANAN,2,TAHAN,Fp1,frontopolar,kiri,57.426,58.717,1.791,1.291,ok,video,0.0,True,False,0.48908374360058815,2.0593216938559955,-1.2303170941999362,1.6474019665319481
P23,AGEM KANAN,2,TAHAN,F3,frontal,kiri,57.426,58.717,1.791,1.291,ok,video,0.0,True,False,10.165348951205491,11.961756647614283,9.861812795179315,9.955625344419762
P23,AGEM KANAN,2,TAHAN,C3,sentral,kiri,57.426,58.717,1.791,1.291,ok,video,0.0,True,False,6.995018671602484,6.376706149449081,4.575542756748888,5.829911003203151
P23,AGEM KANAN,2,TAHAN,P3,parietal,kiri,57.426,58.717,1.791,1.291,ok,video,0.0,True,False,8.970947289138763,7.853156750927184,7.7992816175177,8.87185379760097
P23,AGEM KANAN,2,TAHAN,O1,oksipital,kiri,57.426,58.717,1.791,1.291,ok,video,0.0,True,False,10.80884163942698,12.335142782313792,6.314276157197966,13.737423599135056
P23,AGEM KANAN,2,TAHAN,F7,frontotemporal,kiri,57.426,58.717,1.791,1.291,ok,video,0.0,True,False,3.7638397913021784,8.8474791176142,6.891684665931276,6.386542650525453
P23,AGEM KANAN,2,TAHAN,T3,temporal,kiri,57.426,58.717,1.791,1.291,ok,video,0.0,True,False,8.974962562673113,9.254370477497773,8.828071643564368,10.511413099064395
P23,AGEM KANAN,2,TAHAN,T5,temporo-posterior,kiri,57.426,58.717,1.791,1.291,ok,video,0.0,True,False,11.287767767023752,9.853209878939555,7.409336481701768,9.841776877960069
P23,AGEM KANAN,2,TAHAN,Fp2,frontopolar,kanan,57.426,58.717,1.791,1.291,ok,video,0.0,True,False,0.18482457642140204,3.689382153725326,1.784323692968286,3.6323933012744973
P23,AGEM KANAN,2,TAHAN,F4,frontal,kanan,57.426,58.717,1.791,1.291,ok,video,0.0,True,False,-1.3748921342216534,1.5324728059253552,-0.6874567201378987,1.0724822755557852
P23,AGEM KANAN,2,TAHAN,C4,sentral,kanan,57.426,58.717,1.791,1.291,ok,video,0.0,True,False,-2.8035485391456874,-0.4159399060063045,-1.1732434290065115,-0.5058673446711524
P23,AGEM KANAN,2,TAHAN,P4,parietal,kanan,57.426,58.717,1.791,1.291,ok,video,0.0,True,False,-1.4528426396835208,-3.6786335554342493,-2.0778352554365824,-0.8329159530809456
P23,AGEM KANAN,2,TAHAN,O2,oksipital,kanan,57.426,58.717,1.791,1.291,ok,video,0.0,True,False,1.4605734082153923,0.14469412412693217,-0.028866518583903655,1.668200108391865
P23,AGEM KANAN,2,TAHAN,F8,frontotemporal,kanan,57.426,58.717,1.791,1.291,ok,video,0.0,True,False,-2.6174896510673022,-0.8817763043389242,-0.5315548118297322,-0.43851232743299207
P23,AGEM KANAN,2,TAHAN,T4,temporal,kanan,57.426,58.717,1.791,1.291,ok,video,0.0,True,False,-1.3367911081415436,-0.8048777555783317,-0.11652746898804622,-0.785899054503922
P23,AGEM KANAN,2,TAHAN,T6,temporo-posterior,kanan,57.426,58.717,1.791,1.291,ok,video,0.0,True,False,1.2702866707688756,0.9165008746339751,1.671669643718264,0.7766427181226874
P23,AGEM KANAN,2,NAIK,Fp1,frontopolar,kiri,59.048,59.428,0.542,0.379,ok,video,0.0,True,False,7.712356349481368,8.337211182646989,2.2322737006293885,6.039046914630813
P23,AGEM KANAN,2,NAIK,F3,frontal,kiri,59.048,59.428,0.542,0.379,ok,video,0.0,True,False,20.7169734261419,17.366312570017165,9.068139374547435,17.650124640378724
P23,AGEM KANAN,2,NAIK,C3,sentral,kiri,59.048,59.428,0.542,0.379,ok,video,0.0,True,False,6.639503432961675,9.822952234342736,6.618456983851043,6.287407274231796
P23,AGEM KANAN,2,NAIK,P3,parietal,kiri,59.048,59.428,0.542,0.379,ok,video,0.0,True,False,16.49084372869187,14.885888026822432,9.381998450940467,14.199681434639796
P23,AGEM KANAN,2,NAIK,O1,oksipital,kiri,59.048,59.428,0.542,0.379,ok,video,0.0,True,False,23.128651307273934,17.774210585227618,9.582617143986933,18.05740370094326
P23,AGEM KANAN,2,NAIK,F7,frontotemporal,kiri,59.048,59.428,0.542,0.379,ok,video,0.0,True,False,13.268412118401542,10.064471678616222,11.06789080091238,12.330660618171077
P23,AGEM KANAN,2,NAIK,T3,temporal,kiri,59.048,59.428,0.542,0.379,ok,video,0.0,True,False,20.149812281215667,12.113577736163862,14.481049201576727,18.430226049566844
P23,AGEM KANAN,2,NAIK,T5,temporo-posterior,kiri,59.048,59.428,0.542,0.379,ok,video,0.0,True,False,18.53406146783781,12.085111850383075,10.375695576606578,16.31898522602246
P23,AGEM KANAN,2,NAIK,Fp2,frontopolar,kanan,59.048,59.428,0.542,0.379,ok,video,0.0,True,False,13.40220355847477,14.284503909415019,9.416455028462245,11.58145778144798
P23,AGEM KANAN,2,NAIK,F4,frontal,kanan,59.048,59.428,0.542,0.379,ok,video,0.0,True,False,7.406168190374569,10.65185146786936,8.02454825267338,7.1579811012342205
P23,AGEM KANAN,2,NAIK,C4,sentral,kanan,59.048,59.428,0.542,0.379,ok,video,0.0,True,False,7.39176400777723,9.456579638182642,5.653346851323498,6.1657541400540765
P23,AGEM KANAN,2,NAIK,P4,parietal,kanan,59.048,59.428,0.542,0.379,ok,video,0.0,True,False,6.421970663123631,5.2718922686044785,5.760964135514779,4.044997980254543
P23,AGEM KANAN,2,NAIK,O2,oksipital,kanan,59.048,59.428,0.542,0.379,ok,video,0.0,True,False,15.07447701420545,19.106160186859267,10.337178607417336,13.38113799642841
P23,AGEM KANAN,2,NAIK,F8,frontotemporal,kanan,59.048,59.428,0.542,0.379,ok,video,0.0,True,False,9.442830714922763,10.015511077739326,8.07470475249244,8.468560178216169
P23,AGEM KANAN,2,NAIK,T4,temporal,kanan,59.048,59.428,0.542,0.379,ok,video,0.0,True,False,5.789779037853542,6.111537203949567,7.606166578366949,5.783859578828078
P23,AGEM KANAN,2,NAIK,T6,temporo-posterior,kanan,59.048,59.428,0.542,0.379,ok,video,0.0,True,False,3.1776176779971834,4.772949494020267,5.7821061101956985,1.5188275437507102
P23,AGEM KANAN,2,POST,Fp1,frontopolar,kiri,60.009,61.509,1.5,1.5,ok,video,0.0,True,False,12.349288623903988,10.193689495968044,8.39969727571178,12.374281683439637
P23,AGEM KANAN,2,POST,F3,frontal,kiri,60.009,61.509,1.5,1.5,ok,video,0.0,True,False,23.611760613836235,19.922711631325896,21.74091251632693,22.99171457437001
P23,AGEM KANAN,2,POST,C3,sentral,kiri,60.009,61.509,1.5,1.5,ok,video,0.0,True,False,22.34274977887656,19.137117987438494,18.426462972231718,21.398964094050744
P23,AGEM KANAN,2,POST,P3,parietal,kiri,60.009,61.509,1.5,1.5,ok,video,0.0,True,False,19.009053684248233,13.598296206860955,17.452419817203435,16.90630590092211
P23,AGEM KANAN,2,POST,O1,oksipital,kiri,60.009,61.509,1.5,1.5,ok,video,0.0,True,False,26.322736394108105,22.26445053291405,17.9385401642949,22.382659236537478
P23,AGEM KANAN,2,POST,F7,frontotemporal,kiri,60.009,61.509,1.5,1.5,ok,video,0.0,True,False,22.222641514693393,18.934776707977612,17.466416250653694,20.443125387902622
P23,AGEM KANAN,2,POST,T3,temporal,kiri,60.009,61.509,1.5,1.5,ok,video,0.0,True,False,25.434788368862378,20.38126338931818,20.374164388981402,22.229931133112462
P23,AGEM KANAN,2,POST,T5,temporo-posterior,kiri,60.009,61.509,1.5,1.5,ok,video,0.0,True,False,23.69457708154316,19.529832359348983,20.264253002265153,20.378704545032914
P23,AGEM KANAN,2,POST,Fp2,frontopolar,kanan,60.009,61.509,1.5,1.5,ok,video,0.0,True,False,14.225175184808915,13.9366193380522,10.913057627574364,13.103940982354011
P23,AGEM KANAN,2,POST,F4,frontal,kanan,60.009,61.509,1.5,1.5,ok,video,0.0,True,False,13.581554184837696,12.97186299264342,9.044555045181262,11.419978662246749
P23,AGEM KANAN,2,POST,C4,sentral,kanan,60.009,61.509,1.5,1.5,ok,video,0.0,True,False,12.570156253145814,10.434535909157074,7.7120507573415225,10.975270000386836
P23,AGEM KANAN,2,POST,P4,parietal,kanan,60.009,61.509,1.5,1.5,ok,video,0.0,True,False,9.629749305637617,8.676814893686174,8.681027118036194,9.152432313776188
P23,AGEM KANAN,2,POST,O2,oksipital,kanan,60.009,61.509,1.5,1.5,ok,video,0.0,True,False,12.142341493040256,10.66374332671337,9.000981838702906,10.591097564805121
P23,AGEM KANAN,2,POST,F8,frontotemporal,kanan,60.009,61.509,1.5,1.5,ok,video,0.0,True,False,11.563573399509352,12.900977428246797,8.116723368537595,10.75866668907334
P23,AGEM KANAN,2,POST,T4,temporal,kanan,60.009,61.509,1.5,1.5,ok,video,0.0,True,False,11.912658207508656,12.237870654493548,8.9531221573401,10.155345248130686
P23,AGEM KANAN,2,POST,T6,temporo-posterior,kanan,60.009,61.509,1.5,1.5,ok,video,0.0,True,False,8.500003551815297,7.581548388862814,9.05969470130066,7.967661386181156
P23,AGEM KIRI,2,PRA,Fp1,frontopolar,kiri,84.575,86.575,2.0,2.0,incomplete,video,0.0,True,False,6.841431690224162,1.25976213813097,3.800323903644802,5.600493547103799
P23,AGEM KIRI,2,PRA,F3,frontal,kiri,84.575,86.575,2.0,2.0,incomplete,video,0.74,False,False,,,,
P23,AGEM KIRI,2,PRA,C3,sentral,kiri,84.575,86.575,2.0,2.0,incomplete,video,0.44,False,False,,,,
P23,AGEM KIRI,2,PRA,P3,parietal,kiri,84.575,86.575,2.0,2.0,incomplete,video,0.54,False,False,,,,
P23,AGEM KIRI,2,PRA,O1,oksipital,kiri,84.575,86.575,2.0,2.0,incomplete,video,0.44,False,False,,,,
P23,AGEM KIRI,2,PRA,F7,frontotemporal,kiri,84.575,86.575,2.0,2.0,incomplete,video,0.0,True,False,10.65507092812512,14.188636304115057,10.092900376141564,10.806170606019617
P23,AGEM KIRI,2,PRA,T3,temporal,kiri,84.575,86.575,2.0,2.0,incomplete,video,0.54,False,False,,,,
P23,AGEM KIRI,2,PRA,T5,temporo-posterior,kiri,84.575,86.575,2.0,2.0,incomplete,video,0.44,False,False,,,,
P23,AGEM KIRI,2,PRA,Fp2,frontopolar,kanan,84.575,86.575,2.0,2.0,incomplete,video,0.0,True,False,9.406760274171344,7.688097271381221,7.925927192809404,9.206378174643469
P23,AGEM KIRI,2,PRA,F4,frontal,kanan,84.575,86.575,2.0,2.0,incomplete,video,0.24,False,False,,,,
P23,AGEM KIRI,2,PRA,C4,sentral,kanan,84.575,86.575,2.0,2.0,incomplete,video,0.34,False,False,,,,
P23,AGEM KIRI,2,PRA,P4,parietal,kanan,84.575,86.575,2.0,2.0,incomplete,video,0.44,False,False,,,,
P23,AGEM KIRI,2,PRA,O2,oksipital,kanan,84.575,86.575,2.0,2.0,incomplete,video,0.44,False,False,,,,
P23,AGEM KIRI,2,PRA,F8,frontotemporal,kanan,84.575,86.575,2.0,2.0,incomplete,video,0.0,True,False,3.1818175007750256,3.321447782084526,6.140222430127313,6.693704014058408
P23,AGEM KIRI,2,PRA,T4,temporal,kanan,84.575,86.575,2.0,2.0,incomplete,video,0.34,False,False,,,,
P23,AGEM KIRI,2,PRA,T6,temporo-posterior,kanan,84.575,86.575,2.0,2.0,incomplete,video,0.14,False,False,,,,
P23,NGEED,3,PRA,Fp1,frontopolar,kiri,277.094,279.094,2.0,2.0,ok,video,0.0,True,False,6.929179764115979,6.740117003509823,2.7977569968880474,6.428068993522405
P23,NGEED,3,PRA,F3,frontal,kiri,277.094,279.094,2.0,2.0,ok,video,0.0,True,False,9.096459329611392,11.076184547771557,2.610386250341522,8.223727815193467
P23,NGEED,3,PRA,C3,sentral,kiri,277.094,279.094,2.0,2.0,ok,video,0.0,True,False,8.130506732325777,8.711501866850476,4.520213979512903,8.122200928958453
P23,NGEED,3,PRA,P3,parietal,kiri,277.094,279.094,2.0,2.0,ok,video,0.0,True,False,8.39112491235699,11.992091200950892,8.698897054800147,8.213968976338744
P23,NGEED,3,PRA,O1,oksipital,kiri,277.094,279.094,2.0,2.0,ok,video,0.0,True,False,9.588031801756621,9.128978998179921,1.8629538326807094,7.421950225207574
P23,NGEED,3,PRA,F7,frontotemporal,kiri,277.094,279.094,2.0,2.0,ok,video,0.0,True,False,8.395638742323001,8.208951722942302,3.831921911950076,7.557097464223961
P23,NGEED,3,PRA,T3,temporal,kiri,277.094,279.094,2.0,2.0,ok,video,0.0,True,False,10.424652064919528,8.530500754802027,3.9040423250184055,8.400837164014472
P23,NGEED,3,PRA,T5,temporo-posterior,kiri,277.094,279.094,2.0,2.0,ok,video,0.0,True,False,9.288756072646166,10.685730842416472,7.345530855288072,8.131955874365392
P23,NGEED,3,PRA,Fp2,frontopolar,kanan,277.094,279.094,2.0,2.0,ok,video,0.0,True,False,9.678335176590029,7.6793264885692345,6.562653613978039,7.474122138681317
P23,NGEED,3,PRA,F4,frontal,kanan,277.094,279.094,2.0,2.0,ok,video,0.0,True,False,12.857102333393488,10.371662330293486,8.248981857625601,10.503668218114974
P23,NGEED,3,PRA,C4,sentral,kanan,277.094,279.094,2.0,2.0,ok,video,0.0,True,False,13.952011235752774,9.79407743054438,8.757140788351453,10.493709233622866
P23,NGEED,3,PRA,P4,parietal,kanan,277.094,279.094,2.0,2.0,ok,video,0.0,True,False,11.905963601768939,8.853020976682874,8.345437235945546,8.96480299028567
P23,NGEED,3,PRA,O2,oksipital,kanan,277.094,279.094,2.0,2.0,ok,video,0.0,True,False,14.044779653344094,12.295508365359641,10.499876586630748,10.859284666894684
P23,NGEED,3,PRA,F8,frontotemporal,kanan,277.094,279.094,2.0,2.0,ok,video,0.0,True,False,12.347245242243801,9.373036079372497,8.601292274964951,9.4738962130649
P23,NGEED,3,PRA,T4,temporal,kanan,277.094,279.094,2.0,2.0,ok,video,0.0,True,False,11.398966474750061,9.86742251824625,8.85880945849524,8.886185301677507
P23,NGEED,3,PRA,T6,temporo-posterior,kanan,277.094,279.094,2.0,2.0,ok,video,0.0,True,False,10.685324626543625,9.315196926905294,10.801789712326975,8.429993093154188
P23,NGEED,3,TURUN,Fp1,frontopolar,kiri,280.038,280.358,0.458,0.321,ok,video,0.0,True,False,9.306452246447513,5.165811793854843,8.111477922850185,9.889461805516842
P23,NGEED,3,TURUN,F3,frontal,kiri,280.038,280.358,0.458,0.321,ok,video,0.0,True,False,14.310735356785127,7.313884971753829,7.052551170095761,12.701758641705943
P23,NGEED,3,TURUN,C3,sentral,kiri,280.038,280.358,0.458,0.321,ok,video,0.0,True,False,8.588493695354376,2.5429040006503456,-0.028548216213446054,6.054915658168941
P23,NGEED,3,TURUN,P3,parietal,kiri,280.038,280.358,0.458,0.321,ok,video,0.0,True,False,14.156875116842205,10.5109973471389,11.631575641996605,11.533079107103639
P23,NGEED,3,TURUN,O1,oksipital,kiri,280.038,280.358,0.458,0.321,ok,video,0.0,True,False,4.023282974341157,5.9814709850340755,6.930352510147564,4.547911963064227
P23,NGEED,3,TURUN,F7,frontotemporal,kiri,280.038,280.358,0.458,0.321,ok,video,0.0,True,False,11.625635881412073,18.310359167217044,12.278515404147264,14.089594699571979
P23,NGEED,3,TURUN,T3,temporal,kiri,280.038,280.358,0.458,0.321,ok,video,0.0,True,False,7.886618575773561,5.0474083957224885,5.0283313462905,5.335870022547553
P23,NGEED,3,TURUN,T5,temporo-posterior,kiri,280.038,280.358,0.458,0.321,ok,video,0.0,True,False,11.957810037969729,8.669005738286113,7.890157681438591,8.639473131775521
P23,NGEED,3,TURUN,Fp2,frontopolar,kanan,280.038,280.358,0.458,0.321,ok,video,0.0,True,False,16.183651189009662,5.472361939172764,11.99182207533077,15.606800827087774
P23,NGEED,3,TURUN,F4,frontal,kanan,280.038,280.358,0.458,0.321,ok,video,0.0,True,False,14.844383311191354,10.643628448164083,7.51569069232028,12.841958112953947
P23,NGEED,3,TURUN,C4,sentral,kanan,280.038,280.358,0.458,0.321,ok,video,0.0,True,False,13.438451491631003,5.658542281212352,7.295524631375432,12.083526015715748
P23,NGEED,3,TURUN,P4,parietal,kanan,280.038,280.358,0.458,0.321,ok,video,0.0,True,False,10.689081918694434,10.402426447086174,5.063486599059427,9.082553963619262
P23,NGEED,3,TURUN,O2,oksipital,kanan,280.038,280.358,0.458,0.321,ok,video,0.0,True,False,19.778215589176796,9.780078996800118,14.107192288038576,18.43722338807979
P23,NGEED,3,TURUN,F8,frontotemporal,kanan,280.038,280.358,0.458,0.321,ok,video,0.0,True,False,14.55855211497331,10.12779753268974,10.080289311743346,13.175748377558609
P23,NGEED,3,TURUN,T4,temporal,kanan,280.038,280.358,0.458,0.321,ok,video,0.0,True,False,10.9815408836429,5.865591247867918,9.039046957189132,10.258606395661843
P23,NGEED,3,TURUN,T6,temporo-posterior,kanan,280.038,280.358,0.458,0.321,ok,video,0.0,True,False,8.516227129452353,7.298649880780772,9.728126180619082,8.361562492450169
P23,NGEED,3,TAHAN,Fp1,frontopolar,kiri,280.629,281.572,1.347,0.943,ok,video,0.0,True,False,9.73284174563036,5.674266065621417,0.8380764812575947,8.204289279200662
P23,NGEED,3,TAHAN,F3,frontal,kiri,280.629,281.572,1.347,0.943,ok,video,0.547,False,False,,,,
P23,NGEED,3,TAHAN,C3,sentral,kiri,280.629,281.572,1.347,0.943,ok,video,0.547,False,False,,,,
P23,NGEED,3,TAHAN,P3,parietal,kiri,280.629,281.572,1.347,0.943,ok,video,0.0,True,False,3.471110255933553,0.8415554362337136,4.19681428709757,2.1273785525885085
P23,NGEED,3,TAHAN,O1,oksipital,kiri,280.629,281.572,1.347,0.943,ok,video,0.632,False,False,,,,
P23,NGEED,3,TAHAN,F7,frontotemporal,kiri,280.629,281.572,1.347,0.943,ok,video,0.0,True,False,8.406539275396241,10.223534933858339,5.233557318256452,8.792616681047445
P23,NGEED,3,TAHAN,T3,temporal,kiri,280.629,281.572,1.347,0.943,ok,video,0.789,False,False,,,,
P23,NGEED,3,TAHAN,T5,temporo-posterior,kiri,280.629,281.572,1.347,0.943,ok,video,0.0,True,False,2.422795621695741,0.031512774289296885,1.311209322374868,0.34950566863395593
P23,NGEED,3,TAHAN,Fp2,frontopolar,kanan,280.629,281.572,1.347,0.943,ok,video,0.0,True,False,8.745876370644392,10.12198570072061,2.4436359072326113,9.737396241927819
P23,NGEED,3,TAHAN,F4,frontal,kanan,280.629,281.572,1.347,0.943,ok,video,0.0,True,False,10.906911090874214,14.04552619628318,9.097273550999542,11.117674509056513
P23,NGEED,3,TAHAN,C4,sentral,kanan,280.629,281.572,1.347,0.943,ok,video,0.0,True,False,7.907507511150467,10.977532064305183,6.367231335191391,8.192123876973184
P23,NGEED,3,TAHAN,P4,parietal,kanan,280.629,281.572,1.347,0.943,ok,video,0.0,True,False,8.037455432630495,8.952870081920818,5.9985428015534765,6.01911523635161
P23,NGEED,3,TAHAN,O2,oksipital,kanan,280.629,281.572,1.347,0.943,ok,video,0.0,True,False,12.965395947266657,13.07656997674967,7.507971823784462,12.658242030113652
P23,NGEED,3,TAHAN,F8,frontotemporal,kanan,280.629,281.572,1.347,0.943,ok,video,0.0,True,False,8.774498685165398,12.454139195334086,7.913619627268506,8.981089092799383
P23,NGEED,3,TAHAN,T4,temporal,kanan,280.629,281.572,1.347,0.943,ok,video,0.0,True,False,9.14273030908204,11.52967112039115,5.077842774265768,8.58343484093762
P23,NGEED,3,TAHAN,T6,temporo-posterior,kanan,280.629,281.572,1.347,0.943,ok,video,0.0,True,False,8.346544383783524,12.447334208055352,8.681783529911566,7.174348725719
P23,NGEED,3,NAIK,Fp1,frontopolar,kiri,282.024,284.177,2.653,2.153,ok,video,0.0,True,False,4.935611616222118,3.9209887493366224,3.511794186883371,4.406551717465472
P23,NGEED,3,NAIK,F3,frontal,kiri,282.024,284.177,2.653,2.153,ok,video,1.0,False,False,,,,
P23,NGEED,3,NAIK,C3,sentral,kiri,282.024,284.177,2.653,2.153,ok,video,1.0,False,False,,,,
P23,NGEED,3,NAIK,P3,parietal,kiri,282.024,284.177,2.653,2.153,ok,video,1.0,False,False,,,,
P23,NGEED,3,NAIK,O1,oksipital,kiri,282.024,284.177,2.653,2.153,ok,video,0.814,False,False,,,,
P23,NGEED,3,NAIK,F7,frontotemporal,kiri,282.024,284.177,2.653,2.153,ok,video,0.0,True,False,17.755067076120064,15.734500016207363,11.579575146207848,15.821547914188212
P23,NGEED,3,NAIK,T3,temporal,kiri,282.024,284.177,2.653,2.153,ok,video,0.721,False,False,,,,
P23,NGEED,3,NAIK,T5,temporo-posterior,kiri,282.024,284.177,2.653,2.153,ok,video,0.149,False,False,,,,
P23,NGEED,3,NAIK,Fp2,frontopolar,kanan,282.024,284.177,2.653,2.153,ok,video,0.0,True,False,6.385498420403845,9.13829083521814,5.478376556386767,5.858692040846869
P23,NGEED,3,NAIK,F4,frontal,kanan,282.024,284.177,2.653,2.153,ok,video,0.0,True,False,4.992924651598411,7.688585957003678,6.01462733061409,5.334136283269309
P23,NGEED,3,NAIK,C4,sentral,kanan,282.024,284.177,2.653,2.153,ok,video,0.0,True,False,4.71291320265912,5.247246509454602,4.518072341164739,3.863435652768949
P23,NGEED,3,NAIK,P4,parietal,kanan,282.024,284.177,2.653,2.153,ok,video,0.0,True,False,0.4686802118699376,1.6341755804556932,1.2645333040173483,-0.22414228760278831
P23,NGEED,3,NAIK,O2,oksipital,kanan,282.024,284.177,2.653,2.153,ok,video,0.0,True,False,1.8526069558944158,4.86764619638997,0.8446581637917205,1.4558218162803271
P23,NGEED,3,NAIK,F8,frontotemporal,kanan,282.024,284.177,2.653,2.153,ok,video,0.0,True,False,7.97477216030974,11.049741204273708,8.763950932220649,8.076012740405798
P23,NGEED,3,NAIK,T4,temporal,kanan,282.024,284.177,2.653,2.153,ok,video,0.0,True,False,4.735389144368298,5.95605624820606,3.8674992998634927,3.9266577757129753
P23,NGEED,3,NAIK,T6,temporo-posterior,kanan,282.024,284.177,2.653,2.153,ok,video,0.0,True,False,7.77412311876904,6.597483743764087,6.295630920580503,6.048053827953318
P23,NGEED,3,POST,Fp1,frontopolar,kiri,284.927,286.427,1.5,1.5,ok,video,0.0,True,False,7.042704142165206,1.4135716020372442,0.2680385588343732,4.781865515510759
P23,NGEED,3,POST,F3,frontal,kiri,284.927,286.427,1.5,1.5,ok,video,1.0,False,False,,,,
P23,NGEED,3,POST,C3,sentral,kiri,284.927,286.427,1.5,1.5,ok,video,1.0,False,False,,,,
P23,NGEED,3,POST,P3,parietal,kiri,284.927,286.427,1.5,1.5,ok,video,1.0,False,False,,,,
P23,NGEED,3,POST,O1,oksipital,kiri,284.927,286.427,1.5,1.5,ok,video,1.0,False,False,,,,
P23,NGEED,3,POST,F7,frontotemporal,kiri,284.927,286.427,1.5,1.5,ok,video,0.0,True,False,7.902613569698197,5.666597095421107,4.667409491118285,7.792550775446269
P23,NGEED,3,POST,T3,temporal,kiri,284.927,286.427,1.5,1.5,ok,video,1.0,False,False,,,,
P23,NGEED,3,POST,T5,temporo-posterior,kiri,284.927,286.427,1.5,1.5,ok,video,0.62,False,False,,,,
P23,NGEED,3,POST,Fp2,frontopolar,kanan,284.927,286.427,1.5,1.5,ok,video,0.0,True,False,1.409292707258718,0.582195866045069,-0.9859007751761695,0.08597380720215853
P23,NGEED,3,POST,F4,frontal,kanan,284.927,286.427,1.5,1.5,ok,video,0.0,True,False,3.3230848744910624,1.8902277924434152,3.7864076119601258,2.9846271825375226
P23,NGEED,3,POST,C4,sentral,kanan,284.927,286.427,1.5,1.5,ok,video,0.0,True,False,5.23928934892275,1.2179431385307566,0.47892651739911685,3.1181829468705224
P23,NGEED,3,POST,P4,parietal,kanan,284.927,286.427,1.5,1.5,ok,video,0.0,True,False,-2.7367727266159463,1.054881308746527,-1.4392868986550518,-2.451688586559605
P23,NGEED,3,POST,O2,oksipital,kanan,284.927,286.427,1.5,1.5,ok,video,0.267,False,False,,,,
P23,NGEED,3,POST,F8,frontotemporal,kanan,284.927,286.427,1.5,1.5,ok,video,0.0,True,False,2.9931911935372355,5.4964700229754655,4.448309649884095,2.4147262679549613
P23,NGEED,3,POST,T4,temporal,kanan,284.927,286.427,1.5,1.5,ok,video,0.0,True,False,-2.621840052904126,0.09276410623633069,-0.4632085998159674,-2.300420990849606
P23,NGEED,3,POST,T6,temporo-posterior,kanan,284.927,286.427,1.5,1.5,ok,video,0.0,True,False,2.5402288339265766,0.5973864874693113,0.615419728290501,0.03589474972098827
P23,NGEED,4,PRA,Fp1,frontopolar,kiri,293.828,295.828,2.0,2.0,ok,video,0.0,True,False,6.308566825257458,9.392027460101545,5.243008901385718,7.610337738204446
P23,NGEED,4,PRA,F3,frontal,kiri,293.828,295.828,2.0,2.0,ok,video,0.0,True,False,15.91070684015249,14.20694810282674,7.573953294879363,15.011190075738131
P23,NGEED,4,PRA,C3,sentral,kiri,293.828,295.828,2.0,2.0,ok,video,0.0,True,False,14.66582606102589,15.299760581158353,6.615097002945362,14.538108696717341
P23,NGEED,4,PRA,P3,parietal,kiri,293.828,295.828,2.0,2.0,ok,video,0.0,True,False,14.141639135336852,17.337633221791297,12.047737752733234,14.29524862479622
P23,NGEED,4,PRA,O1,oksipital,kiri,293.828,295.828,2.0,2.0,ok,video,0.0,True,False,16.7388700981397,15.313545932815789,4.7913153393253225,14.55172000049376
P23,NGEED,4,PRA,F7,frontotemporal,kiri,293.828,295.828,2.0,2.0,ok,video,0.0,True,False,16.51278313504462,17.804097663092293,12.536987258913818,16.634478216462558
P23,NGEED,4,PRA,T3,temporal,kiri,293.828,295.828,2.0,2.0,ok,video,0.0,True,False,17.628280976325932,7.236990680959607,8.321937024049138,14.795721674248139
P23,NGEED,4,PRA,T5,temporo-posterior,kiri,293.828,295.828,2.0,2.0,ok,video,0.0,True,False,17.681996079268103,16.649657011681914,10.22763512611515,15.946333454853917
P23,NGEED,4,PRA,Fp2,frontopolar,kanan,293.828,295.828,2.0,2.0,ok,video,0.0,True,False,14.036271517123563,15.892188726241596,10.451962324485432,13.719278004633992
P23,NGEED,4,PRA,F4,frontal,kanan,293.828,295.828,2.0,2.0,ok,video,0.0,True,False,13.222858380938273,14.097168197730273,10.865638911564243,15.330889007373464
P23,NGEED,4,PRA,C4,sentral,kanan,293.828,295.828,2.0,2.0,ok,video,0.0,True,False,11.980397105555934,13.384245293615184,9.852726588730711,14.225857889531724
P23,NGEED,4,PRA,P4,parietal,kanan,293.828,295.828,2.0,2.0,ok,video,0.0,True,False,13.605389549060462,12.791654844858645,11.20265871002259,15.297019137332725
P23,NGEED,4,PRA,O2,oksipital,kanan,293.828,295.828,2.0,2.0,ok,video,0.0,True,False,15.03712082961286,16.47481300551345,11.708680698373534,15.747803773577335
P23,NGEED,4,PRA,F8,frontotemporal,kanan,293.828,295.828,2.0,2.0,ok,video,0.0,True,False,15.389880811942696,15.562474771089299,11.049308853147,14.318532314509358
P23,NGEED,4,PRA,T4,temporal,kanan,293.828,295.828,2.0,2.0,ok,video,0.0,True,False,12.677329166475118,10.975957324332185,9.314229792799917,13.662410765498223
P23,NGEED,4,PRA,T6,temporo-posterior,kanan,293.828,295.828,2.0,2.0,ok,video,0.0,True,False,12.773180113457528,16.30304357642705,13.150902535263743,12.785870848686642
P23,NGEED,4,TURUN,Fp1,frontopolar,kiri,296.028,296.961,1.333,0.933,ok,video,0.0,True,False,11.78737230722863,8.927242469408668,4.543794060608342,9.409917539535275
P23,NGEED,4,TURUN,F3,frontal,kiri,296.028,296.961,1.333,0.933,ok,video,0.0,True,False,14.59023028421429,14.507923174911006,8.490877870830634,12.248043354743931
P23,NGEED,4,TURUN,C3,sentral,kiri,296.028,296.961,1.333,0.933,ok,video,0.0,True,False,10.151279776805122,12.131316682640499,5.895095377205308,11.815894079739241
P23,NGEED,4,TURUN,P3,parietal,kiri,296.028,296.961,1.333,0.933,ok,video,0.0,True,False,16.330229952376627,13.800803206425055,14.764229159163975,15.597712009788701
P23,NGEED,4,TURUN,O1,oksipital,kiri,296.028,296.961,1.333,0.933,ok,video,0.0,True,False,15.424574056090194,12.570481241682604,7.049849332276313,12.262236276141579
P23,NGEED,4,TURUN,F7,frontotemporal,kiri,296.028,296.961,1.333,0.933,ok,video,0.0,True,False,16.820224821315684,13.489319191822716,12.018929092524438,14.566833987272002
P23,NGEED,4,TURUN,T3,temporal,kiri,296.028,296.961,1.333,0.933,ok,video,0.0,True,False,17.20156647009764,13.16907891780835,9.77282699318906,14.366016390530358
P23,NGEED,4,TURUN,T5,temporo-posterior,kiri,296.028,296.961,1.333,0.933,ok,video,0.0,True,False,16.41025643526283,12.061797560416476,12.380856130267105,14.999803788998815
P23,NGEED,4,TURUN,Fp2,frontopolar,kanan,296.028,296.961,1.333,0.933,ok,video,0.0,True,False,11.22524578692639,10.85170829780525,8.872213905683989,10.41152785023209
P23,NGEED,4,TURUN,F4,frontal,kanan,296.028,296.961,1.333,0.933,ok,video,0.0,True,False,16.912980939013114,13.910808504626427,7.285481809844121,13.37730917063552
P23,NGEED,4,TURUN,C4,sentral,kanan,296.028,296.961,1.333,0.933,ok,video,0.0,True,False,15.681897144939914,9.569511777765019,5.323091548384713,11.525313051078093
P23,NGEED,4,TURUN,P4,parietal,kanan,296.028,296.961,1.333,0.933,ok,video,0.0,True,False,15.878173765300254,13.534840179578122,6.89087851074364,12.708874047405786
P23,NGEED,4,TURUN,O2,oksipital,kanan,296.028,296.961,1.333,0.933,ok,video,0.0,True,False,14.642321349657358,10.619667637794283,6.150307309592279,13.297775593506142
P23,NGEED,4,TURUN,F8,frontotemporal,kanan,296.028,296.961,1.333,0.933,ok,video,0.0,True,False,15.066660909810722,11.433832009088292,10.693393826654845,14.353978783436819
P23,NGEED,4,TURUN,T4,temporal,kanan,296.028,296.961,1.333,0.933,ok,video,0.0,True,False,16.984390883656744,12.81878821386357,11.666694362841294,13.478675424510733
P23,NGEED,4,TURUN,T6,temporo-posterior,kanan,296.028,296.961,1.333,0.933,ok,video,0.0,True,False,13.488901904343749,15.86835073791027,11.501908840302267,12.222996273587988
P23,NGEED,4,TAHAN,Fp1,frontopolar,kiri,297.411,299.855,2.944,2.444,ok,video,0.0,True,False,3.9198551930230963,2.699710957924566,-1.8135774060029668,4.213949398798174
P23,NGEED,4,TAHAN,F3,frontal,kiri,297.411,299.855,2.944,2.444,ok,video,0.0,True,False,1.723980439204606,4.712067583061,-0.6415080805151465,4.0043135549447015
P23,NGEED,4,TAHAN,C3,sentral,kiri,297.411,299.855,2.944,2.444,ok,video,0.0,True,False,2.1510378509702583,3.6803977713351728,0.05321317612971299,4.688998327123709
P23,NGEED,4,TAHAN,P3,parietal,kiri,297.411,299.855,2.944,2.444,ok,video,0.0,True,False,5.796032606900397,7.332576730706936,2.9390494303972368,6.700442387171076
P23,NGEED,4,TAHAN,O1,oksipital,kiri,297.411,299.855,2.944,2.444,ok,video,0.0,True,False,3.74336128572309,3.9067536719472002,-2.4194723224984944,5.689690752801763
P23,NGEED,4,TAHAN,F7,frontotemporal,kiri,297.411,299.855,2.944,2.444,ok,video,0.0,True,False,7.109542450750453,8.216153459439042,2.975073828837761,7.867867697141133
P23,NGEED,4,TAHAN,T3,temporal,kiri,297.411,299.855,2.944,2.444,ok,video,0.0,True,False,2.5364256795981426,0.535130503182554,-0.5840212830463507,1.6821059698475196
P23,NGEED,4,TAHAN,T5,temporo-posterior,kiri,297.411,299.855,2.944,2.444,ok,video,0.0,True,False,4.92826914781244,4.844885800669257,1.1091280517613633,5.299641358635142
P23,NGEED,4,TAHAN,Fp2,frontopolar,kanan,297.411,299.855,2.944,2.444,ok,video,0.0,True,False,7.742919657120556,7.251767080332229,0.12086107052091322,6.3782780128112115
P23,NGEED,4,TAHAN,F4,frontal,kanan,297.411,299.855,2.944,2.444,ok,video,0.0,True,False,4.077256045095172,8.954087010211989,2.056481946580096,6.061021846477935
P23,NGEED,4,TAHAN,C4,sentral,kanan,297.411,299.855,2.944,2.444,ok,video,0.0,True,False,4.1544123110757845,5.172902966726486,0.7968780702943796,4.287238083935556
P23,NGEED,4,TAHAN,P4,parietal,kanan,297.411,299.855,2.944,2.444,ok,video,0.0,True,False,3.909950294670473,7.269460438136665,0.23671407481480955,5.370505624521222
P23,NGEED,4,TAHAN,O2,oksipital,kanan,297.411,299.855,2.944,2.444,ok,video,0.0,True,False,10.805595662121078,9.929096723632195,1.6641583759973884,9.912470959763755
P23,NGEED,4,TAHAN,F8,frontotemporal,kanan,297.411,299.855,2.944,2.444,ok,video,0.0,True,False,5.708920188232625,9.021155742037116,4.265454751037428,6.862021396705753
P23,NGEED,4,TAHAN,T4,temporal,kanan,297.411,299.855,2.944,2.444,ok,video,0.0,True,False,5.607361998012692,5.9346474688066735,0.7490317706912855,4.637168858231398
P23,NGEED,4,TAHAN,T6,temporo-posterior,kanan,297.411,299.855,2.944,2.444,ok,video,0.0,True,False,4.206557051588483,5.892339810924547,2.346985784882051,6.445938853464412
P23,NGEED,4,NAIK,Fp1,frontopolar,kiri,300.195,300.613,0.598,0.419,ok,video,0.0,True,False,4.404887131108019,1.0426293416473058,-0.017601283792945566,1.9516362240506098
P23,NGEED,4,NAIK,F3,frontal,kiri,300.195,300.613,0.598,0.419,ok,video,0.0,True,False,6.022624404325153,10.80355992653898,9.098497700168814,7.618763615420853
P23,NGEED,4,NAIK,C3,sentral,kiri,300.195,300.613,0.598,0.419,ok,video,0.0,True,False,7.3105922204248905,7.825207405728811,10.40120650891265,7.498647974068167
P23,NGEED,4,NAIK,P3,parietal,kiri,300.195,300.613,0.598,0.419,ok,video,0.0,True,False,13.382492711161145,11.972819584263412,12.91409646017015,11.835398180491122
P23,NGEED,4,NAIK,O1,oksipital,kiri,300.195,300.613,0.598,0.419,ok,video,0.0,True,False,6.817967366328951,8.374841315733985,7.858229964421792,7.297784471819313
P23,NGEED,4,NAIK,F7,frontotemporal,kiri,300.195,300.613,0.598,0.419,ok,video,0.0,True,False,7.851909625639912,7.404150743104541,11.510956452463166,10.850882582705918
P23,NGEED,4,NAIK,T3,temporal,kiri,300.195,300.613,0.598,0.419,ok,video,0.0,True,False,12.580861994902087,3.6249042361607096,11.747927014686073,11.50264665813997
P23,NGEED,4,NAIK,T5,temporo-posterior,kiri,300.195,300.613,0.598,0.419,ok,video,0.0,True,False,14.874226712707774,12.281379314422797,14.526166643396525,13.168464627568216
P23,NGEED,4,NAIK,Fp2,frontopolar,kanan,300.195,300.613,0.598,0.419,ok,video,0.0,True,False,4.843412531244947,8.693331360963544,1.2921522372657854,5.362678675584448
P23,NGEED,4,NAIK,F4,frontal,kanan,300.195,300.613,0.598,0.419,ok,video,0.0,True,False,4.154701684607776,6.634993458047585,4.532382800527433,3.4781175802160007
P23,NGEED,4,NAIK,C4,sentral,kanan,300.195,300.613,0.598,0.419,ok,video,0.0,True,False,3.1058164437672637,4.01024771009919,-0.6814605696380411,3.9580116232201235
P23,NGEED,4,NAIK,P4,parietal,kanan,300.195,300.613,0.598,0.419,ok,video,0.0,True,False,4.084285272276432,9.212835635690478,5.678453094951205,4.056791124206683
P23,NGEED,4,NAIK,O2,oksipital,kanan,300.195,300.613,0.598,0.419,ok,video,0.0,True,False,1.545096268225521,5.235524829837573,4.919554887597567,2.93516317549874
P23,NGEED,4,NAIK,F8,frontotemporal,kanan,300.195,300.613,0.598,0.419,ok,video,0.0,True,False,8.522469792228627,6.580636552109276,6.184248600315126,6.952742357300881
P23,NGEED,4,NAIK,T4,temporal,kanan,300.195,300.613,0.598,0.419,ok,video,0.0,True,False,9.009835266861614,8.164762858041932,0.6107832765376706,7.089321119790078
P23,NGEED,4,NAIK,T6,temporo-posterior,kanan,300.195,300.613,0.598,0.419,ok,video,0.0,True,False,6.581828160768829,10.797113860388507,7.319898840612446,5.161527411888095
P23,NGEED,4,POST,Fp1,frontopolar,kiri,301.203,302.703,1.5,1.5,ok,video,0.0,True,False,4.333322522032667,3.4914839567111677,2.3086112799424754,4.697621809022845
P23,NGEED,4,POST,F3,frontal,kiri,301.203,302.703,1.5,1.5,ok,video,0.0,True,False,6.514775828344657,2.638954084413964,3.082258724997846,3.9556852256399218
P23,NGEED,4,POST,C3,sentral,kiri,301.203,302.703,1.5,1.5,ok,video,0.0,True,False,8.462949610340825,4.42483871950277,1.678377280311798,6.325862007698635
P23,NGEED,4,POST,P3,parietal,kiri,301.203,302.703,1.5,1.5,ok,video,0.0,True,False,6.432636470593305,4.765856343946879,7.14967091325113,5.286356725329139
P23,NGEED,4,POST,O1,oksipital,kiri,301.203,302.703,1.5,1.5,ok,video,0.0,True,False,5.018285795094549,3.704541021907918,1.8592908484077242,3.8654913524647654
P23,NGEED,4,POST,F7,frontotemporal,kiri,301.203,302.703,1.5,1.5,ok,video,0.0,True,False,9.98711070532918,10.518815133630078,9.729367482427964,10.246596663278606
P23,NGEED,4,POST,T3,temporal,kiri,301.203,302.703,1.5,1.5,ok,video,0.0,True,False,5.328844821493746,0.4133551944996938,1.7799437184292088,4.304010017718507
P23,NGEED,4,POST,T5,temporo-posterior,kiri,301.203,302.703,1.5,1.5,ok,video,0.0,True,False,5.976232091745224,2.820692229273309,4.566770980320886,4.197707628266631
P23,NGEED,4,POST,Fp2,frontopolar,kanan,301.203,302.703,1.5,1.5,ok,video,0.0,True,False,8.505953093016775,9.338976763222195,5.867504874235259,9.176245933138517
P23,NGEED,4,POST,F4,frontal,kanan,301.203,302.703,1.5,1.5,ok,video,0.0,True,False,10.749746337232796,9.799759354876262,6.00764533933323,9.598902613064247
P23,NGEED,4,POST,C4,sentral,kanan,301.203,302.703,1.5,1.5,ok,video,0.0,True,False,9.600831376458,7.390199267726633,5.301274230335295,8.817297488029034
P23,NGEED,4,POST,P4,parietal,kanan,301.203,302.703,1.5,1.5,ok,video,0.0,True,False,10.691022104095225,9.638765282381168,7.1832210908919585,9.243840620883688
P23,NGEED,4,POST,O2,oksipital,kanan,301.203,302.703,1.5,1.5,ok,video,0.0,True,False,10.543785415232875,8.64480210783643,6.926718407503774,9.694064699507617
P23,NGEED,4,POST,F8,frontotemporal,kanan,301.203,302.703,1.5,1.5,ok,video,0.0,True,False,7.7428196684452715,10.975812909088809,7.048472072520735,8.091674550426259
P23,NGEED,4,POST,T4,temporal,kanan,301.203,302.703,1.5,1.5,ok,video,0.0,True,False,10.336424706745632,8.547476929922198,7.147760194183938,8.60757224742023
P23,NGEED,4,POST,T6,temporo-posterior,kanan,301.203,302.703,1.5,1.5,ok,video,0.0,True,False,9.113582306073226,8.44384004391354,9.131313202742934,8.363338183975415
P23,AGEM KANAN,3,PRA,Fp1,frontopolar,kiri,309.964,311.964,2.0,2.0,short_hold,video,0.0,True,False,3.737148041609913,1.0981119375624537,2.56912898760741,3.638899665738176
P23,AGEM KANAN,3,PRA,F3,frontal,kiri,309.964,311.964,2.0,2.0,short_hold,video,0.9,False,False,,,,
P23,AGEM KANAN,3,PRA,C3,sentral,kiri,309.964,311.964,2.0,2.0,short_hold,video,0.745,False,False,,,,
P23,AGEM KANAN,3,PRA,P3,parietal,kiri,309.964,311.964,2.0,2.0,short_hold,video,0.745,False,False,,,,
P23,AGEM KANAN,3,PRA,O1,oksipital,kiri,309.964,311.964,2.0,2.0,short_hold,video,0.645,False,False,,,,
P23,AGEM KANAN,3,PRA,F7,frontotemporal,kiri,309.964,311.964,2.0,2.0,short_hold,video,0.045,True,False,7.659055523224538,11.394349763083333,7.092633629931008,9.153732324291905
P23,AGEM KANAN,3,PRA,T3,temporal,kiri,309.964,311.964,2.0,2.0,short_hold,video,0.745,False,False,,,,
P23,AGEM KANAN,3,PRA,T5,temporo-posterior,kiri,309.964,311.964,2.0,2.0,short_hold,video,0.745,False,False,,,,
P23,AGEM KANAN,3,PRA,Fp2,frontopolar,kanan,309.964,311.964,2.0,2.0,short_hold,video,0.0,True,False,10.901481557318096,5.8768844373345495,5.578479662533002,8.67615023612985
P23,AGEM KANAN,3,PRA,F4,frontal,kanan,309.964,311.964,2.0,2.0,short_hold,video,0.2,False,False,,,,
P23,AGEM KANAN,3,PRA,C4,sentral,kanan,309.964,311.964,2.0,2.0,short_hold,video,0.345,False,False,,,,
P23,AGEM KANAN,3,PRA,P4,parietal,kanan,309.964,311.964,2.0,2.0,short_hold,video,0.445,False,False,,,,
P23,AGEM KANAN,3,PRA,O2,oksipital,kanan,309.964,311.964,2.0,2.0,short_hold,video,0.545,False,False,,,,
P23,AGEM KANAN,3,PRA,F8,frontotemporal,kanan,309.964,311.964,2.0,2.0,short_hold,video,0.0,True,False,10.875507658576353,3.689070491045527,7.796011867345928,8.332090542490928
P23,AGEM KANAN,3,PRA,T4,temporal,kanan,309.964,311.964,2.0,2.0,short_hold,video,0.445,False,False,,,,
P23,AGEM KANAN,3,PRA,T6,temporo-posterior,kanan,309.964,311.964,2.0,2.0,short_hold,video,0.0,True,False,12.450992343180033,10.000017467086316,9.159234625390571,8.833120568983283
P23,AGEM KANAN,3,TURUN,Fp1,frontopolar,kiri,312.741,313.257,0.736,0.515,short_hold,video,0.0,True,False,5.50410389864134,2.67678057485762,7.017360165533759,5.5765167899923505
P23,AGEM KANAN,3,TURUN,F3,frontal,kiri,312.741,313.257,0.736,0.515,short_hold,video,1.0,False,False,,,,
P23,AGEM KANAN,3,TURUN,C3,sentral,kiri,312.741,313.257,0.736,0.515,short_hold,video,1.0,False,False,,,,
P23,AGEM KANAN,3,TURUN,P3,parietal,kiri,312.741,313.257,0.736,0.515,short_hold,video,0.0,True,False,9.201402725498301,0.2532682699450177,10.692060259412486,9.695668249834881
P23,AGEM KANAN,3,TURUN,O1,oksipital,kiri,312.741,313.257,0.736,0.515,short_hold,video,0.0,True,False,-0.982042509270773,-0.9945016131791675,-5.377498608858428,-2.652613578424596
P23,AGEM KANAN,3,TURUN,F7,frontotemporal,kiri,312.741,313.257,0.736,0.515,short_hold,video,0.0,True,False,19.058298028517846,12.642761082672287,13.359420796979485,19.177078354690142
P23,AGEM KANAN,3,TURUN,T3,temporal,kiri,312.741,313.257,0.736,0.515,short_hold,video,0.0,True,False,5.0364225757136865,2.458338091047974,6.627116513075126,4.7015096878515905
P23,AGEM KANAN,3,TURUN,T5,temporo-posterior,kiri,312.741,313.257,0.736,0.515,short_hold,video,0.0,True,False,9.974837706499017,2.1333717132905186,9.218009165485551,8.840449931421087
P23,AGEM KANAN,3,TURUN,Fp2,frontopolar,kanan,312.741,313.257,0.736,0.515,short_hold,video,0.0,True,False,14.74296287506996,7.8513104305918695,10.845451927459674,12.762145569196768
P23,AGEM KANAN,3,TURUN,F4,frontal,kanan,312.741,313.257,0.736,0.515,short_hold,video,0.0,True,False,9.325990780458827,7.266891461182251,5.701157293712566,6.610095292069282
P23,AGEM KANAN,3,TURUN,C4,sentral,kanan,312.741,313.257,0.736,0.515,short_hold,video,0.0,True,False,6.609605632451451,3.571995850957716,4.779356864585306,5.401277524994249
P23,AGEM KANAN,3,TURUN,P4,parietal,kanan,312.741,313.257,0.736,0.515,short_hold,video,0.0,True,False,2.351360197667937,6.788173079765205,5.572306462944827,2.8413986709314543
P23,AGEM KANAN,3,TURUN,O2,oksipital,kanan,312.741,313.257,0.736,0.515,short_hold,video,0.0,True,False,5.41760173451263,2.150959179452933,6.207352807506222,4.615282299374488
P23,AGEM KANAN,3,TURUN,F8,frontotemporal,kanan,312.741,313.257,0.736,0.515,short_hold,video,0.0,True,False,17.00929763361684,16.940538106606027,11.029438631774948,15.014972968536423
P23,AGEM KANAN,3,TURUN,T4,temporal,kanan,312.741,313.257,0.736,0.515,short_hold,video,0.0,True,False,7.2511300117459,6.894473786239004,5.7875162619744245,5.144884173441852
P23,AGEM KANAN,3,TURUN,T6,temporo-posterior,kanan,312.741,313.257,0.736,0.515,short_hold,video,0.0,True,False,9.545058238572892,9.330810199363697,7.7436865509732655,7.408998830940519
P23,AGEM KANAN,3,NAIK,Fp1,frontopolar,kiri,313.881,316.311,2.93,2.43,short_hold,video,0.0,True,False,6.603374199502191,3.4221412757531695,3.7238146348331576,6.889600330836583
P23,AGEM KANAN,3,NAIK,F3,frontal,kiri,313.881,316.311,2.93,2.43,short_hold,video,0.235,False,False,,,,
P23,AGEM KANAN,3,NAIK,C3,sentral,kiri,313.881,316.311,2.93,2.43,short_hold,video,0.317,False,False,,,,
P23,AGEM KANAN,3,NAIK,P3,parietal,kiri,313.881,316.311,2.93,2.43,short_hold,video,0.165,False,False,,,,
P23,AGEM KANAN,3,NAIK,O1,oksipital,kiri,313.881,316.311,2.93,2.43,short_hold,video,0.0,True,False,9.131576389645218,8.056047235466,3.8972980676838382,7.041463431741448
P23,AGEM KANAN,3,NAIK,F7,frontotemporal,kiri,313.881,316.311,2.93,2.43,short_hold,video,0.0,True,False,8.994080688135384,12.300853260253632,8.838728570844804,10.207004547632241
P23,AGEM KANAN,3,NAIK,T3,temporal,kiri,313.881,316.311,2.93,2.43,short_hold,video,0.329,False,False,,,,
P23,AGEM KANAN,3,NAIK,T5,temporo-posterior,kiri,313.881,316.311,2.93,2.43,short_hold,video,0.0,True,False,6.448585379197127,7.070823026668304,1.7949250721549816,3.7471646259782396
P23,AGEM KANAN,3,NAIK,Fp2,frontopolar,kanan,313.881,316.311,2.93,2.43,short_hold,video,0.0,True,False,9.739311280484362,8.390433178186921,8.083618440061588,9.503786508714839
P23,AGEM KANAN,3,NAIK,F4,frontal,kanan,313.881,316.311,2.93,2.43,short_hold,video,0.0,True,False,13.248319783654754,10.244462090443836,10.874332507244834,13.616825256826878
P23,AGEM KANAN,3,NAIK,C4,sentral,kanan,313.881,316.311,2.93,2.43,short_hold,video,0.0,True,False,10.86705272478935,10.471461018885673,9.132247598523058,12.927073866677901
P23,AGEM KANAN,3,NAIK,P4,parietal,kanan,313.881,316.311,2.93,2.43,short_hold,video,0.0,True,False,9.235946300231141,8.470848722729475,9.480980983578633,10.813887558819815
P23,AGEM KANAN,3,NAIK,O2,oksipital,kanan,313.881,316.311,2.93,2.43,short_hold,video,0.0,True,False,12.109139031782377,9.202900549784086,9.353182046467705,11.55064318229363
P23,AGEM KANAN,3,NAIK,F8,frontotemporal,kanan,313.881,316.311,2.93,2.43,short_hold,video,0.0,True,False,15.354420481818117,11.760514754957633,10.740481931989212,16.18651503699812
P23,AGEM KANAN,3,NAIK,T4,temporal,kanan,313.881,316.311,2.93,2.43,short_hold,video,0.0,True,False,9.003829652999876,8.928987383933872,9.104983012108274,12.055006051946656
P23,AGEM KANAN,3,NAIK,T6,temporo-posterior,kanan,313.881,316.311,2.93,2.43,short_hold,video,0.0,True,False,9.609452434592853,13.632381467351301,14.560832241732935,11.394654149173562
P23,AGEM KANAN,3,POST,Fp1,frontopolar,kiri,317.061,318.561,1.5,1.5,short_hold,video,0.0,True,False,12.32177983131092,12.639635276009187,8.794830633916632,11.886441030623946
P23,AGEM KANAN,3,POST,F3,frontal,kiri,317.061,318.561,1.5,1.5,short_hold,video,0.0,True,False,17.48728313008237,19.620070892273432,16.752693898951676,18.915793997610027
P23,AGEM KANAN,3,POST,C3,sentral,kiri,317.061,318.561,1.5,1.5,short_hold,video,0.0,True,False,18.141727362184795,19.826832279139673,17.508974987152104,18.94082813178819
P23,AGEM KANAN,3,POST,P3,parietal,kiri,317.061,318.561,1.5,1.5,short_hold,video,0.0,True,False,18.2082897767043,21.530518766190436,15.282428647153303,17.566142503944686
P23,AGEM KANAN,3,POST,O1,oksipital,kiri,317.061,318.561,1.5,1.5,short_hold,video,0.0,True,False,22.017477988204206,22.483448506450923,18.628764907328133,20.822926002811066
P23,AGEM KANAN,3,POST,F7,frontotemporal,kiri,317.061,318.561,1.5,1.5,short_hold,video,0.0,True,False,18.1242419400161,20.362241732831556,17.195572959533088,18.207052819450784
P23,AGEM KANAN,3,POST,T3,temporal,kiri,317.061,318.561,1.5,1.5,short_hold,video,0.0,True,False,21.515920102853947,21.197885590779855,16.1864382236036,20.434934109283144
P23,AGEM KANAN,3,POST,T5,temporo-posterior,kiri,317.061,318.561,1.5,1.5,short_hold,video,0.0,True,False,18.96836783173766,17.594484642864042,14.748639261669819,16.886930331135627
P23,AGEM KANAN,3,POST,Fp2,frontopolar,kanan,317.061,318.561,1.5,1.5,short_hold,video,0.0,True,False,14.248317156695432,16.417665920110924,14.103168295505494,14.962405110948957
P23,AGEM KANAN,3,POST,F4,frontal,kanan,317.061,318.561,1.5,1.5,short_hold,video,0.0,True,False,15.501027584873814,14.197013530273072,16.05063851451813,15.759964359371175
P23,AGEM KANAN,3,POST,C4,sentral,kanan,317.061,318.561,1.5,1.5,short_hold,video,0.0,True,False,15.720206925216733,13.95534413967707,16.108211856481375,15.377583141657752
P23,AGEM KANAN,3,POST,P4,parietal,kanan,317.061,318.561,1.5,1.5,short_hold,video,0.0,True,False,14.692371155086718,15.873865570605506,15.466376867697235,14.789590745052124
P23,AGEM KANAN,3,POST,O2,oksipital,kanan,317.061,318.561,1.5,1.5,short_hold,video,0.0,True,False,12.976390664286058,13.438430824578258,16.45396586515433,13.792748736455987
P23,AGEM KANAN,3,POST,F8,frontotemporal,kanan,317.061,318.561,1.5,1.5,short_hold,video,0.0,True,False,13.895387736047113,13.63617673811482,14.147065433451257,14.557468183539026
P23,AGEM KANAN,3,POST,T4,temporal,kanan,317.061,318.561,1.5,1.5,short_hold,video,0.0,True,False,12.957389577621214,12.306654002188779,13.443799236950785,13.418744368519057
P23,AGEM KANAN,3,POST,T6,temporo-posterior,kanan,317.061,318.561,1.5,1.5,short_hold,video,0.0,True,False,11.258718088962475,15.151493416277376,16.20076521788774,11.526986790535283
P23,AGEM KANAN,4,PRA,Fp1,frontopolar,kiri,325.962,327.962,2.0,2.0,short_hold,video,0.0,True,False,10.822204693489866,10.73607041150985,7.221849491558636,11.205251540428701
P23,AGEM KANAN,4,PRA,F3,frontal,kiri,325.962,327.962,2.0,2.0,short_hold,video,0.0,True,False,15.440728609104792,7.101479226605559,10.246602225324352,14.34660111608201
P23,AGEM KANAN,4,PRA,C3,sentral,kiri,325.962,327.962,2.0,2.0,short_hold,video,0.0,True,False,17.72658234745527,16.095657930875795,12.78843010819632,15.137316681641014
P23,AGEM KANAN,4,PRA,P3,parietal,kiri,325.962,327.962,2.0,2.0,short_hold,video,0.0,True,False,16.077605910623156,16.89440933639884,14.412888060082704,15.898819918980724
P23,AGEM KANAN,4,PRA,O1,oksipital,kiri,325.962,327.962,2.0,2.0,short_hold,video,0.045,True,False,16.649319281654527,15.061201836795806,8.713045669433278,13.51375663321707
P23,AGEM KANAN,4,PRA,F7,frontotemporal,kiri,325.962,327.962,2.0,2.0,short_hold,video,0.0,True,False,15.235171575856441,14.190941792247799,12.75586446412946,13.92986961197877
P23,AGEM KANAN,4,PRA,T3,temporal,kiri,325.962,327.962,2.0,2.0,short_hold,video,0.045,True,False,18.64793841222938,14.92497794481315,10.63519405002539,16.212715432487297
P23,AGEM KANAN,4,PRA,T5,temporo-posterior,kiri,325.962,327.962,2.0,2.0,short_hold,video,0.0,True,False,15.371951708881703,13.793488523201002,10.667445092761447,15.621156594969793
P23,AGEM KANAN,4,PRA,Fp2,frontopolar,kanan,325.962,327.962,2.0,2.0,short_hold,video,0.0,True,False,20.04639193016772,15.074460992691488,10.158220213514202,17.55556244254877
P23,AGEM KANAN,4,PRA,F4,frontal,kanan,325.962,327.962,2.0,2.0,short_hold,video,0.0,True,False,21.113360887988936,15.259039942665677,13.544937304169832,19.954458687473497
P23,AGEM KANAN,4,PRA,C4,sentral,kanan,325.962,327.962,2.0,2.0,short_hold,video,0.0,True,False,19.98382601815857,14.916193344908496,13.651152844371644,19.044713914065788
P23,AGEM KANAN,4,PRA,P4,parietal,kanan,325.962,327.962,2.0,2.0,short_hold,video,0.0,True,False,19.642689962676876,13.54583054680801,13.5509518163745,19.071757916162014
P23,AGEM KANAN,4,PRA,O2,oksipital,kanan,325.962,327.962,2.0,2.0,short_hold,video,0.0,True,False,20.979989660515812,13.405741067592519,12.837958916896895,19.279534033469826
P23,AGEM KANAN,4,PRA,F8,frontotemporal,kanan,325.962,327.962,2.0,2.0,short_hold,video,0.0,True,False,21.049394785603305,18.51475279526305,13.840258629860717,20.0256865519894
P23,AGEM KANAN,4,PRA,T4,temporal,kanan,325.962,327.962,2.0,2.0,short_hold,video,0.0,True,False,20.443924462567665,17.243654353400395,12.267539854121413,19.180523736253605
P23,AGEM KANAN,4,PRA,T6,temporo-posterior,kanan,325.962,327.962,2.0,2.0,short_hold,video,0.0,True,False,17.548059428049697,14.145426514995243,14.101414963130747,15.0246177233618
P23,AGEM KANAN,4,NAIK,Fp1,frontopolar,kiri,329.156,332.516,3.86,3.36,short_hold,video,0.0,True,False,13.912963842646036,10.58523158037589,7.440874157790226,13.653689501292472
P23,AGEM KANAN,4,NAIK,F3,frontal,kiri,329.156,332.516,3.86,3.36,short_hold,video,0.0,True,False,13.620178467009627,11.661444190581836,10.061767904056843,12.8738631163787
P23,AGEM KANAN,4,NAIK,C3,sentral,kiri,329.156,332.516,3.86,3.36,short_hold,video,0.0,True,False,13.794035470241134,10.667437763380434,8.725230301328317,11.563358727051739
P23,AGEM KANAN,4,NAIK,P3,parietal,kiri,329.156,332.516,3.86,3.36,short_hold,video,0.018,True,False,17.410626954461588,17.102931367029182,14.033266728771963,16.06744367466835
P23,AGEM KANAN,4,NAIK,O1,oksipital,kiri,329.156,332.516,3.86,3.36,short_hold,video,0.0,True,False,21.395012106656296,18.831132347461644,12.22526878158477,21.548243328785283
P23,AGEM KANAN,4,NAIK,F7,frontotemporal,kiri,329.156,332.516,3.86,3.36,short_hold,video,0.0,True,False,14.918115643420329,18.141318314115303,15.605593286570262,17.243089713308773
P23,AGEM KANAN,4,NAIK,T3,temporal,kiri,329.156,332.516,3.86,3.36,short_hold,video,0.0,True,False,16.330421513374738,13.207461198904703,12.251024892711758,14.498933684756171
P23,AGEM KANAN,4,NAIK,T5,temporo-posterior,kiri,329.156,332.516,3.86,3.36,short_hold,video,0.0,True,False,17.22402546181319,15.16362193844456,12.755186972507186,15.037842407512404
P23,AGEM KANAN,4,NAIK,Fp2,frontopolar,kanan,329.156,332.516,3.86,3.36,short_hold,video,0.0,True,False,15.79685493232034,14.670818191143116,12.183267880007623,15.111349489240055
P23,AGEM KANAN,4,NAIK,F4,frontal,kanan,329.156,332.516,3.86,3.36,short_hold,video,0.0,True,False,13.389038076625031,10.724508120671285,12.034626551401548,13.912709187808382
P23,AGEM KANAN,4,NAIK,C4,sentral,kanan,329.156,332.516,3.86,3.36,short_hold,video,0.0,True,False,11.933206557386452,13.56268203073935,10.335363912715046,11.34351299223875
P23,AGEM KANAN,4,NAIK,P4,parietal,kanan,329.156,332.516,3.86,3.36,short_hold,video,0.0,True,False,12.245867887852143,13.399304588057444,12.29614333944673,12.194781646018733
P23,AGEM KANAN,4,NAIK,O2,oksipital,kanan,329.156,332.516,3.86,3.36,short_hold,video,0.0,True,False,14.29769912830563,14.781003086161032,14.157216465200648,14.526583077979193
P23,AGEM KANAN,4,NAIK,F8,frontotemporal,kanan,329.156,332.516,3.86,3.36,short_hold,video,0.0,True,False,10.972110473122036,10.994850792151666,10.3602286405502,11.115981170481358
P23,AGEM KANAN,4,NAIK,T4,temporal,kanan,329.156,332.516,3.86,3.36,short_hold,video,0.0,True,False,13.097584128980309,13.793227302121046,11.927692962860707,13.073295357557143
P23,AGEM KANAN,4,NAIK,T6,temporo-posterior,kanan,329.156,332.516,3.86,3.36,short_hold,video,0.0,True,False,11.724735938660487,13.20027420122586,13.389520630782894,11.578840196723021
P23,AGEM KANAN,4,POST,Fp1,frontopolar,kiri,333.266,334.766,1.5,1.5,short_hold,video,0.0,True,False,8.83581801684955,5.67113949781924,6.94561137800563,7.71062907208923
P23,AGEM KANAN,4,POST,F3,frontal,kiri,333.266,334.766,1.5,1.5,short_hold,video,0.527,False,False,,,,
P23,AGEM KANAN,4,POST,C3,sentral,kiri,333.266,334.766,1.5,1.5,short_hold,video,0.527,False,False,,,,
P23,AGEM KANAN,4,POST,P3,parietal,kiri,333.266,334.766,1.5,1.5,short_hold,video,0.4,False,False,,,,
P23,AGEM KANAN,4,POST,O1,oksipital,kiri,333.266,334.766,1.5,1.5,short_hold,video,0.527,False,False,,,,
P23,AGEM KANAN,4,POST,F7,frontotemporal,kiri,333.266,334.766,1.5,1.5,short_hold,video,0.0,True,False,16.708041372686814,16.878743562065466,12.344683569284427,15.372886181917796
P23,AGEM KANAN,4,POST,T3,temporal,kiri,333.266,334.766,1.5,1.5,short_hold,video,0.0,True,False,16.640933352003543,17.177864498507574,12.11684878800419,15.54246119087816
P23,AGEM KANAN,4,POST,T5,temporo-posterior,kiri,333.266,334.766,1.5,1.5,short_hold,video,0.0,True,False,7.933734275143962,9.03113721456111,6.074914749605188,6.810654111911401
P23,AGEM KANAN,4,POST,Fp2,frontopolar,kanan,333.266,334.766,1.5,1.5,short_hold,video,0.0,True,False,10.106306727205673,10.7125641964105,11.436692643899928,10.378625157581737
P23,AGEM KANAN,4,POST,F4,frontal,kanan,333.266,334.766,1.5,1.5,short_hold,video,0.0,True,False,12.108822117432052,13.067798030456377,13.96144293789801,11.920949343384862
P23,AGEM KANAN,4,POST,C4,sentral,kanan,333.266,334.766,1.5,1.5,short_hold,video,0.0,True,False,11.216022464103357,11.325353317254038,12.185680386910178,10.906450676907156
P23,AGEM KANAN,4,POST,P4,parietal,kanan,333.266,334.766,1.5,1.5,short_hold,video,0.0,True,False,10.359792001325957,12.202052227648945,12.909812006927034,10.341169536261013
P23,AGEM KANAN,4,POST,O2,oksipital,kanan,333.266,334.766,1.5,1.5,short_hold,video,0.0,True,False,12.023991166747322,10.707035270483484,12.555112948815314,10.930554419683798
P23,AGEM KANAN,4,POST,F8,frontotemporal,kanan,333.266,334.766,1.5,1.5,short_hold,video,0.0,True,False,8.71421860004444,12.373560157656676,13.757162359341347,10.423222262205346
P23,AGEM KANAN,4,POST,T4,temporal,kanan,333.266,334.766,1.5,1.5,short_hold,video,0.0,True,False,9.515431364058003,10.206083379058505,11.979331713093483,9.254978157346379
P23,AGEM KANAN,4,POST,T6,temporo-posterior,kanan,333.266,334.766,1.5,1.5,short_hold,video,0.0,True,False,6.351520226834687,11.12779181836784,14.568524734350316,8.181092013233119
P23,AGEM KIRI,4,PRA,Fp1,frontopolar,kiri,357.901,359.901,2.0,2.0,incomplete,video,0.0,True,False,8.127719779368427,6.307649228439502,6.381807412688502,7.0070088083577495
P23,AGEM KIRI,4,PRA,F3,frontal,kiri,357.901,359.901,2.0,2.0,incomplete,video,0.275,False,False,,,,
P23,AGEM KIRI,4,PRA,C3,sentral,kiri,357.901,359.901,2.0,2.0,incomplete,video,0.4,False,False,,,,
P23,AGEM KIRI,4,PRA,P3,parietal,kiri,357.901,359.901,2.0,2.0,incomplete,video,0.375,False,False,,,,
P23,AGEM KIRI,4,PRA,O1,oksipital,kiri,357.901,359.901,2.0,2.0,incomplete,video,0.275,False,False,,,,
P23,AGEM KIRI,4,PRA,F7,frontotemporal,kiri,357.901,359.901,2.0,2.0,incomplete,video,0.0,True,False,18.55032570498289,18.773556638828666,19.91115488044545,18.276243753309867
P23,AGEM KIRI,4,PRA,T3,temporal,kiri,357.901,359.901,2.0,2.0,incomplete,video,0.3,False,False,,,,
P23,AGEM KIRI,4,PRA,T5,temporo-posterior,kiri,357.901,359.901,2.0,2.0,incomplete,video,0.275,False,False,,,,
P23,AGEM KIRI,4,PRA,Fp2,frontopolar,kanan,357.901,359.901,2.0,2.0,incomplete,video,0.0,True,False,11.422698441989855,7.895801036763938,7.932967106658058,10.643262864068312
P23,AGEM KIRI,4,PRA,F4,frontal,kanan,357.901,359.901,2.0,2.0,incomplete,video,0.0,True,False,9.375346503497898,5.667093642646652,8.589245736926244,9.186977937898604
P23,AGEM KIRI,4,PRA,C4,sentral,kanan,357.901,359.901,2.0,2.0,incomplete,video,0.0,True,False,9.322858301790301,8.016345522676378,6.808254082712828,12.522059116115521
P23,AGEM KIRI,4,PRA,P4,parietal,kanan,357.901,359.901,2.0,2.0,incomplete,video,0.475,False,False,,,,
P23,AGEM KIRI,4,PRA,O2,oksipital,kanan,357.901,359.901,2.0,2.0,incomplete,video,0.475,False,False,,,,
P23,AGEM KIRI,4,PRA,F8,frontotemporal,kanan,357.901,359.901,2.0,2.0,incomplete,video,0.0,True,False,9.87168629422068,11.94021836274323,8.26930940316198,12.228699894108534
P23,AGEM KIRI,4,PRA,T4,temporal,kanan,357.901,359.901,2.0,2.0,incomplete,video,0.175,False,False,,,,
P23,AGEM KIRI,4,PRA,T6,temporo-posterior,kanan,357.901,359.901,2.0,2.0,incomplete,video,0.0,True,False,7.780993457050066,5.739697837032267,9.160295453143664,9.76142141676187
