jenis,fase,area,ukuran,n_penari,n_nonpenari,mean_penari,mean_nonpenari,hedges_g,p,artefak_rawan,p_fdr
perilaku,dur_tahan,-,median,23,15,2.937043478260868,1.9914333333333294,1.258044194801673,0.00027131993925666974,False,0.056434547365387305
perilaku,dur_turun,-,median,23,15,1.593239130434787,1.2320333333333364,1.052017681667294,0.004018466693797958,False,0.3526847763317713
EEG,TAHAN,frontotemporal,mu_periodic_db,23,15,0.10342550990396138,1.2258085628661612,-0.979212683342624,0.00568619775750579,True,0.3526847763317713
EEG,TAHAN,frontotemporal,theta_periodic_db,23,15,-0.27724761398910003,0.6920556744529074,-0.9700753393674736,0.007641610098190185,True,0.3526847763317713
perilaku,dur_tahan,-,cv,23,15,0.32488757535886525,0.47811204064879165,-0.8822290758521256,0.01059329982635551,False,0.3526847763317713
EEG,TAHAN,temporo-posterior,theta_periodic_db,23,15,-0.015268077528150929,0.8517101590795202,-0.8653740909941678,0.011088524010745438,False,0.3526847763317713
EEG,PRA,temporo-posterior,theta_periodic_db,23,15,0.6005564227759319,1.5293901585799428,-0.8261012055478859,0.011977169606820293,False,0.3526847763317713
EEG,TAHAN,temporo-posterior,mu_periodic_db,23,15,0.45658288276864983,1.57121384779402,-0.8151845470809398,0.014875336235464935,False,0.3526847763317713
perilaku,dur_turun,-,cv,23,15,0.3150906929045002,0.49853787959283546,-0.9180053547241892,0.015426243905823863,False,0.3526847763317713
EEG,TURUN,sentral,beta_periodic_db,23,15,0.06316836440304291,0.5107383368419424,-0.8605818397122097,0.01695599886210439,False,0.3526847763317713
EEG,TURUN,sentral,exponent_change,23,15,0.08725704220321366,0.34291955663572266,-0.6651268540461996,0.04721679881017068,False,0.6876506890246256
EEG,TURUN,frontotemporal,mu_periodic_db,23,15,0.5524807993681129,1.328357660827023,-0.6446100249751305,0.05641017771658807,True,0.6876506890246256
EEG,PRA,parietal,beta_periodic_db,23,15,0.46292451865522605,0.19242249455963517,0.5706700406583104,0.07269686892951775,False,0.6876506890246256
EEG,NAIK,frontopolar,offset_change,23,15,9.162143530288272,5.001742409064708,0.5876413659957722,0.0734524139581577,True,0.6876506890246256
EEG,POST,frontotemporal,theta_periodic_db,23,15,0.8572522886062756,1.5610433065044511,-0.552562822708305,0.10103599717218394,True,0.6876506890246256
EEG,TAHAN,parietal,offset_change,23,15,4.197834810837921,7.213578187004733,-0.5448882905968327,0.10347104455977547,False,0.6876506890246256
EEG,TAHAN,parietal,theta_periodic_db,23,15,0.09390545350551685,0.6530923914522819,-0.5514277609978878,0.10507472276689211,False,0.6876506890246256
EEG,TURUN,temporal,theta_periodic_db,23,15,0.5619131501767712,1.252750296307948,-0.5480181962806906,0.10721518456721982,True,0.6876506890246256
EEG,TAHAN,sentral,offset_change,23,15,3.099019391609575,6.440515236605522,-0.5457750277663995,0.10926577628087576,False,0.6876506890246256
EEG,PRA,frontotemporal,theta_periodic_db,23,15,0.4471088633774054,1.1035260226059114,-0.522536374171853,0.11210205171859348,True,0.6876506890246256
EEG,TURUN,sentral,theta_periodic_db,23,15,0.5048428595520814,1.236272277009402,-0.5244330691870054,0.11406027026021993,False,0.6876506890246256
EEG,PRA,frontopolar,beta_periodic_db,23,15,0.5219702265655016,0.2703495656033426,0.49337586185914456,0.11547528152493391,True,0.6876506890246256
EEG,TAHAN,frontotemporal,offset_change,23,15,3.7786695647841495,6.940757850439994,-0.5207461175616279,0.11808717566129252,True,0.6876506890246256
EEG,POST,temporo-posterior,exponent_change,23,15,0.2086170169392796,0.3758950033464535,-0.4924992174811837,0.12795696877439722,False,0.6876506890246256
EEG,TAHAN,sentral,theta_periodic_db,23,15,0.01625385773604513,0.5263195595951659,-0.5055008310192358,0.1304709742823817,False,0.6876506890246256
EEG,PRA,frontotemporal,mu_periodic_db,23,15,0.4449177127502147,1.0532095358632827,-0.5122655126268297,0.1309157313592748,True,0.6876506890246256
EEG,TURUN,sentral,offset_change,23,15,7.82588899055602,11.362166095067595,-0.5013708883099997,0.13092892774274428,False,0.6876506890246256
EEG,TAHAN,sentral,exponent_change,23,15,0.062084013730832596,0.2536966213392294,-0.5109264266713164,0.13753576274643478,False,0.6876506890246256
EEG,TAHAN,parietal,exponent_change,23,15,0.16521524146805897,0.30469246578942055,-0.4937322557697325,0.13769263132786047,False,0.6876506890246256
perilaku,dur_naik,-,cv,23,15,0.5294894637032244,0.659463557411452,-0.4786580729479007,0.13840238194239948,False,0.6876506890246256
perilaku,dur_naik,-,median,23,15,1.2428260869565204,1.8099000000000052,-0.5325993123864544,0.13853070819820437,False,0.6876506890246256
EEG,TURUN,oksipital,exponent_change,23,15,0.257676782185905,0.4247072467139591,-0.4877341590758126,0.14583721178799453,False,0.6876506890246256
EEG,TAHAN,frontal,mu_periodic_db,23,15,0.60605862804005,1.2946699212972759,-0.47625525128450996,0.1527345051188307,False,0.6876506890246256
EEG,TAHAN,frontotemporal,beta_periodic_db,23,15,0.37489180822101575,0.09298811592081248,0.48033527802051473,0.1543469050915993,True,0.6876506890246256
EEG,PRA,frontal,beta_periodic_db,23,15,0.41142322811198,0.10367804294884894,0.4689795362082195,0.15901427539394264,False,0.6876506890246256
EEG,TURUN,parietal,exponent_change,23,15,0.17303471039961854,0.33105513245395307,-0.4465579060434998,0.15975149648768752,False,0.6876506890246256
EEG,TAHAN,frontal,theta_periodic_db,23,15,0.009357714846391377,0.5752845420460674,-0.47129299016709275,0.16080269158279525,False,0.6876506890246256
EEG,NAIK,oksipital,mu_periodic_db,23,15,0.7604618960444055,1.7091526476052745,-0.4843870387108949,0.16217438524957792,False,0.6876506890246256
EEG,PRA,parietal,exponent_change,23,15,0.21875100782799212,0.3506292825498509,-0.4695490226513946,0.16261091173561362,False,0.6876506890246256
EEG,TURUN,oksipital,offset_change,23,15,9.689500275478734,12.546150246344686,-0.47324152670125774,0.16729898515120858,False,0.6876506890246256
EEG,PRA,oksipital,mu_periodic_db,23,15,0.5633634636840165,1.206180378163105,-0.44749199513120397,0.16905218744701903,False,0.6876506890246256
EEG,TURUN,frontotemporal,theta_periodic_db,23,15,0.2494545928466289,0.7806932438739003,-0.4356554727745711,0.16997252516520767,True,0.6876506890246256
EEG,POST,temporo-posterior,beta_periodic_db,23,15,0.28753996836999784,-0.031701677486319385,0.4660486495782227,0.17057021106164164,False,0.6876506890246256
EEG,POST,oksipital,exponent_change,23,15,0.28834803765075306,0.43749923693806847,-0.4294565604565518,0.17163812470609013,False,0.6876506890246256
EEG,TAHAN,frontopolar,theta_periodic_db,23,15,0.13112564778056882,0.9249932634032544,-0.4625732290496132,0.1740690401863215,True,0.6876506890246256
EEG,POST,temporo-posterior,offset_change,23,15,9.722580092942096,12.653691782255647,-0.4434648518755353,0.17445386185802814,False,0.6876506890246256
EEG,POST,sentral,exponent_change,23,15,0.248180133126697,0.38623461328507896,-0.4455678285546224,0.17502391311601054,False,0.6876506890246256
EEG,POST,frontal,theta_periodic_db,23,15,1.0249185859074383,1.774850369451575,-0.45100042072362884,0.17731351655680078,False,0.6876506890246256
EEG,TAHAN,oksipital,theta_periodic_db,23,15,-0.06205438441911499,0.40173963208656693,-0.42208961566428216,0.17734205685534693,False,0.6876506890246256
EEG,TAHAN,frontopolar,mu_periodic_db,23,15,0.5623273719931208,1.1828525903889242,-0.44945614093417197,0.17840967151234552,True,0.6876506890246256
EEG,PRA,temporal,exponent_change,23,15,0.14968906658745326,0.31671611907180514,-0.46208257099772326,0.1789726890713656,True,0.6876506890246256
EEG,NAIK,oksipital,offset_change,23,15,9.318320618602831,6.782510653745349,0.4335781989166069,0.1792231245169766,False,0.6876506890246256
EEG,PRA,sentral,exponent_change,23,15,0.20561256377198892,0.33767218882763345,-0.46401230654182957,0.18112649151748436,False,0.6876506890246256
EEG,TAHAN,frontopolar,beta_periodic_db,23,15,0.19303388072428498,0.3713956816639763,-0.42598817326033955,0.18724855146131802,True,0.6876506890246256
EEG,NAIK,temporo-posterior,offset_change,23,15,8.428890961033977,5.684762253989541,0.4126023356788747,0.19076817259529175,False,0.6876506890246256
EEG,NAIK,temporal,offset_change,23,15,8.279173899348834,5.5261848792106045,0.42928232828688695,0.1930964310737521,True,0.6876506890246256
EEG,PRA,oksipital,exponent_change,23,15,0.2525495525581019,0.405570364757163,-0.4287482988128959,0.19378257737066423,False,0.6876506890246256
EEG,PRA,parietal,theta_periodic_db,23,15,0.8701731536405432,1.355554271022302,-0.41913398963910564,0.20193521750949803,False,0.6876506890246256
EEG,TURUN,frontopolar,beta_periodic_db,23,15,0.36937221556763833,0.5792961791509247,-0.4161538096034135,0.20456960355290044,True,0.6876506890246256
EEG,TAHAN,oksipital,offset_change,23,15,5.618432811841062,8.03462310237141,-0.4233643455367755,0.20493883062880197,False,0.6876506890246256
EEG,TURUN,temporo-posterior,mu_periodic_db,23,15,0.8132521398161535,1.3432028472491389,-0.4274088597890737,0.20507196372081535,False,0.6876506890246256
EEG,NAIK,frontal,offset_change,23,15,7.789248118143051,4.990793796688778,0.3998784798442645,0.21358430024219854,False,0.6876506890246256
EEG,POST,frontotemporal,beta_periodic_db,23,15,0.27637496882184825,-0.005294119432681218,0.4315466909338063,0.21795233978663284,True,0.6876506890246256
EEG,TURUN,temporal,beta_periodic_db,23,15,0.43248866159816,0.10904684686845316,0.40673075210821635,0.21954810059127514,True,0.6876506890246256
EEG,TURUN,oksipital,mu_periodic_db,23,15,0.4279423045080909,0.973661100558473,-0.39277539633868463,0.22146092417930424,False,0.6876506890246256
EEG,PRA,temporal,mu_periodic_db,23,15,0.8627620612078778,1.4399862506360483,-0.39632900714481795,0.2222002869772523,True,0.6876506890246256
EEG,PRA,frontopolar,theta_periodic_db,23,15,0.7896092290047526,1.2840646591175315,-0.40675359020187096,0.22285298953383928,True,0.6876506890246256
EEG,NAIK,frontal,beta_periodic_db,23,15,0.3249599451241187,0.12883168400227618,0.38559118873449133,0.22607791969274646,False,0.6876506890246256
EEG,TAHAN,oksipital,mu_periodic_db,23,15,0.2414451009668091,0.8793841050790436,-0.3795395678669541,0.22864161029129892,False,0.6876506890246256
EEG,TURUN,oksipital,theta_periodic_db,23,15,0.47014568115694544,1.0574902407896996,-0.3885582754531962,0.23142090496021053,False,0.6876506890246256
EEG,PRA,frontal,theta_periodic_db,23,15,0.6996638524286022,1.2480510804939062,-0.40104267767375307,0.23664148039343053,False,0.6881293437840557
EEG,NAIK,temporo-posterior,beta_periodic_db,23,15,0.5728487504022987,0.26740578493569633,0.40167506942516484,0.23922840072470247,False,0.6881293437840557
EEG,TURUN,temporo-posterior,theta_periodic_db,23,15,0.7357644105539917,1.2065662835542423,-0.3929714696509405,0.243120648979326,False,0.6881293437840557
EEG,NAIK,frontopolar,exponent_change,23,15,0.3441011779712047,0.18273919913993858,0.38058225240966187,0.24481524730778903,True,0.6881293437840557
EEG,TURUN,parietal,offset_change,23,15,8.717426019998351,11.270794651315672,-0.37561685005512874,0.24940708399577752,False,0.6916889796149563
EEG,TURUN,frontopolar,theta_periodic_db,23,15,0.5007330168999108,0.920757036586758,-0.37633713929084145,0.25834874215923487,True,0.7010519383772884
EEG,PRA,frontotemporal,exponent_change,23,15,0.17939956906157328,0.2637648985957665,-0.3819880551267873,0.2595240348800539,True,0.7010519383772884
EEG,NAIK,sentral,theta_periodic_db,23,15,1.4123204626515817,0.9446177984739531,0.3439996651023985,0.26706077044343773,False,0.7080860131235276
EEG,NAIK,frontotemporal,beta_periodic_db,23,15,0.41838853588504227,0.16348887495245362,0.37434208368734345,0.26893651459980134,True,0.7080860131235276
EEG,TAHAN,frontal,offset_change,23,15,3.4982824080735004,5.7694892276169485,-0.3536141317072499,0.27339179720051066,False,0.7108186727213277
EEG,TURUN,parietal,theta_periodic_db,23,15,0.5235725112909343,0.9585230451751358,-0.35566539975142303,0.2771334409040849,False,0.7116513050376502
EEG,POST,oksipital,mu_periodic_db,23,15,0.8360208904602433,1.509278515303455,-0.3493147468734481,0.2921635356043405,False,0.7177596394203107
EEG,POST,parietal,exponent_change,23,15,0.27660104286879755,0.3881976310979479,-0.3373211328915315,0.2962426467188357,False,0.7177596394203107
EEG,TAHAN,frontopolar,offset_change,23,15,4.590858447686246,6.522942702113721,-0.3306741298725654,0.30119986249133684,True,0.7177596394203107
EEG,POST,parietal,theta_periodic_db,23,15,1.3210596754399477,1.7494306856172277,-0.34295450141436823,0.30409854142199594,False,0.7177596394203107
EEG,TAHAN,sentral,beta_periodic_db,23,15,0.1799979213851902,0.3791603102025192,-0.3402480938521073,0.3049633731910498,False,0.7177596394203107
EEG,TURUN,sentral,mu_periodic_db,23,15,0.5317965107841208,0.9522375733705922,-0.3367352064265973,0.30499969504054536,False,0.7177596394203107
EEG,PRA,temporo-posterior,mu_periodic_db,23,15,0.6950708447362947,1.132206812665575,-0.3331158619572331,0.3055676443250089,False,0.7177596394203107
EEG,POST,temporal,exponent_change,23,15,0.19896282893997827,0.3016334761990231,-0.33495055367653404,0.3071183072519599,True,0.7177596394203107
EEG,TAHAN,sentral,mu_periodic_db,23,15,0.41635349912492453,0.9996737182457627,-0.3303414486515917,0.3141870294237611,False,0.7201468150325809
EEG,PRA,parietal,offset_change,23,15,7.869932284481741,10.025511538062885,-0.33215078471452064,0.32020383312240197,False,0.7201468150325809
EEG,NAIK,frontotemporal,offset_change,23,15,7.68569209957039,5.6212608435843405,0.3259490717318885,0.3203469605332767,True,0.7201468150325809
EEG,POST,sentral,theta_periodic_db,23,15,1.1503682567975813,1.5733690620310476,-0.31226186177687254,0.3250060360138838,False,0.7201468150325809
EEG,TAHAN,parietal,beta_periodic_db,23,15,0.47579459867819407,0.2636339052448296,0.3299159154540372,0.33073186020652995,False,0.7201468150325809
EEG,TURUN,frontotemporal,offset_change,23,15,9.193869037633592,11.38847836193676,-0.31763536655802493,0.3316409966325224,True,0.7201468150325809
EEG,PRA,oksipital,theta_periodic_db,23,15,0.9496831749862378,1.22915787780778,-0.30956437866482006,0.3323754530919604,False,0.7201468150325809
EEG,TAHAN,oksipital,exponent_change,23,15,0.2640591527316731,0.3818251027877871,-0.3233229861562869,0.3449092011482501,False,0.7332318654299264
EEG,POST,frontotemporal,offset_change,23,15,9.033749933493427,11.151856457476333,-0.3116066193923032,0.34546501351986914,True,0.7332318654299264
EEG,TURUN,temporo-posterior,offset_change,23,15,9.806981711477572,11.952621556823438,-0.299374088517743,0.3512633100065407,False,0.7335994131936645
EEG,TAHAN,temporal,offset_change,23,15,4.8347111928261866,6.9277273209106305,-0.31407014048853255,0.35614156216044046,True,0.7335994131936645
EEG,POST,parietal,offset_change,23,15,10.264188881408245,12.29082422243805,-0.30853339740361196,0.35621894582961594,False,0.7335994131936645
EEG,POST,temporal,offset_change,23,15,9.250690627743293,11.273816429358817,-0.2942768002972821,0.37550025855806934,True,0.7601507753178636
EEG,NAIK,sentral,exponent_change,23,15,0.07805039789060449,0.1874987238795475,-0.28761399041925306,0.3793759541146935,False,0.7601507753178636
EEG,PRA,temporal,offset_change,23,15,7.340168111919459,9.317856814714412,-0.29373226386971174,0.3800753876589318,True,0.7601507753178636
EEG,PRA,temporal,theta_periodic_db,23,15,0.8478434726205385,1.1779174812090436,-0.2712600683539961,0.38679285656111834,True,0.7660087919734488
EEG,POST,sentral,offset_change,23,15,10.42498828522648,12.287707286600758,-0.28712855109135604,0.39036986514031524,False,0.7660087919734488
EEG,POST,oksipital,theta_periodic_db,23,15,1.380787401671582,1.8043369827413824,-0.2701539193353151,0.4006677175419867,False,0.7660636726258524
EEG,PRA,sentral,theta_periodic_db,23,15,0.886778318383289,1.1518279648328271,-0.2618659728616015,0.4066560505004351,False,0.7660636726258524
EEG,NAIK,temporal,beta_periodic_db,23,15,0.44345335332905184,0.19515323912638685,0.27766669541257244,0.4084946787422549,True,0.7660636726258524
EEG,TURUN,frontal,beta_periodic_db,23,15,0.23633725226805904,0.41845911549712655,-0.28986054168700964,0.4107457735323512,False,0.7660636726258524
EEG,POST,temporal,mu_periodic_db,23,15,0.8123832593668475,1.249004024053775,-0.27379411900749506,0.41120578159531995,True,0.7660636726258524
EEG,TURUN,temporal,mu_periodic_db,23,15,1.0625010391911254,1.3424167591869864,-0.25081055196937047,0.4181191240024167,True,0.7660636726258524
EEG,POST,frontal,beta_periodic_db,23,15,0.24886544639849362,0.08878773494141065,0.26222221223201936,0.41965839280329836,False,0.7660636726258524
EEG,NAIK,parietal,offset_change,23,15,8.44565442873449,6.852408098726149,0.25999677866694987,0.4198618205737845,False,0.7660636726258524
EEG,TURUN,frontal,theta_periodic_db,23,15,0.39097899188759255,0.7375311759211621,-0.26488957817705183,0.4275297046021884,False,0.7670326003066772
EEG,NAIK,frontotemporal,theta_periodic_db,23,15,1.427201938735452,1.0016164277937893,0.2613417560763052,0.4283827204188589,True,0.7670326003066772
EEG,POST,parietal,beta_periodic_db,23,15,0.31314881263902644,0.16487456113438897,0.25381166847690084,0.43592958218120315,False,0.7670326003066772
EEG,PRA,frontotemporal,offset_change,23,15,7.9459066739746556,9.594953115200907,-0.2609743243003891,0.43829786229367734,True,0.7670326003066772
EEG,PRA,frontopolar,exponent_change,23,15,0.4084166624245064,0.3219397740300281,0.2553905059752437,0.43956640740748504,True,0.7670326003066772
EEG,NAIK,parietal,exponent_change,23,15,0.19097638358976662,0.2786993555485238,-0.24958448390695848,0.4425188078692368,False,0.7670326003066772
EEG,TAHAN,frontopolar,exponent_change,23,15,0.1956505273800823,0.2854276921134533,-0.24105462316010054,0.4474701846555743,True,0.7692049455236318
EEG,NAIK,oksipital,theta_periodic_db,23,15,0.6766580616090955,1.0214953530296744,-0.2457380424408012,0.4542970470632808,False,0.7745392277800196
EEG,POST,frontopolar,mu_periodic_db,23,15,1.241185336884116,0.8623418500774221,0.2389646434809204,0.4638150672308248,True,0.7791133524218607
EEG,POST,frontotemporal,mu_periodic_db,23,15,0.683923197275614,1.0837331954768614,-0.2542166871003532,0.4677510172685017,True,0.7791133524218607
EEG,PRA,sentral,mu_periodic_db,23,15,0.36033178965957036,0.6868081571399934,-0.23190533919720005,0.4682171589073682,False,0.7791133524218607
EEG,NAIK,sentral,offset_change,23,15,7.119455548025201,5.680814704721632,0.22405493109751376,0.47536941733153,False,0.7813134069114787
EEG,PRA,parietal,mu_periodic_db,23,15,0.7235237612646862,1.0445062851364249,-0.23159478345947412,0.4770519359507586,False,0.7813134069114787
EEG,PRA,oksipital,offset_change,23,15,8.436914712785368,9.966321718285915,-0.22834006567703616,0.48512416464549163,False,0.7883267675489238
EEG,TAHAN,frontotemporal,exponent_change,23,15,0.12739854261953015,0.18830055362207931,-0.2171483678539122,0.4942416958783388,True,0.7941373624885599
EEG,PRA,frontal,mu_periodic_db,23,15,0.7664316132616651,1.071117133564362,-0.21928035863360906,0.49633585155535,False,0.7941373624885599
EEG,POST,temporal,theta_periodic_db,23,15,1.0836624606890686,1.3966019787568398,-0.2115636417320962,0.5100305931983472,True,0.8098195678263834
EEG,TURUN,temporo-posterior,exponent_change,23,15,0.23322985248775838,0.3124984698552248,-0.20536431575082187,0.5211112016295351,False,0.8171075056970755
EEG,TURUN,frontopolar,offset_change,23,15,10.071120354618097,11.586762339309756,-0.20783155681685384,0.5224773954697646,True,0.8171075056970755
EEG,POST,oksipital,offset_change,23,15,10.636785334262216,11.8586211969404,-0.19832636708944376,0.5398127900186085,False,0.8297172339655181
EEG,PRA,oksipital,beta_periodic_db,23,15,0.28787080540628496,0.1535259093750243,0.20150516620611755,0.5425370585017559,False,0.8297172339655181
EEG,TURUN,frontal,mu_periodic_db,23,15,0.9217428237762771,1.1706147793334845,-0.1934776104184166,0.5490029074548952,False,0.8297172339655181
EEG,NAIK,frontal,mu_periodic_db,23,15,1.3700975035136127,1.069046242497145,0.18562328664307504,0.553407614753953,False,0.8297172339655181
EEG,POST,temporo-posterior,mu_periodic_db,23,15,1.1159477884453806,0.7899287874307696,0.19788237770148306,0.5576156819136393,False,0.8297172339655181
EEG,PRA,frontotemporal,beta_periodic_db,23,15,0.26602044258102614,0.17049151486786124,0.1952018947573028,0.5610726483935935,True,0.8297172339655181
EEG,TURUN,frontotemporal,beta_periodic_db,23,15,0.32439559384715827,0.22197990748851237,0.19260609986109423,0.5631217806588442,True,0.8297172339655181
EEG,PRA,sentral,offset_change,23,15,8.501401756232012,9.788623068298724,-0.19415750384025418,0.5651107069240668,False,0.8297172339655181
EEG,PRA,temporo-posterior,beta_periodic_db,23,15,0.27055134740411174,0.12566613685181852,0.19836170016997584,0.5664415731879979,False,0.8297172339655181
EEG,TAHAN,temporo-posterior,offset_change,23,15,5.7478814420144815,6.886690566398652,-0.18355449241083172,0.57435317975598,False,0.835422806917789
EEG,PRA,temporo-posterior,offset_change,23,15,8.419984263005858,9.511433380855287,-0.1686190028525168,0.6030735242305659,False,0.853885362823439
EEG,TURUN,frontopolar,mu_periodic_db,23,15,0.9321359753103104,1.165118865329339,-0.1671217542403416,0.6030812343855824,True,0.853885362823439
EEG,POST,frontotemporal,exponent_change,23,15,0.17251232353058074,0.22312690423554413,-0.16988710028822349,0.6032649148666148,True,0.853885362823439
EEG,PRA,frontal,exponent_change,23,15,0.26690940710190697,0.21462566211167108,0.17392325595595956,0.6082553343327528,False,0.853885362823439
EEG,TURUN,temporo-posterior,beta_periodic_db,23,15,0.22861760299269332,0.13458556449164277,0.17033448083004504,0.6170788111563278,False,0.853885362823439
EEG,NAIK,temporal,theta_periodic_db,23,15,0.9933393571018412,0.7789621849812567,0.1554713342655116,0.6215614319243363,True,0.853885362823439
perilaku,latency_hud,-,cv,23,15,0.27313194223842957,0.28956411271828003,-0.1590298814860163,0.6224534947846987,False,0.853885362823439
EEG,POST,sentral,beta_periodic_db,23,15,0.09244094888390383,0.17554862014307993,-0.16308878856225695,0.6232912705010782,False,0.853885362823439
EEG,NAIK,frontopolar,theta_periodic_db,23,15,1.286392205730378,1.0372265176414592,0.16161869061203735,0.62399314975559,True,0.853885362823439
EEG,NAIK,sentral,mu_periodic_db,23,15,1.3444539230850545,1.5962128192225964,-0.1585593977407692,0.6329683911072558,False,0.8593960088844942
EEG,TURUN,frontal,offset_change,23,15,8.559837159446875,9.606841472331183,-0.14918933055507855,0.6388850864449584,False,0.8593960088844942
EEG,NAIK,frontotemporal,exponent_change,23,15,0.14164020019493925,0.09283205797813464,0.15146918463420417,0.6461672459652867,True,0.8593960088844942
EEG,TAHAN,temporo-posterior,beta_periodic_db,23,15,0.28139536291561645,0.21184253472513365,0.15104123434621342,0.6500450295687947,False,0.8593960088844942
EEG,TAHAN,temporal,mu_periodic_db,23,15,0.7659164824728516,0.9405440258152121,-0.14813637908838215,0.6501591390851178,True,0.8593960088844942
EEG,NAIK,parietal,theta_periodic_db,23,15,1.1025953311664956,1.3123909071425162,-0.14798733435307804,0.6534325074006541,False,0.8593960088844942
EEG,POST,frontal,exponent_change,23,15,0.2878921164870621,0.2438607853676354,0.14000501987484143,0.6623068246842955,False,0.8593960088844942
EEG,NAIK,temporal,mu_periodic_db,23,15,1.1930095136954804,1.4155730526926245,-0.1366442288473296,0.6647229178029389,True,0.8593960088844942
EEG,NAIK,frontal,exponent_change,23,15,0.1501949874944944,0.08613448926058137,0.14323682154822998,0.665205564569248,False,0.8593960088844942
EEG,TAHAN,temporal,theta_periodic_db,23,15,0.08083811968822693,0.3020547650863242,-0.13833656864704605,0.6883125017023753,True,0.8788666447871194
EEG,NAIK,temporal,exponent_change,23,15,0.15376828035077447,0.10944859417703186,0.13084193314991485,0.6887272264437522,True,0.8788666447871194
EEG,TURUN,frontotemporal,exponent_change,23,15,0.17892075337399435,0.21962567918389944,-0.12169298836866627,0.7020256009081518,True,0.8903739328591194
EEG,PRA,temporal,beta_periodic_db,23,15,0.2869921812380949,0.2082004563302173,0.12789725978143415,0.7113381122424406,True,0.8914588865089785
EEG,TURUN,parietal,mu_periodic_db,23,15,0.9229781991620721,1.0536606538358724,-0.1161066408073083,0.7114527651946656,False,0.8914588865089785
EEG,NAIK,frontopolar,beta_periodic_db,23,15,0.4923940233485488,0.427552789191284,0.123888924899932,0.7166833598879847,True,0.8920934692695417
EEG,PRA,frontopolar,mu_periodic_db,23,15,0.9086442448542272,1.0506776639780737,-0.11232568700105373,0.7216652878927553,True,0.8920934692695417
EEG,POST,frontopolar,offset_change,23,15,10.491927024831481,11.219045467452093,-0.11424276109988678,0.7248580286791667,True,0.8920934692695417
EEG,POST,frontopolar,theta_periodic_db,23,15,1.2341147301810353,1.4260639608116967,-0.11752058286249968,0.7295023727877495,True,0.8920934692695417
EEG,TURUN,temporal,offset_change,23,15,9.594308755671833,10.382336477749607,-0.11240031238352965,0.7340323858013087,True,0.8920934692695417
EEG,POST,parietal,mu_periodic_db,23,15,1.1373784221152676,0.9771039058736508,0.109247654771241,0.7419319320489328,False,0.8920934692695417
EEG,TAHAN,temporal,beta_periodic_db,23,15,0.33129751182997824,0.25582116726103143,0.11425586211797566,0.7421293753222038,True,0.8920934692695417
EEG,TAHAN,parietal,mu_periodic_db,23,15,0.7585962718296545,0.9069237097666828,-0.10107343280452942,0.7462704983312513,False,0.8920934692695417
EEG,PRA,temporo-posterior,exponent_change,23,15,0.24351401186552976,0.2692807219324457,-0.09424815234451904,0.7736428011475381,False,0.9195297293639311
EEG,POST,frontal,offset_change,23,15,10.164055887324704,10.731724712275131,-0.08741102968723323,0.7866870556066115,False,0.9297210657169045
EEG,NAIK,frontotemporal,mu_periodic_db,23,15,1.1102444359863208,1.2329111126951677,-0.08323239345987221,0.8094424214175744,True,0.9506292704245701
EEG,NAIK,parietal,mu_periodic_db,23,15,1.3088641392464446,1.403118230761802,-0.07468923858413454,0.8142939044347202,False,0.9506292704245701
EEG,POST,oksipital,beta_periodic_db,23,15,0.19664800523524642,0.1403968669723815,0.07488062192272607,0.8222579816378704,False,0.9506292704245701
EEG,TAHAN,temporo-posterior,exponent_change,23,15,0.2719819288580605,0.24492004099156042,0.07354140523770113,0.8260490437514951,False,0.9506292704245701
EEG,TAHAN,temporal,exponent_change,23,15,0.19144131900009323,0.22103734862639926,-0.07550748435305402,0.8281122162130412,True,0.9506292704245701
EEG,TURUN,oksipital,beta_periodic_db,23,15,0.3087466819043629,0.3593617080144271,-0.0716481728958703,0.8376577520669598,False,0.9506292704245701
EEG,POST,frontopolar,beta_periodic_db,23,15,0.2536178594399425,0.2175686666113418,0.06699352027223589,0.8391071964524646,True,0.9506292704245701
EEG,PRA,frontal,offset_change,23,15,8.156455075111614,8.576652973456136,-0.0653465718815779,0.8430515122263675,False,0.9506292704245701
EEG,PRA,frontopolar,offset_change,23,15,9.142325869774576,8.71923822104422,0.06501525490215536,0.8455116107141609,True,0.9506292704245701
EEG,TURUN,temporal,exponent_change,23,15,0.21760839747627028,0.19214569648534402,0.06397108846379039,0.8511857530720862,True,0.9515811664686266
EEG,TURUN,frontopolar,exponent_change,23,15,0.3721589895818729,0.39627091440666307,-0.057626735747082894,0.8565891084959837,True,0.9515811664686266
EEG,TAHAN,frontal,exponent_change,23,15,0.15479581475543733,0.1773867052958625,-0.057995011628640694,0.8600829773851048,False,0.9515811664686266
EEG,NAIK,sentral,beta_periodic_db,23,15,0.3213089707859659,0.35270139482067747,-0.053577939714580594,0.8684194975997731,False,0.9557209285754117
perilaku,latency_hud,-,median,23,15,1.8599891304347755,1.8354999999999935,0.05060197853369767,0.8735799784481586,False,0.956199936351745
EEG,NAIK,oksipital,exponent_change,23,15,0.2752412971033755,0.29606656877472065,-0.050218019739611604,0.8780489800153043,False,0.956199936351745
EEG,POST,sentral,mu_periodic_db,23,15,0.783149471714474,0.8625692279714501,-0.04686584593122057,0.8881170674653781,False,0.9621268230874929
EEG,TAHAN,oksipital,beta_periodic_db,23,15,0.2589381612968415,0.2806794634849593,-0.034840795306472626,0.9167827129392156,False,0.9866219494532635
EEG,NAIK,frontal,theta_periodic_db,23,15,1.1251915080049915,1.0817795888125876,0.030134562035597973,0.9211332194992387,False,0.9866219494532635
EEG,TAHAN,frontal,beta_periodic_db,23,15,0.2528874740557331,0.23610180449850693,0.02721659558080216,0.9317425444658138,False,0.9866219494532635
EEG,POST,temporal,beta_periodic_db,23,15,0.17568599293839118,0.1948387118434035,-0.026717312811947745,0.9379865954267197,True,0.9866219494532635
EEG,NAIK,parietal,beta_periodic_db,23,15,0.4896094870288979,0.5029325523414283,-0.02313654480354439,0.9418090932234985,False,0.9866219494532635
EEG,POST,temporo-posterior,theta_periodic_db,23,15,1.3937843318616816,1.4312379278686342,-0.022921708181145348,0.9429176763996086,False,0.9866219494532635
EEG,TURUN,frontal,exponent_change,23,15,0.17312900141287302,0.18272095568213775,-0.022467533944548375,0.943931576640382,False,0.9866219494532635
EEG,TURUN,parietal,beta_periodic_db,23,15,0.39362342522083277,0.38020198291156965,0.021139866840522072,0.9500537707909585,False,0.9880559216225968
EEG,PRA,sentral,beta_periodic_db,23,15,0.15918883334074516,0.15043683201243846,0.017374946775941733,0.9563202511343082,False,0.9896249364971945
EEG,NAIK,temporo-posterior,mu_periodic_db,23,15,1.4956945340643366,1.518321990862584,-0.015223720449252397,0.9620990706439112,False,0.9906762707620472
EEG,POST,frontopolar,exponent_change,23,15,0.38825941237555545,0.3926677719599684,-0.012868039913350485,0.9674377874623773,True,0.9912663043949482
EEG,NAIK,temporo-posterior,theta_periodic_db,23,15,1.1439173249241588,1.1513715759603105,-0.005196314388733233,0.9869224108917216,False,0.998996158282352
EEG,NAIK,frontopolar,mu_periodic_db,23,15,1.4174394473627019,1.411980930104698,0.003232430929411422,0.9919465658888209,True,0.998996158282352
EEG,NAIK,temporo-posterior,exponent_change,23,15,0.1606427580575653,0.16158033582455816,-0.002410168075988482,0.9940782710569841,False,0.998996158282352
EEG,NAIK,oksipital,beta_periodic_db,23,15,0.24516472713565207,0.24380877160472642,0.002247722100106623,0.9946785743180991,False,0.998996158282352
EEG,POST,frontal,mu_periodic_db,23,15,0.8646075604262443,0.8652760711770451,-0.0004168409092324764,0.998996158282352,False,0.998996158282352
