pid,grup,kondisi,area,cakupan,n_win,offset,expo,alpha,theta,beta
P01,penari,EO,oksipital,1.0,18,37.29386782678781,1.559779525593968,2.1699912809934556,-0.3719186252361051,0.4159265563961341
P01,penari,EO,parietal,1.0,18,34.99881217361959,1.3986751012556076,1.508632104396614,1.2197947803823768,0.36115866393952245
P01,penari,EO,sentral,1.0,18,36.9593750301862,1.6659900172664286,0.93952203811195,0.9708184875588671,0.8793890819618424
P01,penari,EO,temporo-post,1.0,18,41.853368100520754,1.9000913129552661,1.9258126428789994,0.34293213878512085,0.3652938311406885
P01,penari,EO,frontal,1.0,17,36.622187212251376,1.678137459406831,1.441402188238904,2.1536159516203424,0.5287200660950118
P01,penari,EC,oksipital,1.0,26,31.35596063361365,1.2957083175701074,2.4899722330485856,0.29218575637017574,0.39650394688025903
P01,penari,EC,parietal,1.0,26,30.080892700085244,1.2119619327016975,1.9969776740980967,0.10810190286448196,0.42946082444223904
P01,penari,EC,sentral,1.0,26,31.533910863610867,1.5161327415093666,1.2460961668952648,1.8522204662870632,0.22701855635202578
P01,penari,EC,temporo-post,1.0,26,29.91483304326614,1.0464553637861331,1.9116138396364772,1.6669478338302341,0.39447463412332917
P01,penari,EC,frontal,1.0,26,30.799285723276363,1.404442826854948,2.739721122794726,2.0744055874697707,0.06908319119033612
P02,penari,EO,oksipital,1.0,25,43.83140109796808,1.8121663397575343,0.8833486532462027,0.3367191925217361,0.5240958111612498
P02,penari,EO,parietal,1.0,9,45.06760035176363,1.677461405503263,1.7884048521906384,1.2284648833857452,0.3392643186565292
P02,penari,EO,sentral,1.0,6,44.46791941397937,2.0547700911101376,1.8195295127599178,0.46878125476235266,0.95625304628098
P02,penari,EO,temporo-post,1.0,27,43.008599293738705,1.8516197456162797,1.9026799426721168,0.4409877275429258,0.8259452593916572
P02,penari,EO,frontal,1.0,26,42.29427421547242,1.7805308727975213,2.1051033514580344,1.3921054987936814,0.5972031491104183
P02,penari,EC,oksipital,0.1,1,,,,,
P02,penari,EC,parietal,0.1,0,,,,,
P02,penari,EC,sentral,0.1,0,,,,,
P02,penari,EC,temporo-post,0.1,1,,,,,
P02,penari,EC,frontal,0.1,1,,,,,
P03,penari,EO,oksipital,1.0,17,44.070398740768894,2.0151588355495003,0.7864478091321807,-0.17119081299670824,1.17302789923885
P03,penari,EO,parietal,1.0,13,40.93379933254337,1.8121860543742248,2.732427087809431,1.8036956288123918,1.2336095131060536
P03,penari,EO,sentral,1.0,23,43.22402672228745,2.0305457469882047,0.929829285233279,0.6817609874429825,0.5560430526003578
P03,penari,EO,temporo-post,1.0,20,48.91232739086113,2.336780519326628,0.8174205821135767,-0.5625905337162629,0.7796861427128853
P03,penari,EO,frontal,1.0,23,40.69393650450138,1.714178432194024,1.4253431909549423,1.5083479544675455,0.45095179927632845
P03,penari,EC,oksipital,0.0,0,,,,,
P03,penari,EC,parietal,0.0,0,,,,,
P03,penari,EC,sentral,0.0,0,,,,,
P03,penari,EC,temporo-post,0.0,0,,,,,
P03,penari,EC,frontal,0.0,0,,,,,
P04,penari,EO,oksipital,1.0,12,39.604496262812845,0.9847449974163333,1.1420826550994518,0.6639890366765672,0.908322070683883
P04,penari,EO,parietal,1.0,17,38.295674615513484,1.17760620671745,0.47428764725409733,0.3639856613009351,0.4736869506879765
P04,penari,EO,sentral,1.0,20,38.66245492264601,1.6038621491426208,1.9570085392894367,0.34813374532405905,0.6667751986346553
P04,penari,EO,temporo-post,1.0,20,38.802535951107494,1.3457015467891418,1.5565801550741898,0.19163411451712853,0.6476666117025409
P04,penari,EO,frontal,1.0,22,36.75228943816776,1.3089916002358508,1.675254760736153,0.3679483613742268,0.5168235110022237
P04,penari,EC,oksipital,0.0,0,,,,,
P04,penari,EC,parietal,0.0,0,,,,,
P04,penari,EC,sentral,0.0,0,,,,,
P04,penari,EC,temporo-post,0.0,0,,,,,
P04,penari,EC,frontal,0.0,0,,,,,
P05,penari,EO,oksipital,1.0,19,36.96844605021736,1.1337388919579912,0.19434740798652994,0.6640239706752138,0.9440105465552416
P05,penari,EO,parietal,1.0,18,39.37131144142063,1.316324941512023,1.0217004000732182,0.322318534555715,1.053604155799535
P05,penari,EO,sentral,1.0,19,40.554623052413106,1.4858309758732793,0.9452694495710547,0.09838333357436391,1.1268543179118546
P05,penari,EO,temporo-post,1.0,23,35.32791707491097,1.3555879804759992,1.1812857165341821,0.36046539348105033,0.3919684832843579
P05,penari,EO,frontal,1.0,22,39.38464731325172,1.6574917506347566,2.4073438386998545,0.627812666934281,0.6771568212050607
P05,penari,EC,oksipital,0.27,6,40.280836904313574,1.4884206889585012,1.9905234768581161,1.0707921809777576,0.11797996607749794
P05,penari,EC,parietal,0.27,6,41.379726674107744,1.495141993227889,2.7666600635996073,2.3450565984508556,0.4315506771247066
P05,penari,EC,sentral,0.27,4,40.47407709540622,1.5692478864933959,2.5857056681832753,0.6268810011361153,1.291128718714078
P05,penari,EC,temporo-post,0.27,6,41.124604001656806,1.8182990501484098,3.195521351260107,1.7714933220590319,0.49494252420639145
P05,penari,EC,frontal,0.27,4,45.01379982622181,2.061792550397409,3.6138031495284584,-0.6009861198922578,1.527281714244062
P06,penari,EO,oksipital,1.0,20,43.85999631002434,1.6087152017274797,0.2368819376493705,0.014598114199918522,0.853403445554078
P06,penari,EO,parietal,1.0,22,40.14667268552686,1.4168119270076769,0.6527213518749235,1.1660517413298122,0.9326651709597136
P06,penari,EO,sentral,1.0,23,38.592400227470044,1.4503380973023219,0.3588516216925042,0.13540145887206034,0.9808754012102199
P06,penari,EO,temporo-post,1.0,23,40.92278709371495,1.508511434730655,0.35402819415165077,0.12603812699254535,0.7714986012165053
P06,penari,EO,frontal,1.0,13,37.352843532841206,1.4356261683960503,-0.3849411267910554,0.13592700098009336,1.2322145177141763
P06,penari,EC,oksipital,0.88,18,43.75734711981175,1.6004105851025368,0.7884490059248517,0.7893989560232845,0.659843500461016
P06,penari,EC,parietal,0.88,23,38.777155916961405,1.313455712686964,1.1626997686760974,1.3415607373867928,0.678505500249867
P06,penari,EC,sentral,0.88,23,37.651966639576386,1.3894234514282158,0.8496205402749029,1.0300078282955516,0.6870260276163724
P06,penari,EC,temporo-post,0.88,19,44.16892181128204,1.722827953811774,0.3092130841729599,0.20940655083477255,0.7287242743908329
P06,penari,EC,frontal,0.88,23,36.15301775076907,1.411193070488397,1.3524473522615263,1.2168095495373654,0.5418980242102164
P07,penari,EO,oksipital,1.0,26,30.385336517078652,1.022265192954004,-0.10572293368822416,0.2912528029896111,0.6294124206659341
P07,penari,EO,parietal,1.0,27,30.949877329207098,1.1205728373721184,0.4119839594296091,0.21724511718830553,0.16639049403305295
P07,penari,EO,sentral,1.0,27,31.61301324921355,1.2256239319516233,0.5289141510039372,1.4649076127057448,0.19373510160997093
P07,penari,EO,temporo-post,1.0,27,33.618716741895014,1.4404076541016735,0.8359857258922843,0.08933913313681763,0.6367813479448696
P07,penari,EO,frontal,1.0,27,29.325092273183685,1.2716418530349423,0.45788111592725844,-0.7556519832577311,-0.020367964602140864
P07,penari,EC,oksipital,0.92,24,27.068484928248537,0.8687089949863781,-0.1268497197151417,0.3328450291503693,0.053921749544370276
P07,penari,EC,parietal,0.92,24,26.93182293484427,0.8971755858706904,-0.1631506531764746,1.231410205882295,0.04886479776556044
P07,penari,EC,sentral,0.92,24,29.78529452166938,1.163382109717735,-0.12836313786461795,1.5489889789341582,0.7095469686254731
P07,penari,EC,temporo-post,0.92,24,30.487139295423535,1.3923859741262443,-0.45330677594080004,0.8995997720341936,0.9944539631262002
P07,penari,EC,frontal,0.92,24,28.896245776966193,1.400367180311836,-0.4898400130393161,-0.2850939840252237,0.8037543474241773
P10,non-penari,EO,oksipital,1.0,16,45.276424413812684,1.66393468027275,0.8502888732324232,0.13072127675821554,1.1102070910476602
P10,non-penari,EO,parietal,1.0,4,44.54457260459836,1.357761242681787,0.8280534301491382,-0.35618731338932563,1.2086055645096765
P10,non-penari,EO,sentral,1.0,17,44.86085424890568,1.7668333804932903,1.366571284709213,0.15619896651238807,0.7911946170827683
P10,non-penari,EO,temporo-post,1.0,0,,,,,
P10,non-penari,EO,frontal,1.0,8,44.83890850014405,1.3815169518711663,0.6456305407404836,0.2822537170831274,1.4070302097630782
P10,non-penari,EC,oksipital,0.56,11,42.09014504217748,1.3289420542774153,0.8101245548926244,-0.07766483092989218,0.6394922003241167
P10,non-penari,EC,parietal,0.56,3,44.18410934778839,1.2929274864567113,2.2279377013453927,1.8223837692745426,1.5564936789579609
P10,non-penari,EC,sentral,0.56,12,44.60479113496774,1.8643268386229195,1.4230581693198343,0.9278006055131249,0.6530180375293504
P10,non-penari,EC,temporo-post,0.56,0,,,,,
P10,non-penari,EC,frontal,0.56,4,41.55982798493945,1.1722520813228523,1.9931264734822616,0.9117271765271501,1.4576811124661804
P36,non-penari,EO,oksipital,1.0,4,33.605636800743866,1.2797456416430129,0.8882942485914769,0.20059729200877674,1.436136668841773
P36,non-penari,EO,parietal,1.0,7,34.52819578427751,1.2925140202620107,1.1056255741685572,0.23582480369669367,1.0935403205235594
P36,non-penari,EO,sentral,1.0,7,29.92300781845107,1.0083566994512363,0.9927728895298802,1.7740631890764962,1.450882190431289
P36,non-penari,EO,temporo-post,1.0,5,29.07637170074494,1.0502778187933226,-0.4303161833362912,-0.15160513934253356,1.092610881741589
P36,non-penari,EO,frontal,1.0,6,32.11980714038119,1.4690256610214125,1.894702984837529,1.1078466461432146,1.6327730042815105
P36,non-penari,EC,oksipital,1.0,26,33.58935708453957,1.1994831402190038,0.2878891532196326,-1.9005718178004112,0.4881255029025996
P36,non-penari,EC,parietal,1.0,26,32.336966287207424,1.1569285569092842,0.4889246393400424,-1.517010786531694,0.4314454576096074
P36,non-penari,EC,sentral,1.0,26,29.858268635431816,1.07843307035453,1.0852513810084143,0.2098009036881765,0.833081299870102
P36,non-penari,EC,temporo-post,1.0,26,32.9623061692008,1.2622260961557974,0.6553255320959781,-0.8815794001455385,0.6657977698519012
P36,non-penari,EC,frontal,1.0,26,24.776723274239245,1.1930150914588822,1.6801823560731206,-1.5630864616431104,1.0986346119556336
P37,non-penari,EO,oksipital,1.0,19,36.244427650934924,1.5797341353607564,-0.5457468953646472,-0.3159413181353893,0.3496892329484028
P37,non-penari,EO,parietal,1.0,19,32.11796135157288,1.1814636987124656,-0.9048418571593206,0.34389186503496316,0.39806295566702443
P37,non-penari,EO,sentral,1.0,19,35.422895615521625,1.4853392760564184,0.6349104534250873,0.6424610635324118,0.4251312792115254
P37,non-penari,EO,temporo-post,1.0,19,35.76620936106269,1.5606408099388172,0.7886101555004215,-0.36928482501323856,1.0110273777137082
P37,non-penari,EO,frontal,1.0,19,36.114764355838766,1.4194513677754856,-0.24632276722470503,0.7189665533084089,1.0336131400478805
P37,non-penari,EC,oksipital,1.0,23,37.68536320857018,1.3090747859935092,1.7894175087434876,-0.3519596011866283,1.2376499081820522
P37,non-penari,EC,parietal,1.0,24,38.33627221195297,1.2334674544014625,1.0323873322592192,0.5686153593155835,1.0169797258753355
P37,non-penari,EC,sentral,1.0,20,37.06109852944169,1.38761388698156,1.6471296621136977,0.3464111014889282,0.7024817566460007
P37,non-penari,EC,temporo-post,1.0,22,37.03536174443447,1.4580749391268821,0.9168032910848849,-0.6545104539266933,0.7063121452665768
P37,non-penari,EC,frontal,1.0,22,37.66868870474183,1.5625267686150022,1.480880809861783,3.7508708831550597,0.8771735562527695
P38,non-penari,EO,oksipital,1.0,22,37.86014387416082,1.0322151651519706,2.4577497974673523,-0.09667698994001606,1.645434898979436
P38,non-penari,EO,parietal,1.0,26,37.182165033386184,1.0751254579505627,2.1139749861452746,0.7848825109775021,1.096888131609126
P38,non-penari,EO,sentral,1.0,26,33.73547826855523,0.8048752178776564,2.703972510483891,1.4642488911160494,1.202010735638136
P38,non-penari,EO,temporo-post,1.0,26,34.8445108921242,1.1057082014709234,1.8806309174614584,1.027591988890857,1.037423537702576
P38,non-penari,EO,frontal,1.0,26,36.51701351344242,1.2199775598570683,0.6928075515221339,0.7318224411386443,0.825408917838487
P38,non-penari,EC,oksipital,1.0,24,34.51790351035669,0.8128924664707007,3.406983545633489,0.11222910473021652,1.7321614232018114
P38,non-penari,EC,parietal,1.0,26,33.33035917611058,0.832780232014127,3.211545173217184,0.8003640782252036,1.2128296466789956
P38,non-penari,EC,sentral,1.0,26,30.681865828084554,0.6510753260621966,3.4878781420318115,0.5682972162707134,1.3106709134277086
P38,non-penari,EC,temporo-post,1.0,26,32.27817965692563,1.0538025673829385,2.3950814215493805,0.21135060931883498,0.9247986136657148
P38,non-penari,EC,frontal,1.0,26,29.40724722042258,0.80267298653994,1.1706991274469254,0.1614702478776031,0.9207077010645637
