participant_id,task,rep,phase,compliance,latency_hud,phase_source,band,channel,erd_pct,phase_dur,phase_ptp_uv,ptp_ratio_vs_baseline,is_simulated,interpolated
P06,NGEED,2,PRA,ok,1.318999999999999,video,theta,C3,37.79580876692245,2.0,184.6,1.33,False,False
P06,NGEED,2,PRA,ok,1.318999999999999,video,theta,C4,1083.5887823301919,2.0,292.2,2.04,False,False
P06,NGEED,2,PRA,ok,1.318999999999999,video,theta,P3,1025.1955186187872,2.0,188.5,2.83,False,False
P06,NGEED,2,PRA,ok,1.318999999999999,video,theta,P4,653.3927564968171,2.0,360.6,2.39,False,False
P06,NGEED,2,PRA,ok,1.318999999999999,video,theta,O1,82.62052412879245,2.0,153.7,0.84,False,False
P06,NGEED,2,PRA,ok,1.318999999999999,video,theta,O2,197.23858201015312,2.0,370.5,0.62,False,False
P06,NGEED,2,PRA,ok,1.318999999999999,video,theta,F3,198.28765346138266,2.0,195.8,1.76,False,False
P06,NGEED,2,PRA,ok,1.318999999999999,video,theta,F4,1204.818172399737,2.0,269.7,2.5,False,False
P06,NGEED,2,PRA,ok,1.318999999999999,video,mu,C3,-11.119354075679865,2.0,184.6,1.33,False,False
P06,NGEED,2,PRA,ok,1.318999999999999,video,mu,C4,1064.2686715962063,2.0,292.2,2.04,False,False
P06,NGEED,2,PRA,ok,1.318999999999999,video,mu,P3,20.221280061170212,2.0,188.5,2.83,False,False
P06,NGEED,2,PRA,ok,1.318999999999999,video,mu,P4,477.73638236348086,2.0,360.6,2.39,False,False
P06,NGEED,2,PRA,ok,1.318999999999999,video,mu,O1,-73.35263327189976,2.0,153.7,0.84,False,False
P06,NGEED,2,PRA,ok,1.318999999999999,video,mu,O2,-26.644329604247943,2.0,370.5,0.62,False,False
P06,NGEED,2,PRA,ok,1.318999999999999,video,mu,F3,439.3125603142317,2.0,195.8,1.76,False,False
P06,NGEED,2,PRA,ok,1.318999999999999,video,mu,F4,1737.2411205638325,2.0,269.7,2.5,False,False
P06,NGEED,2,PRA,ok,1.318999999999999,video,beta,C3,-65.02195896232365,2.0,184.6,1.33,False,False
P06,NGEED,2,PRA,ok,1.318999999999999,video,beta,C4,150.6522234209917,2.0,292.2,2.04,False,False
P06,NGEED,2,PRA,ok,1.318999999999999,video,beta,P3,-41.15892016998042,2.0,188.5,2.83,False,False
P06,NGEED,2,PRA,ok,1.318999999999999,video,beta,P4,31.246239915371422,2.0,360.6,2.39,False,False
P06,NGEED,2,PRA,ok,1.318999999999999,video,beta,O1,-75.91712915495111,2.0,153.7,0.84,False,False
P06,NGEED,2,PRA,ok,1.318999999999999,video,beta,O2,-51.284859516742216,2.0,370.5,0.62,False,False
P06,NGEED,2,PRA,ok,1.318999999999999,video,beta,F3,128.80401982434708,2.0,195.8,1.76,False,False
P06,NGEED,2,PRA,ok,1.318999999999999,video,beta,F4,498.27604382591466,2.0,269.7,2.5,False,False
P06,NGEED,2,TURUN,ok,1.318999999999999,video,theta,C3,150.74342189270203,1.333000000000002,227.2,1.64,False,False
P06,NGEED,2,TURUN,ok,1.318999999999999,video,theta,C4,-38.701293555085826,1.333000000000002,78.0,0.55,False,False
P06,NGEED,2,TURUN,ok,1.318999999999999,video,theta,P3,1017.3737555379171,1.333000000000002,244.4,3.67,False,False
P06,NGEED,2,TURUN,ok,1.318999999999999,video,theta,P4,11.69328258144127,1.333000000000002,126.2,0.83,False,False
P06,NGEED,2,TURUN,ok,1.318999999999999,video,theta,O1,433.5069556058256,1.333000000000002,272.1,1.49,False,False
P06,NGEED,2,TURUN,ok,1.318999999999999,video,theta,O2,17.447258062195285,1.333000000000002,171.9,0.29,False,False
P06,NGEED,2,TURUN,ok,1.318999999999999,video,theta,F3,177.8319636751808,1.333000000000002,186.7,1.68,False,False
P06,NGEED,2,TURUN,ok,1.318999999999999,video,theta,F4,-4.583777311002121,1.333000000000002,98.9,0.92,False,False
P06,NGEED,2,TURUN,ok,1.318999999999999,video,mu,C3,28.2238160473189,1.333000000000002,227.2,1.64,False,False
P06,NGEED,2,TURUN,ok,1.318999999999999,video,mu,C4,2.9890603230673567,1.333000000000002,78.0,0.55,False,False
P06,NGEED,2,TURUN,ok,1.318999999999999,video,mu,P3,136.3675993525991,1.333000000000002,244.4,3.67,False,False
P06,NGEED,2,TURUN,ok,1.318999999999999,video,mu,P4,-10.225246548461955,1.333000000000002,126.2,0.83,False,False
P06,NGEED,2,TURUN,ok,1.318999999999999,video,mu,O1,-7.20163977912763,1.333000000000002,272.1,1.49,False,False
P06,NGEED,2,TURUN,ok,1.318999999999999,video,mu,O2,-84.41606343398858,1.333000000000002,171.9,0.29,False,False
P06,NGEED,2,TURUN,ok,1.318999999999999,video,mu,F3,332.4317032341319,1.333000000000002,186.7,1.68,False,False
P06,NGEED,2,TURUN,ok,1.318999999999999,video,mu,F4,110.04172890293628,1.333000000000002,98.9,0.92,False,False
P06,NGEED,2,TURUN,ok,1.318999999999999,video,beta,C3,-56.79262050170658,1.333000000000002,227.2,1.64,False,False
P06,NGEED,2,TURUN,ok,1.318999999999999,video,beta,C4,-41.67094696445993,1.333000000000002,78.0,0.55,False,False
P06,NGEED,2,TURUN,ok,1.318999999999999,video,beta,P3,-19.528013061250405,1.333000000000002,244.4,3.67,False,False
P06,NGEED,2,TURUN,ok,1.318999999999999,video,beta,P4,-41.154217029976735,1.333000000000002,126.2,0.83,False,False
P06,NGEED,2,TURUN,ok,1.318999999999999,video,beta,O1,-73.74079748150373,1.333000000000002,272.1,1.49,False,False
P06,NGEED,2,TURUN,ok,1.318999999999999,video,beta,O2,-90.20883591635801,1.333000000000002,171.9,0.29,False,False
P06,NGEED,2,TURUN,ok,1.318999999999999,video,beta,F3,303.6123026411525,1.333000000000002,186.7,1.68,False,False
P06,NGEED,2,TURUN,ok,1.318999999999999,video,beta,F4,64.02566112752581,1.333000000000002,98.9,0.92,False,False
P06,NGEED,2,TAHAN,ok,1.318999999999999,video,theta,C3,-56.01295591518138,3.3329999999999984,99.9,0.72,False,False
P06,NGEED,2,TAHAN,ok,1.318999999999999,video,theta,C4,-86.84670129611321,3.3329999999999984,36.9,0.26,False,False
P06,NGEED,2,TAHAN,ok,1.318999999999999,video,theta,P3,176.8970179105548,3.3329999999999984,102.2,1.54,False,False
P06,NGEED,2,TAHAN,ok,1.318999999999999,video,theta,P4,-90.38417932413749,3.3329999999999984,52.6,0.35,False,False
P06,NGEED,2,TAHAN,ok,1.318999999999999,video,theta,O1,14.658203424811362,3.3329999999999984,107.1,0.59,False,False
P06,NGEED,2,TAHAN,ok,1.318999999999999,video,theta,O2,-75.91958087432401,3.3329999999999984,109.7,0.18,False,False
P06,NGEED,2,TAHAN,ok,1.318999999999999,video,theta,F3,-87.93175918109067,3.3329999999999984,47.6,0.43,False,False
P06,NGEED,2,TAHAN,ok,1.318999999999999,video,theta,F4,-81.9765999491644,3.3329999999999984,36.1,0.34,False,False
P06,NGEED,2,TAHAN,ok,1.318999999999999,video,mu,C3,-52.82472543860813,3.3329999999999984,99.9,0.72,False,False
P06,NGEED,2,TAHAN,ok,1.318999999999999,video,mu,C4,-84.16846989619948,3.3329999999999984,36.9,0.26,False,False
P06,NGEED,2,TAHAN,ok,1.318999999999999,video,mu,P3,-45.857140230727964,3.3329999999999984,102.2,1.54,False,False
P06,NGEED,2,TAHAN,ok,1.318999999999999,video,mu,P4,-91.26897593906264,3.3329999999999984,52.6,0.35,False,False
P06,NGEED,2,TAHAN,ok,1.318999999999999,video,mu,O1,-81.74686850638861,3.3329999999999984,107.1,0.59,False,False
P06,NGEED,2,TAHAN,ok,1.318999999999999,video,mu,O2,-94.6926779737325,3.3329999999999984,109.7,0.18,False,False
P06,NGEED,2,TAHAN,ok,1.318999999999999,video,mu,F3,-40.63007677982599,3.3329999999999984,47.6,0.43,False,False
P06,NGEED,2,TAHAN,ok,1.318999999999999,video,mu,F4,-67.03371128616554,3.3329999999999984,36.1,0.34,False,False
P06,NGEED,2,TAHAN,ok,1.318999999999999,video,beta,C3,-81.85005158088283,3.3329999999999984,99.9,0.72,False,False
P06,NGEED,2,TAHAN,ok,1.318999999999999,video,beta,C4,-95.30520066666686,3.3329999999999984,36.9,0.26,False,False
P06,NGEED,2,TAHAN,ok,1.318999999999999,video,beta,P3,-74.02905119790177,3.3329999999999984,102.2,1.54,False,False
P06,NGEED,2,TAHAN,ok,1.318999999999999,video,beta,P4,-95.39409065231614,3.3329999999999984,52.6,0.35,False,False
P06,NGEED,2,TAHAN,ok,1.318999999999999,video,beta,O1,-85.22159670657113,3.3329999999999984,107.1,0.59,False,False
P06,NGEED,2,TAHAN,ok,1.318999999999999,video,beta,O2,-94.84566159558356,3.3329999999999984,109.7,0.18,False,False
P06,NGEED,2,TAHAN,ok,1.318999999999999,video,beta,F3,-44.8221613922164,3.3329999999999984,47.6,0.43,False,False
P06,NGEED,2,TAHAN,ok,1.318999999999999,video,beta,F4,-90.40070906956359,3.3329999999999984,36.1,0.34,False,False
P06,NGEED,2,NAIK,ok,1.318999999999999,video,theta,C3,-5.079590550605151,1.125,162.3,1.17,False,False
P06,NGEED,2,NAIK,ok,1.318999999999999,video,theta,C4,-86.41684148202182,1.125,36.4,0.25,False,False
P06,NGEED,2,NAIK,ok,1.318999999999999,video,theta,P3,341.76213816055906,1.125,123.4,1.85,False,False
P06,NGEED,2,NAIK,ok,1.318999999999999,video,theta,P4,-64.65509782577425,1.125,65.2,0.43,False,False
P06,NGEED,2,NAIK,ok,1.318999999999999,video,theta,O1,149.88779951275978,1.125,138.5,0.76,False,False
P06,NGEED,2,NAIK,ok,1.318999999999999,video,theta,O2,-54.30093214991074,1.125,116.3,0.19,False,False
P06,NGEED,2,NAIK,ok,1.318999999999999,video,theta,F3,-60.96300834198256,1.125,47.1,0.42,False,False
P06,NGEED,2,NAIK,ok,1.318999999999999,video,theta,F4,-91.87099509580062,1.125,22.6,0.21,False,False
P06,NGEED,2,NAIK,ok,1.318999999999999,video,mu,C3,-12.28291619995325,1.125,162.3,1.17,False,False
P06,NGEED,2,NAIK,ok,1.318999999999999,video,mu,C4,-84.07113759537334,1.125,36.4,0.25,False,False
P06,NGEED,2,NAIK,ok,1.318999999999999,video,mu,P3,19.424145237786945,1.125,123.4,1.85,False,False
P06,NGEED,2,NAIK,ok,1.318999999999999,video,mu,P4,-74.90916774948866,1.125,65.2,0.43,False,False
P06,NGEED,2,NAIK,ok,1.318999999999999,video,mu,O1,-76.32767210140867,1.125,138.5,0.76,False,False
P06,NGEED,2,NAIK,ok,1.318999999999999,video,mu,O2,-92.68682550409426,1.125,116.3,0.19,False,False
P06,NGEED,2,NAIK,ok,1.318999999999999,video,mu,F3,-57.024544799475095,1.125,47.1,0.42,False,False
P06,NGEED,2,NAIK,ok,1.318999999999999,video,mu,F4,-77.13727948076317,1.125,22.6,0.21,False,False
P06,NGEED,2,NAIK,ok,1.318999999999999,video,beta,C3,-76.419276161931,1.125,162.3,1.17,False,False
P06,NGEED,2,NAIK,ok,1.318999999999999,video,beta,C4,-93.47055675258537,1.125,36.4,0.25,False,False
P06,NGEED,2,NAIK,ok,1.318999999999999,video,beta,P3,-52.10949845960137,1.125,123.4,1.85,False,False
P06,NGEED,2,NAIK,ok,1.318999999999999,video,beta,P4,-78.45314442447639,1.125,65.2,0.43,False,False
P06,NGEED,2,NAIK,ok,1.318999999999999,video,beta,O1,-89.88532923298214,1.125,138.5,0.76,False,False
P06,NGEED,2,NAIK,ok,1.318999999999999,video,beta,O2,-94.09929049117504,1.125,116.3,0.19,False,False
P06,NGEED,2,NAIK,ok,1.318999999999999,video,beta,F3,-31.130994984717358,1.125,47.1,0.42,False,False
P06,NGEED,2,NAIK,ok,1.318999999999999,video,beta,F4,-90.21130800496866,1.125,22.6,0.21,False,False
P06,NGEED,2,POST,ok,1.318999999999999,video,theta,C3,-34.01052313286132,1.5,100.8,0.73,False,False
P06,NGEED,2,POST,ok,1.318999999999999,video,theta,C4,-38.18373321897185,1.5,71.1,0.5,False,False
P06,NGEED,2,POST,ok,1.318999999999999,video,theta,P3,371.35239085799407,1.5,144.6,2.17,False,False
P06,NGEED,2,POST,ok,1.318999999999999,video,theta,P4,-30.3132605468546,1.5,101.0,0.67,False,False
P06,NGEED,2,POST,ok,1.318999999999999,video,theta,O1,72.81034279427942,1.5,115.3,0.63,False,False
P06,NGEED,2,POST,ok,1.318999999999999,video,theta,O2,-28.220214396076802,1.5,110.1,0.18,False,False
P06,NGEED,2,POST,ok,1.318999999999999,video,theta,F3,-73.2789801606318,1.5,37.6,0.34,False,False
P06,NGEED,2,POST,ok,1.318999999999999,video,theta,F4,-51.43829912302953,1.5,51.5,0.48,False,False
P06,NGEED,2,POST,ok,1.318999999999999,video,mu,C3,-49.415635822524294,1.5,100.8,0.73,False,False
P06,NGEED,2,POST,ok,1.318999999999999,video,mu,C4,-37.2294350683477,1.5,71.1,0.5,False,False
P06,NGEED,2,POST,ok,1.318999999999999,video,mu,P3,22.205526388835015,1.5,144.6,2.17,False,False
P06,NGEED,2,POST,ok,1.318999999999999,video,mu,P4,-60.41654101092486,1.5,101.0,0.67,False,False
P06,NGEED,2,POST,ok,1.318999999999999,video,mu,O1,-64.29809189333153,1.5,115.3,0.63,False,False
P06,NGEED,2,POST,ok,1.318999999999999,video,mu,O2,-95.29872715896518,1.5,110.1,0.18,False,False
P06,NGEED,2,POST,ok,1.318999999999999,video,mu,F3,-58.21153206127199,1.5,37.6,0.34,False,False
P06,NGEED,2,POST,ok,1.318999999999999,video,mu,F4,-30.913093473853976,1.5,51.5,0.48,False,False
P06,NGEED,2,POST,ok,1.318999999999999,video,beta,C3,-80.21620611216335,1.5,100.8,0.73,False,False
P06,NGEED,2,POST,ok,1.318999999999999,video,beta,C4,-78.11172592640142,1.5,71.1,0.5,False,False
P06,NGEED,2,POST,ok,1.318999999999999,video,beta,P3,-71.57293095124365,1.5,144.6,2.17,False,False
P06,NGEED,2,POST,ok,1.318999999999999,video,beta,P4,-84.85003999466035,1.5,101.0,0.67,False,False
P06,NGEED,2,POST,ok,1.318999999999999,video,beta,O1,-86.9524193214282,1.5,115.3,0.63,False,False
P06,NGEED,2,POST,ok,1.318999999999999,video,beta,O2,-92.77637737407099,1.5,110.1,0.18,False,False
P06,NGEED,2,POST,ok,1.318999999999999,video,beta,F3,-66.13083967495848,1.5,37.6,0.34,False,False
P06,NGEED,2,POST,ok,1.318999999999999,video,beta,F4,-74.39005538678963,1.5,51.5,0.48,False,False
P06,AGEM KANAN,2,PRA,ok,1.7909999999999968,video,theta,C3,1672.7079264857978,2.0,149.5,2.85,False,False
P06,AGEM KANAN,2,PRA,ok,1.7909999999999968,video,theta,C4,104.4213130658637,2.0,113.5,1.34,False,False
P06,AGEM KANAN,2,PRA,ok,1.7909999999999968,video,theta,P3,608.1620807641599,2.0,170.1,2.13,False,False
P06,AGEM KANAN,2,PRA,ok,1.7909999999999968,video,theta,P4,212.43342629516874,2.0,151.7,1.18,False,False
P06,AGEM KANAN,2,PRA,ok,1.7909999999999968,video,theta,O1,794.9861560292087,2.0,180.9,2.92,False,False
P06,AGEM KANAN,2,PRA,ok,1.7909999999999968,video,theta,O2,338.36345209184236,2.0,227.0,2.07,False,False
P06,AGEM KANAN,2,PRA,ok,1.7909999999999968,video,theta,F3,1931907.4522210478,2.0,200.6,222.06,False,False
P06,AGEM KANAN,2,PRA,ok,1.7909999999999968,video,theta,F4,69.12590212419482,2.0,128.2,1.0,False,False
P06,AGEM KANAN,2,PRA,ok,1.7909999999999968,video,mu,C3,3390.2951564867226,2.0,149.5,2.85,False,False
P06,AGEM KANAN,2,PRA,ok,1.7909999999999968,video,mu,C4,26.850520248351977,2.0,113.5,1.34,False,False
P06,AGEM KANAN,2,PRA,ok,1.7909999999999968,video,mu,P3,318.93786112381514,2.0,170.1,2.13,False,False
P06,AGEM KANAN,2,PRA,ok,1.7909999999999968,video,mu,P4,88.39813613384783,2.0,151.7,1.18,False,False
P06,AGEM KANAN,2,PRA,ok,1.7909999999999968,video,mu,O1,443.16323342807397,2.0,180.9,2.92,False,False
P06,AGEM KANAN,2,PRA,ok,1.7909999999999968,video,mu,O2,109.06951216077871,2.0,227.0,2.07,False,False
P06,AGEM KANAN,2,PRA,ok,1.7909999999999968,video,mu,F3,1292622.073403949,2.0,200.6,222.06,False,False
P06,AGEM KANAN,2,PRA,ok,1.7909999999999968,video,mu,F4,44.96617726729213,2.0,128.2,1.0,False,False
P06,AGEM KANAN,2,PRA,ok,1.7909999999999968,video,beta,C3,1362.5808197136182,2.0,149.5,2.85,False,False
P06,AGEM KANAN,2,PRA,ok,1.7909999999999968,video,beta,C4,-4.900797721629242,2.0,113.5,1.34,False,False
P06,AGEM KANAN,2,PRA,ok,1.7909999999999968,video,beta,P3,358.36832614007636,2.0,170.1,2.13,False,False
P06,AGEM KANAN,2,PRA,ok,1.7909999999999968,video,beta,P4,-18.576435235882233,2.0,151.7,1.18,False,False
P06,AGEM KANAN,2,PRA,ok,1.7909999999999968,video,beta,O1,125.21072353910732,2.0,180.9,2.92,False,False
P06,AGEM KANAN,2,PRA,ok,1.7909999999999968,video,beta,O2,71.51600423903577,2.0,227.0,2.07,False,False
P06,AGEM KANAN,2,PRA,ok,1.7909999999999968,video,beta,F3,1114409.157262546,2.0,200.6,222.06,False,False
P06,AGEM KANAN,2,PRA,ok,1.7909999999999968,video,beta,F4,-1.256179776679447,2.0,128.2,1.0,False,False
P06,AGEM KANAN,2,TURUN,ok,1.7909999999999968,video,theta,C3,3024.626540183957,1.4590000000000032,159.5,3.04,False,False
P06,AGEM KANAN,2,TURUN,ok,1.7909999999999968,video,theta,C4,177.14600113186998,1.4590000000000032,102.6,1.21,False,False
P06,AGEM KANAN,2,TURUN,ok,1.7909999999999968,video,theta,P3,833.2287199224896,1.4590000000000032,187.3,2.35,False,False
P06,AGEM KANAN,2,TURUN,ok,1.7909999999999968,video,theta,P4,73.09655664682256,1.4590000000000032,175.7,1.37,False,False
P06,AGEM KANAN,2,TURUN,ok,1.7909999999999968,video,theta,O1,1038.2345714510568,1.4590000000000032,136.9,2.21,False,False
P06,AGEM KANAN,2,TURUN,ok,1.7909999999999968,video,theta,O2,668.4297079671314,1.4590000000000032,283.2,2.59,False,False
P06,AGEM KANAN,2,TURUN,ok,1.7909999999999968,video,theta,F3,8226502.037124022,1.4590000000000032,311.8,345.11,False,False
P06,AGEM KANAN,2,TURUN,ok,1.7909999999999968,video,theta,F4,65.83708487909428,1.4590000000000032,135.2,1.05,False,False
P06,AGEM KANAN,2,TURUN,ok,1.7909999999999968,video,mu,C3,4389.528089516814,1.4590000000000032,159.5,3.04,False,False
P06,AGEM KANAN,2,TURUN,ok,1.7909999999999968,video,mu,C4,-10.801508501998084,1.4590000000000032,102.6,1.21,False,False
P06,AGEM KANAN,2,TURUN,ok,1.7909999999999968,video,mu,P3,549.562324189794,1.4590000000000032,187.3,2.35,False,False
P06,AGEM KANAN,2,TURUN,ok,1.7909999999999968,video,mu,P4,12.498076881184936,1.4590000000000032,175.7,1.37,False,False
P06,AGEM KANAN,2,TURUN,ok,1.7909999999999968,video,mu,O1,526.0660422898214,1.4590000000000032,136.9,2.21,False,False
P06,AGEM KANAN,2,TURUN,ok,1.7909999999999968,video,mu,O2,723.9609274465859,1.4590000000000032,283.2,2.59,False,False
P06,AGEM KANAN,2,TURUN,ok,1.7909999999999968,video,mu,F3,6302832.023811633,1.4590000000000032,311.8,345.11,False,False
P06,AGEM KANAN,2,TURUN,ok,1.7909999999999968,video,mu,F4,-16.234896191046072,1.4590000000000032,135.2,1.05,False,False
P06,AGEM KANAN,2,TURUN,ok,1.7909999999999968,video,beta,C3,2138.808690158169,1.4590000000000032,159.5,3.04,False,False
P06,AGEM KANAN,2,TURUN,ok,1.7909999999999968,video,beta,C4,-21.96062916707868,1.4590000000000032,102.6,1.21,False,False
P06,AGEM KANAN,2,TURUN,ok,1.7909999999999968,video,beta,P3,1481.0559356891902,1.4590000000000032,187.3,2.35,False,False
P06,AGEM KANAN,2,TURUN,ok,1.7909999999999968,video,beta,P4,-47.025525937182955,1.4590000000000032,175.7,1.37,False,False
P06,AGEM KANAN,2,TURUN,ok,1.7909999999999968,video,beta,O1,278.9427417582693,1.4590000000000032,136.9,2.21,False,False
P06,AGEM KANAN,2,TURUN,ok,1.7909999999999968,video,beta,O2,281.31043671044347,1.4590000000000032,283.2,2.59,False,False
P06,AGEM KANAN,2,TURUN,ok,1.7909999999999968,video,beta,F3,4190670.6524049407,1.4590000000000032,311.8,345.11,False,False
P06,AGEM KANAN,2,TURUN,ok,1.7909999999999968,video,beta,F4,18.99209529960403,1.4590000000000032,135.2,1.05,False,False
P06,AGEM KANAN,2,TAHAN,ok,1.7909999999999968,video,theta,C3,1131.9416678504629,3.262999999999998,155.3,2.96,False,False
P06,AGEM KANAN,2,TAHAN,ok,1.7909999999999968,video,theta,C4,-7.309708745660122,3.262999999999998,92.5,1.09,False,False
P06,AGEM KANAN,2,TAHAN,ok,1.7909999999999968,video,theta,P3,3930.0906571568053,3.262999999999998,467.2,5.86,False,False
P06,AGEM KANAN,2,TAHAN,ok,1.7909999999999968,video,theta,P4,-52.60652630675226,3.262999999999998,110.7,0.86,False,False
P06,AGEM KANAN,2,TAHAN,ok,1.7909999999999968,video,theta,O1,4591.283671493824,3.262999999999998,449.7,7.25,False,False
P06,AGEM KANAN,2,TAHAN,ok,1.7909999999999968,video,theta,O2,63.24839627759766,3.262999999999998,171.2,1.56,False,False
P06,AGEM KANAN,2,TAHAN,ok,1.7909999999999968,video,theta,F3,146681.27485111193,3.262999999999998,79.4,87.87,False,False
P06,AGEM KANAN,2,TAHAN,ok,1.7909999999999968,video,theta,F4,-15.172963976136316,3.262999999999998,97.2,0.76,False,False
P06,AGEM KANAN,2,TAHAN,ok,1.7909999999999968,video,mu,C3,3086.6602458882194,3.262999999999998,155.3,2.96,False,False
P06,AGEM KANAN,2,TAHAN,ok,1.7909999999999968,video,mu,C4,-43.36271470123926,3.262999999999998,92.5,1.09,False,False
P06,AGEM KANAN,2,TAHAN,ok,1.7909999999999968,video,mu,P3,3476.233262377953,3.262999999999998,467.2,5.86,False,False
P06,AGEM KANAN,2,TAHAN,ok,1.7909999999999968,video,mu,P4,-66.6333713452639,3.262999999999998,110.7,0.86,False,False
P06,AGEM KANAN,2,TAHAN,ok,1.7909999999999968,video,mu,O1,2444.815058233941,3.262999999999998,449.7,7.25,False,False
P06,AGEM KANAN,2,TAHAN,ok,1.7909999999999968,video,mu,O2,156.84541305868305,3.262999999999998,171.2,1.56,False,False
P06,AGEM KANAN,2,TAHAN,ok,1.7909999999999968,video,mu,F3,288656.0442353697,3.262999999999998,79.4,87.87,False,False
P06,AGEM KANAN,2,TAHAN,ok,1.7909999999999968,video,mu,F4,-43.0864404654977,3.262999999999998,97.2,0.76,False,False
P06,AGEM KANAN,2,TAHAN,ok,1.7909999999999968,video,beta,C3,1843.4922486081296,3.262999999999998,155.3,2.96,False,False
P06,AGEM KANAN,2,TAHAN,ok,1.7909999999999968,video,beta,C4,-42.412312103158015,3.262999999999998,92.5,1.09,False,False
P06,AGEM KANAN,2,TAHAN,ok,1.7909999999999968,video,beta,P3,4473.460340372085,3.262999999999998,467.2,5.86,False,False
P06,AGEM KANAN,2,TAHAN,ok,1.7909999999999968,video,beta,P4,-71.46635237754583,3.262999999999998,110.7,0.86,False,False
P06,AGEM KANAN,2,TAHAN,ok,1.7909999999999968,video,beta,O1,931.5175379782784,3.262999999999998,449.7,7.25,False,False
P06,AGEM KANAN,2,TAHAN,ok,1.7909999999999968,video,beta,O2,67.2411626371731,3.262999999999998,171.2,1.56,False,False
P06,AGEM KANAN,2,TAHAN,ok,1.7909999999999968,video,beta,F3,678997.5986780587,3.262999999999998,79.4,87.87,False,False
P06,AGEM KANAN,2,TAHAN,ok,1.7909999999999968,video,beta,F4,-43.924662640968364,3.262999999999998,97.2,0.76,False,False
P06,AGEM KANAN,2,NAIK,ok,1.7909999999999968,video,mu,C3,7645.300614440908,0.6110000000000042,103.5,1.97,False,False
P06,AGEM KANAN,2,NAIK,ok,1.7909999999999968,video,mu,C4,493.223241925566,0.6110000000000042,168.3,1.99,False,False
P06,AGEM KANAN,2,NAIK,ok,1.7909999999999968,video,mu,P3,3701.957027903804,0.6110000000000042,323.6,4.06,False,False
P06,AGEM KANAN,2,NAIK,ok,1.7909999999999968,video,mu,P4,287.29587777156536,0.6110000000000042,164.8,1.28,False,False
P06,AGEM KANAN,2,NAIK,ok,1.7909999999999968,video,mu,O1,3928.353863293308,0.6110000000000042,270.1,4.36,False,False
P06,AGEM KANAN,2,NAIK,ok,1.7909999999999968,video,mu,O2,444.0947146810354,0.6110000000000042,171.6,1.57,False,False
P06,AGEM KANAN,2,NAIK,ok,1.7909999999999968,video,mu,F3,1995567.940274311,0.6110000000000042,82.3,91.04,False,False
P06,AGEM KANAN,2,NAIK,ok,1.7909999999999968,video,mu,F4,3450.6192611306824,0.6110000000000042,398.8,3.11,False,False
P06,AGEM KANAN,2,NAIK,ok,1.7909999999999968,video,beta,C3,3399.9060552917276,0.6110000000000042,103.5,1.97,False,False
P06,AGEM KANAN,2,NAIK,ok,1.7909999999999968,video,beta,C4,374.06014514535286,0.6110000000000042,168.3,1.99,False,False
P06,AGEM KANAN,2,NAIK,ok,1.7909999999999968,video,beta,P3,5172.11970509149,0.6110000000000042,323.6,4.06,False,False
P06,AGEM KANAN,2,NAIK,ok,1.7909999999999968,video,beta,P4,62.848776720751424,0.6110000000000042,164.8,1.28,False,False
P06,AGEM KANAN,2,NAIK,ok,1.7909999999999968,video,beta,O1,1844.7960611032313,0.6110000000000042,270.1,4.36,False,False
P06,AGEM KANAN,2,NAIK,ok,1.7909999999999968,video,beta,O2,420.66139501504836,0.6110000000000042,171.6,1.57,False,False
P06,AGEM KANAN,2,NAIK,ok,1.7909999999999968,video,beta,F3,2401701.42247273,0.6110000000000042,82.3,91.04,False,False
P06,AGEM KANAN,2,NAIK,ok,1.7909999999999968,video,beta,F4,2796.698096919866,0.6110000000000042,398.8,3.11,False,False
P06,AGEM KANAN,2,POST,ok,1.7909999999999968,video,theta,C3,1358.7969027775814,1.5,117.4,2.24,False,False
P06,AGEM KANAN,2,POST,ok,1.7909999999999968,video,theta,C4,3476.3184731079687,1.5,328.9,3.89,False,False
P06,AGEM KANAN,2,POST,ok,1.7909999999999968,video,theta,P3,1159.8821430005735,1.5,203.6,2.55,False,False
P06,AGEM KANAN,2,POST,ok,1.7909999999999968,video,theta,P4,2197.4423325103958,1.5,374.4,2.92,False,False
P06,AGEM KANAN,2,POST,ok,1.7909999999999968,video,theta,O1,1532.2766395800945,1.5,182.6,2.94,False,False
P06,AGEM KANAN,2,POST,ok,1.7909999999999968,video,theta,O2,1683.9171867151313,1.5,339.2,3.1,False,False
P06,AGEM KANAN,2,POST,ok,1.7909999999999968,video,theta,F3,613423.4499359728,1.5,88.6,98.09,False,False
P06,AGEM KANAN,2,POST,ok,1.7909999999999968,video,theta,F4,2129.7404667087667,1.5,291.4,2.27,False,False
P06,AGEM KANAN,2,POST,ok,1.7909999999999968,video,mu,C3,2922.30709125944,1.5,117.4,2.24,False,False
P06,AGEM KANAN,2,POST,ok,1.7909999999999968,video,mu,C4,1935.6027160975002,1.5,328.9,3.89,False,False
P06,AGEM KANAN,2,POST,ok,1.7909999999999968,video,mu,P3,705.1529686734286,1.5,203.6,2.55,False,False
P06,AGEM KANAN,2,POST,ok,1.7909999999999968,video,mu,P4,964.1774878774307,1.5,374.4,2.92,False,False
P06,AGEM KANAN,2,POST,ok,1.7909999999999968,video,mu,O1,849.6316418820436,1.5,182.6,2.94,False,False
P06,AGEM KANAN,2,POST,ok,1.7909999999999968,video,mu,O2,1300.2671135141036,1.5,339.2,3.1,False,False
P06,AGEM KANAN,2,POST,ok,1.7909999999999968,video,mu,F3,932136.6452560792,1.5,88.6,98.09,False,False
P06,AGEM KANAN,2,POST,ok,1.7909999999999968,video,mu,F4,1836.3636272316776,1.5,291.4,2.27,False,False
P06,AGEM KANAN,2,POST,ok,1.7909999999999968,video,beta,C3,521.7374624374534,1.5,117.4,2.24,False,False
P06,AGEM KANAN,2,POST,ok,1.7909999999999968,video,beta,C4,417.95066778323786,1.5,328.9,3.89,False,False
P06,AGEM KANAN,2,POST,ok,1.7909999999999968,video,beta,P3,953.605926482756,1.5,203.6,2.55,False,False
P06,AGEM KANAN,2,POST,ok,1.7909999999999968,video,beta,P4,165.79968879296362,1.5,374.4,2.92,False,False
P06,AGEM KANAN,2,POST,ok,1.7909999999999968,video,beta,O1,112.51889979802067,1.5,182.6,2.94,False,False
P06,AGEM KANAN,2,POST,ok,1.7909999999999968,video,beta,O2,541.9270405343502,1.5,339.2,3.1,False,False
P06,AGEM KANAN,2,POST,ok,1.7909999999999968,video,beta,F3,688606.50361178,1.5,88.6,98.09,False,False
P06,AGEM KANAN,2,POST,ok,1.7909999999999968,video,beta,F4,441.32763144338156,1.5,291.4,2.27,False,False
P06,NGEED,3,PRA,hud_fallback,1.7220000000000368,hud_fallback,theta,C3,34197.16578051919,2.0,200.8,30.39,False,False
P06,NGEED,3,PRA,hud_fallback,1.7220000000000368,hud_fallback,theta,C4,259.2221377641027,2.0,260.5,1.73,False,False
P06,NGEED,3,PRA,hud_fallback,1.7220000000000368,hud_fallback,theta,P3,50082.969804038454,2.0,271.0,9.34,False,False
P06,NGEED,3,PRA,hud_fallback,1.7220000000000368,hud_fallback,theta,P4,187.30235768615148,2.0,273.5,1.62,False,False
P06,NGEED,3,PRA,hud_fallback,1.7220000000000368,hud_fallback,theta,O1,15289.03290656559,2.0,151.1,21.26,False,False
P06,NGEED,3,PRA,hud_fallback,1.7220000000000368,hud_fallback,theta,O2,546.5177157608563,2.0,383.7,2.03,False,False
P06,NGEED,3,PRA,hud_fallback,1.7220000000000368,hud_fallback,theta,F3,2419.1270670932336,2.0,336.4,5.02,False,False
P06,NGEED,3,PRA,hud_fallback,1.7220000000000368,hud_fallback,theta,F4,355.82065502196104,2.0,509.7,2.78,False,False
P06,NGEED,3,PRA,hud_fallback,1.7220000000000368,hud_fallback,mu,C3,25442.626971811296,2.0,200.8,30.39,False,False
P06,NGEED,3,PRA,hud_fallback,1.7220000000000368,hud_fallback,mu,C4,216.89028545393867,2.0,260.5,1.73,False,False
P06,NGEED,3,PRA,hud_fallback,1.7220000000000368,hud_fallback,mu,P3,13266.50820429309,2.0,271.0,9.34,False,False
P06,NGEED,3,PRA,hud_fallback,1.7220000000000368,hud_fallback,mu,P4,1409.5089409412528,2.0,273.5,1.62,False,False
P06,NGEED,3,PRA,hud_fallback,1.7220000000000368,hud_fallback,mu,O1,23192.08491302241,2.0,151.1,21.26,False,False
P06,NGEED,3,PRA,hud_fallback,1.7220000000000368,hud_fallback,mu,O2,812.3341363365614,2.0,383.7,2.03,False,False
P06,NGEED,3,PRA,hud_fallback,1.7220000000000368,hud_fallback,mu,F3,8096.225210971181,2.0,336.4,5.02,False,False
P06,NGEED,3,PRA,hud_fallback,1.7220000000000368,hud_fallback,mu,F4,355.6404351952596,2.0,509.7,2.78,False,False
P06,NGEED,3,PRA,hud_fallback,1.7220000000000368,hud_fallback,beta,C3,21624.960440553317,2.0,200.8,30.39,False,False
P06,NGEED,3,PRA,hud_fallback,1.7220000000000368,hud_fallback,beta,C4,232.7572360370889,2.0,260.5,1.73,False,False
P06,NGEED,3,PRA,hud_fallback,1.7220000000000368,hud_fallback,beta,P3,3848.0030278937625,2.0,271.0,9.34,False,False
P06,NGEED,3,PRA,hud_fallback,1.7220000000000368,hud_fallback,beta,P4,710.8282805796047,2.0,273.5,1.62,False,False
P06,NGEED,3,PRA,hud_fallback,1.7220000000000368,hud_fallback,beta,O1,47687.951107186105,2.0,151.1,21.26,False,False
P06,NGEED,3,PRA,hud_fallback,1.7220000000000368,hud_fallback,beta,O2,710.1939232600205,2.0,383.7,2.03,False,False
P06,NGEED,3,PRA,hud_fallback,1.7220000000000368,hud_fallback,beta,F3,7259.69528564053,2.0,336.4,5.02,False,False
P06,NGEED,3,PRA,hud_fallback,1.7220000000000368,hud_fallback,beta,F4,234.09928375521136,2.0,509.7,2.78,False,False
P06,NGEED,3,TURUN,hud_fallback,1.7220000000000368,hud_fallback,theta,C3,3026.975966463973,3.0,173.1,26.2,False,False
P06,NGEED,3,TURUN,hud_fallback,1.7220000000000368,hud_fallback,theta,C4,14.880664111105528,3.0,221.0,1.47,False,False
P06,NGEED,3,TURUN,hud_fallback,1.7220000000000368,hud_fallback,theta,P3,4468.477167670366,3.0,216.8,7.47,False,False
P06,NGEED,3,TURUN,hud_fallback,1.7220000000000368,hud_fallback,theta,P4,-26.56268126203394,3.0,192.8,1.14,False,False
P06,NGEED,3,TURUN,hud_fallback,1.7220000000000368,hud_fallback,theta,O1,4652.396410060079,3.0,234.0,32.93,False,False
P06,NGEED,3,TURUN,hud_fallback,1.7220000000000368,hud_fallback,theta,O2,117.07235984181231,3.0,287.5,1.52,False,False
P06,NGEED,3,TURUN,hud_fallback,1.7220000000000368,hud_fallback,theta,F3,52.82159593493601,3.0,128.0,1.91,False,False
P06,NGEED,3,TURUN,hud_fallback,1.7220000000000368,hud_fallback,theta,F4,-46.35252884313588,3.0,186.0,1.02,False,False
P06,NGEED,3,TURUN,hud_fallback,1.7220000000000368,hud_fallback,mu,C3,6293.263962668044,3.0,173.1,26.2,False,False
P06,NGEED,3,TURUN,hud_fallback,1.7220000000000368,hud_fallback,mu,C4,-31.224630186436848,3.0,221.0,1.47,False,False
P06,NGEED,3,TURUN,hud_fallback,1.7220000000000368,hud_fallback,mu,P3,2355.372828418502,3.0,216.8,7.47,False,False
P06,NGEED,3,TURUN,hud_fallback,1.7220000000000368,hud_fallback,mu,P4,164.9065015488834,3.0,192.8,1.14,False,False
P06,NGEED,3,TURUN,hud_fallback,1.7220000000000368,hud_fallback,mu,O1,30625.361529516664,3.0,234.0,32.93,False,False
P06,NGEED,3,TURUN,hud_fallback,1.7220000000000368,hud_fallback,mu,O2,180.4102226963481,3.0,287.5,1.52,False,False
P06,NGEED,3,TURUN,hud_fallback,1.7220000000000368,hud_fallback,mu,F3,337.4860549103716,3.0,128.0,1.91,False,False
P06,NGEED,3,TURUN,hud_fallback,1.7220000000000368,hud_fallback,mu,F4,-34.00249106049938,3.0,186.0,1.02,False,False
P06,NGEED,3,TURUN,hud_fallback,1.7220000000000368,hud_fallback,beta,C3,26359.658767257064,3.0,173.1,26.2,False,False
P06,NGEED,3,TURUN,hud_fallback,1.7220000000000368,hud_fallback,beta,C4,43.48120411276282,3.0,221.0,1.47,False,False
P06,NGEED,3,TURUN,hud_fallback,1.7220000000000368,hud_fallback,beta,P3,1672.897919548985,3.0,216.8,7.47,False,False
P06,NGEED,3,TURUN,hud_fallback,1.7220000000000368,hud_fallback,beta,P4,118.52750585288811,3.0,192.8,1.14,False,False
P06,NGEED,3,TURUN,hud_fallback,1.7220000000000368,hud_fallback,beta,O1,115648.10416520282,3.0,234.0,32.93,False,False
P06,NGEED,3,TURUN,hud_fallback,1.7220000000000368,hud_fallback,beta,O2,518.4497491416902,3.0,287.5,1.52,False,False
P06,NGEED,3,TURUN,hud_fallback,1.7220000000000368,hud_fallback,beta,F3,1049.0208160092527,3.0,128.0,1.91,False,False
P06,NGEED,3,TURUN,hud_fallback,1.7220000000000368,hud_fallback,beta,F4,-20.93698884956214,3.0,186.0,1.02,False,False
P06,NGEED,3,TAHAN,hud_fallback,1.7220000000000368,hud_fallback,theta,C3,57295.8318375979,2.0,216.2,32.72,False,False
P06,NGEED,3,TAHAN,hud_fallback,1.7220000000000368,hud_fallback,theta,C4,-91.97313005620285,2.0,52.9,0.35,False,False
P06,NGEED,3,TAHAN,hud_fallback,1.7220000000000368,hud_fallback,theta,P3,59807.48515930415,2.0,267.7,9.22,False,False
P06,NGEED,3,TAHAN,hud_fallback,1.7220000000000368,hud_fallback,theta,P4,-95.3815352723251,2.0,54.2,0.32,False,False
P06,NGEED,3,TAHAN,hud_fallback,1.7220000000000368,hud_fallback,theta,O1,56115.72940022464,2.0,361.5,50.88,False,False
P06,NGEED,3,TAHAN,hud_fallback,1.7220000000000368,hud_fallback,theta,O2,-44.52403102578821,2.0,123.8,0.66,False,False
P06,NGEED,3,TAHAN,hud_fallback,1.7220000000000368,hud_fallback,theta,F3,602.6295044418426,2.0,157.3,2.35,False,False
P06,NGEED,3,TAHAN,hud_fallback,1.7220000000000368,hud_fallback,theta,F4,-94.2660673029367,2.0,54.4,0.3,False,False
P06,NGEED,3,TAHAN,hud_fallback,1.7220000000000368,hud_fallback,mu,C3,126440.76995948296,2.0,216.2,32.72,False,False
P06,NGEED,3,TAHAN,hud_fallback,1.7220000000000368,hud_fallback,mu,C4,-96.56339263792063,2.0,52.9,0.35,False,False
P06,NGEED,3,TAHAN,hud_fallback,1.7220000000000368,hud_fallback,mu,P3,33282.8298031648,2.0,267.7,9.22,False,False
P06,NGEED,3,TAHAN,hud_fallback,1.7220000000000368,hud_fallback,mu,P4,-89.7584329613728,2.0,54.2,0.32,False,False
P06,NGEED,3,TAHAN,hud_fallback,1.7220000000000368,hud_fallback,mu,O1,376038.1937428298,2.0,361.5,50.88,False,False
P06,NGEED,3,TAHAN,hud_fallback,1.7220000000000368,hud_fallback,mu,O2,138.89521063848764,2.0,123.8,0.66,False,False
P06,NGEED,3,TAHAN,hud_fallback,1.7220000000000368,hud_fallback,mu,F3,3422.781539884787,2.0,157.3,2.35,False,False
P06,NGEED,3,TAHAN,hud_fallback,1.7220000000000368,hud_fallback,mu,F4,-96.98193558223264,2.0,54.4,0.3,False,False
P06,NGEED,3,TAHAN,hud_fallback,1.7220000000000368,hud_fallback,beta,C3,109370.6791389122,2.0,216.2,32.72,False,False
P06,NGEED,3,TAHAN,hud_fallback,1.7220000000000368,hud_fallback,beta,C4,-89.8092772783046,2.0,52.9,0.35,False,False
P06,NGEED,3,TAHAN,hud_fallback,1.7220000000000368,hud_fallback,beta,P3,8234.726090346578,2.0,267.7,9.22,False,False
P06,NGEED,3,TAHAN,hud_fallback,1.7220000000000368,hud_fallback,beta,P4,-80.81148114532643,2.0,54.2,0.32,False,False
P06,NGEED,3,TAHAN,hud_fallback,1.7220000000000368,hud_fallback,beta,O1,509369.03994126717,2.0,361.5,50.88,False,False
P06,NGEED,3,TAHAN,hud_fallback,1.7220000000000368,hud_fallback,beta,O2,282.3697589196038,2.0,123.8,0.66,False,False
P06,NGEED,3,TAHAN,hud_fallback,1.7220000000000368,hud_fallback,beta,F3,2655.829229480691,2.0,157.3,2.35,False,False
P06,NGEED,3,TAHAN,hud_fallback,1.7220000000000368,hud_fallback,beta,F4,-92.70440035021713,2.0,54.4,0.3,False,False
P06,NGEED,3,NAIK,hud_fallback,1.7220000000000368,hud_fallback,theta,C3,33732.512055321364,3.0,266.9,40.4,False,False
P06,NGEED,3,NAIK,hud_fallback,1.7220000000000368,hud_fallback,theta,C4,-61.430617400172196,3.0,150.1,1.0,False,False
P06,NGEED,3,NAIK,hud_fallback,1.7220000000000368,hud_fallback,theta,P3,35686.60350456429,3.0,302.8,10.44,False,False
P06,NGEED,3,NAIK,hud_fallback,1.7220000000000368,hud_fallback,theta,P4,-59.071296661498636,3.0,239.3,1.42,False,False
P06,NGEED,3,NAIK,hud_fallback,1.7220000000000368,hud_fallback,theta,O1,55968.53880712299,3.0,332.3,46.76,False,False
P06,NGEED,3,NAIK,hud_fallback,1.7220000000000368,hud_fallback,theta,O2,-59.744950097842136,3.0,137.9,0.73,False,False
P06,NGEED,3,NAIK,hud_fallback,1.7220000000000368,hud_fallback,theta,F3,287.240757025498,3.0,197.5,2.95,False,False
P06,NGEED,3,NAIK,hud_fallback,1.7220000000000368,hud_fallback,theta,F4,-66.7394177645086,3.0,161.2,0.88,False,False
P06,NGEED,3,NAIK,hud_fallback,1.7220000000000368,hud_fallback,mu,C3,60275.60111112643,3.0,266.9,40.4,False,False
P06,NGEED,3,NAIK,hud_fallback,1.7220000000000368,hud_fallback,mu,C4,-68.65661216109827,3.0,150.1,1.0,False,False
P06,NGEED,3,NAIK,hud_fallback,1.7220000000000368,hud_fallback,mu,P3,15688.432352946591,3.0,302.8,10.44,False,False
P06,NGEED,3,NAIK,hud_fallback,1.7220000000000368,hud_fallback,mu,P4,30.889857972962425,3.0,239.3,1.42,False,False
P06,NGEED,3,NAIK,hud_fallback,1.7220000000000368,hud_fallback,mu,O1,184711.0366189297,3.0,332.3,46.76,False,False
P06,NGEED,3,NAIK,hud_fallback,1.7220000000000368,hud_fallback,mu,O2,-11.430241324619582,3.0,137.9,0.73,False,False
P06,NGEED,3,NAIK,hud_fallback,1.7220000000000368,hud_fallback,mu,F3,1835.1914219423081,3.0,197.5,2.95,False,False
P06,NGEED,3,NAIK,hud_fallback,1.7220000000000368,hud_fallback,mu,F4,-47.77372363572725,3.0,161.2,0.88,False,False
P06,NGEED,3,NAIK,hud_fallback,1.7220000000000368,hud_fallback,beta,C3,84296.9563480312,3.0,266.9,40.4,False,False
P06,NGEED,3,NAIK,hud_fallback,1.7220000000000368,hud_fallback,beta,C4,-28.399122955564252,3.0,150.1,1.0,False,False
P06,NGEED,3,NAIK,hud_fallback,1.7220000000000368,hud_fallback,beta,P3,7776.892093295114,3.0,302.8,10.44,False,False
P06,NGEED,3,NAIK,hud_fallback,1.7220000000000368,hud_fallback,beta,P4,44.81472845010597,3.0,239.3,1.42,False,False
P06,NGEED,3,NAIK,hud_fallback,1.7220000000000368,hud_fallback,beta,O1,406446.77231826074,3.0,332.3,46.76,False,False
P06,NGEED,3,NAIK,hud_fallback,1.7220000000000368,hud_fallback,beta,O2,141.39395516029114,3.0,137.9,0.73,False,False
P06,NGEED,3,NAIK,hud_fallback,1.7220000000000368,hud_fallback,beta,F3,5627.972695838874,3.0,197.5,2.95,False,False
P06,NGEED,3,NAIK,hud_fallback,1.7220000000000368,hud_fallback,beta,F4,-57.38696649259747,3.0,161.2,0.88,False,False
P06,NGEED,3,POST,hud_fallback,1.7220000000000368,hud_fallback,theta,C3,492.8191579161463,1.5,42.6,6.44,False,False
P06,NGEED,3,POST,hud_fallback,1.7220000000000368,hud_fallback,theta,C4,-19.897661822821036,1.5,107.4,0.71,False,False
P06,NGEED,3,POST,hud_fallback,1.7220000000000368,hud_fallback,theta,P3,1917.1535408199334,1.5,54.0,1.86,False,False
P06,NGEED,3,POST,hud_fallback,1.7220000000000368,hud_fallback,theta,P4,-42.11191394417505,1.5,168.5,1.0,False,False
P06,NGEED,3,POST,hud_fallback,1.7220000000000368,hud_fallback,theta,O1,4681.39659030182,1.5,103.1,14.51,False,False
P06,NGEED,3,POST,hud_fallback,1.7220000000000368,hud_fallback,theta,O2,-64.10115274543095,1.5,110.3,0.58,False,False
P06,NGEED,3,POST,hud_fallback,1.7220000000000368,hud_fallback,theta,F3,-93.4814594470274,1.5,15.9,0.24,False,False
P06,NGEED,3,POST,hud_fallback,1.7220000000000368,hud_fallback,theta,F4,-71.19307210020011,1.5,130.3,0.71,False,False
P06,NGEED,3,POST,hud_fallback,1.7220000000000368,hud_fallback,mu,C3,2998.4492025545487,1.5,42.6,6.44,False,False
P06,NGEED,3,POST,hud_fallback,1.7220000000000368,hud_fallback,mu,C4,-14.304225323048835,1.5,107.4,0.71,False,False
P06,NGEED,3,POST,hud_fallback,1.7220000000000368,hud_fallback,mu,P3,889.896946820685,1.5,54.0,1.86,False,False
P06,NGEED,3,POST,hud_fallback,1.7220000000000368,hud_fallback,mu,P4,172.47886560304482,1.5,168.5,1.0,False,False
P06,NGEED,3,POST,hud_fallback,1.7220000000000368,hud_fallback,mu,O1,58794.54770095639,1.5,103.1,14.51,False,False
P06,NGEED,3,POST,hud_fallback,1.7220000000000368,hud_fallback,mu,O2,49.89187315304348,1.5,110.3,0.58,False,False
P06,NGEED,3,POST,hud_fallback,1.7220000000000368,hud_fallback,mu,F3,-76.32978807953702,1.5,15.9,0.24,False,False
P06,NGEED,3,POST,hud_fallback,1.7220000000000368,hud_fallback,mu,F4,-12.882425151871377,1.5,130.3,0.71,False,False
P06,NGEED,3,POST,hud_fallback,1.7220000000000368,hud_fallback,beta,C3,4857.7821261534,1.5,42.6,6.44,False,False
P06,NGEED,3,POST,hud_fallback,1.7220000000000368,hud_fallback,beta,C4,11.161786935787935,1.5,107.4,0.71,False,False
P06,NGEED,3,POST,hud_fallback,1.7220000000000368,hud_fallback,beta,P3,541.4008685198755,1.5,54.0,1.86,False,False
P06,NGEED,3,POST,hud_fallback,1.7220000000000368,hud_fallback,beta,P4,232.74124653427856,1.5,168.5,1.0,False,False
P06,NGEED,3,POST,hud_fallback,1.7220000000000368,hud_fallback,beta,O1,84962.4296191449,1.5,103.1,14.51,False,False
P06,NGEED,3,POST,hud_fallback,1.7220000000000368,hud_fallback,beta,O2,211.78357746744524,1.5,110.3,0.58,False,False
P06,NGEED,3,POST,hud_fallback,1.7220000000000368,hud_fallback,beta,F3,-8.823782610444733,1.5,15.9,0.24,False,False
P06,NGEED,3,POST,hud_fallback,1.7220000000000368,hud_fallback,beta,F4,3.5015889347003775,1.5,130.3,0.71,False,False
P06,AGEM KANAN,3,PRA,ok,1.8474999999999682,video,theta,C3,1615.49266526757,2.0,221.8,3.93,False,False
P06,AGEM KANAN,3,PRA,ok,1.8474999999999682,video,theta,C4,89.5027734766656,2.0,58.6,0.91,False,False
P06,AGEM KANAN,3,PRA,ok,1.8474999999999682,video,theta,P3,701.6101746531115,2.0,293.7,3.23,False,False
P06,AGEM KANAN,3,PRA,ok,1.8474999999999682,video,theta,P4,47.704406653398166,2.0,149.8,1.47,False,False
P06,AGEM KANAN,3,PRA,ok,1.8474999999999682,video,theta,O1,205.6371969193889,2.0,256.6,2.26,False,False
P06,AGEM KANAN,3,PRA,ok,1.8474999999999682,video,theta,O2,56.58277569795901,2.0,140.0,1.51,False,False
P06,AGEM KANAN,3,PRA,ok,1.8474999999999682,video,theta,F3,1651.1914359396342,2.0,191.6,3.79,False,False
P06,AGEM KANAN,3,PRA,ok,1.8474999999999682,video,theta,F4,927.1914348296507,2.0,282.3,3.88,False,False
P06,AGEM KANAN,3,PRA,ok,1.8474999999999682,video,mu,C3,552.3828459123811,2.0,221.8,3.93,False,False
P06,AGEM KANAN,3,PRA,ok,1.8474999999999682,video,mu,C4,102.12457417102551,2.0,58.6,0.91,False,False
P06,AGEM KANAN,3,PRA,ok,1.8474999999999682,video,mu,P3,529.0115179158518,2.0,293.7,3.23,False,False
P06,AGEM KANAN,3,PRA,ok,1.8474999999999682,video,mu,P4,263.34574724230526,2.0,149.8,1.47,False,False
P06,AGEM KANAN,3,PRA,ok,1.8474999999999682,video,mu,O1,431.93766323735156,2.0,256.6,2.26,False,False
P06,AGEM KANAN,3,PRA,ok,1.8474999999999682,video,mu,O2,448.96928846514885,2.0,140.0,1.51,False,False
P06,AGEM KANAN,3,PRA,ok,1.8474999999999682,video,mu,F3,970.3884644811124,2.0,191.6,3.79,False,False
P06,AGEM KANAN,3,PRA,ok,1.8474999999999682,video,mu,F4,355.67343266887434,2.0,282.3,3.88,False,False
P06,AGEM KANAN,3,PRA,ok,1.8474999999999682,video,beta,C3,440.3426748815701,2.0,221.8,3.93,False,False
P06,AGEM KANAN,3,PRA,ok,1.8474999999999682,video,beta,C4,104.7917613024678,2.0,58.6,0.91,False,False
P06,AGEM KANAN,3,PRA,ok,1.8474999999999682,video,beta,P3,521.8209257127556,2.0,293.7,3.23,False,False
P06,AGEM KANAN,3,PRA,ok,1.8474999999999682,video,beta,P4,213.8482019556693,2.0,149.8,1.47,False,False
P06,AGEM KANAN,3,PRA,ok,1.8474999999999682,video,beta,O1,393.0445724569827,2.0,256.6,2.26,False,False
P06,AGEM KANAN,3,PRA,ok,1.8474999999999682,video,beta,O2,415.4855081896958,2.0,140.0,1.51,False,False
P06,AGEM KANAN,3,PRA,ok,1.8474999999999682,video,beta,F3,274.10144999827236,2.0,191.6,3.79,False,False
P06,AGEM KANAN,3,PRA,ok,1.8474999999999682,video,beta,F4,152.42994626134805,2.0,282.3,3.88,False,False
P06,AGEM KANAN,3,TURUN,ok,1.8474999999999682,video,theta,C3,1647.3100917820495,1.06899999999996,155.3,2.75,False,False
P06,AGEM KANAN,3,TURUN,ok,1.8474999999999682,video,theta,C4,299.3688015653892,1.06899999999996,149.4,2.33,False,False
P06,AGEM KANAN,3,TURUN,ok,1.8474999999999682,video,theta,P3,503.97067616616243,1.06899999999996,178.7,1.96,False,False
P06,AGEM KANAN,3,TURUN,ok,1.8474999999999682,video,theta,P4,159.4680624545146,1.06899999999996,185.4,1.82,False,False
P06,AGEM KANAN,3,TURUN,ok,1.8474999999999682,video,theta,O1,4255.469577923728,1.06899999999996,620.3,5.48,False,False
P06,AGEM KANAN,3,TURUN,ok,1.8474999999999682,video,theta,O2,427.53397080077036,1.06899999999996,283.3,3.06,False,False
P06,AGEM KANAN,3,TURUN,ok,1.8474999999999682,video,theta,F3,108.44911920353499,1.06899999999996,45.3,0.9,False,False
P06,AGEM KANAN,3,TURUN,ok,1.8474999999999682,video,theta,F4,1760.765383944545,1.06899999999996,325.1,4.47,False,False
P06,AGEM KANAN,3,TURUN,ok,1.8474999999999682,video,mu,C3,177.73034216665758,1.06899999999996,155.3,2.75,False,False
P06,AGEM KANAN,3,TURUN,ok,1.8474999999999682,video,mu,C4,346.53228463667045,1.06899999999996,149.4,2.33,False,False
P06,AGEM KANAN,3,TURUN,ok,1.8474999999999682,video,mu,P3,188.45226624835138,1.06899999999996,178.7,1.96,False,False
P06,AGEM KANAN,3,TURUN,ok,1.8474999999999682,video,mu,P4,79.23740082096865,1.06899999999996,185.4,1.82,False,False
P06,AGEM KANAN,3,TURUN,ok,1.8474999999999682,video,mu,O1,1815.1785960008804,1.06899999999996,620.3,5.48,False,False
P06,AGEM KANAN,3,TURUN,ok,1.8474999999999682,video,mu,O2,653.8062638946673,1.06899999999996,283.3,3.06,False,False
P06,AGEM KANAN,3,TURUN,ok,1.8474999999999682,video,mu,F3,148.6106987931183,1.06899999999996,45.3,0.9,False,False
P06,AGEM KANAN,3,TURUN,ok,1.8474999999999682,video,mu,F4,2076.488678840439,1.06899999999996,325.1,4.47,False,False
P06,AGEM KANAN,3,TURUN,ok,1.8474999999999682,video,beta,C3,134.48883149993333,1.06899999999996,155.3,2.75,False,False
P06,AGEM KANAN,3,TURUN,ok,1.8474999999999682,video,beta,C4,225.42837323674576,1.06899999999996,149.4,2.33,False,False
P06,AGEM KANAN,3,TURUN,ok,1.8474999999999682,video,beta,P3,762.0827126283127,1.06899999999996,178.7,1.96,False,False
P06,AGEM KANAN,3,TURUN,ok,1.8474999999999682,video,beta,P4,223.70223534468587,1.06899999999996,185.4,1.82,False,False
P06,AGEM KANAN,3,TURUN,ok,1.8474999999999682,video,beta,O1,1298.3265155297581,1.06899999999996,620.3,5.48,False,False
P06,AGEM KANAN,3,TURUN,ok,1.8474999999999682,video,beta,O2,406.52850798440085,1.06899999999996,283.3,3.06,False,False
P06,AGEM KANAN,3,TURUN,ok,1.8474999999999682,video,beta,F3,257.7429398862239,1.06899999999996,45.3,0.9,False,False
P06,AGEM KANAN,3,TURUN,ok,1.8474999999999682,video,beta,F4,2488.1534879605997,1.06899999999996,325.1,4.47,False,False
P06,AGEM KANAN,3,TAHAN,ok,1.8474999999999682,video,theta,C3,53.47734403220694,3.194000000000017,61.2,1.09,False,False
P06,AGEM KANAN,3,TAHAN,ok,1.8474999999999682,video,theta,C4,-25.72491375046767,3.194000000000017,79.4,1.24,False,False
P06,AGEM KANAN,3,TAHAN,ok,1.8474999999999682,video,theta,P3,0.03522267889515424,3.194000000000017,83.1,0.91,False,False
P06,AGEM KANAN,3,TAHAN,ok,1.8474999999999682,video,theta,P4,-79.24709886241409,3.194000000000017,86.9,0.85,False,False
P06,AGEM KANAN,3,TAHAN,ok,1.8474999999999682,video,theta,O1,-20.107141095079637,3.194000000000017,129.7,1.15,False,False
P06,AGEM KANAN,3,TAHAN,ok,1.8474999999999682,video,theta,O2,30.268235491556585,3.194000000000017,150.0,1.62,False,False
P06,AGEM KANAN,3,TAHAN,ok,1.8474999999999682,video,theta,F3,-48.49192854013731,3.194000000000017,46.5,0.92,False,False
P06,AGEM KANAN,3,TAHAN,ok,1.8474999999999682,video,theta,F4,-59.94650616352791,3.194000000000017,97.2,1.33,False,False
P06,AGEM KANAN,3,TAHAN,ok,1.8474999999999682,video,mu,C3,-40.16079237905295,3.194000000000017,61.2,1.09,False,False
P06,AGEM KANAN,3,TAHAN,ok,1.8474999999999682,video,mu,C4,70.82892568106122,3.194000000000017,79.4,1.24,False,False
P06,AGEM KANAN,3,TAHAN,ok,1.8474999999999682,video,mu,P3,-63.71586313158962,3.194000000000017,83.1,0.91,False,False
P06,AGEM KANAN,3,TAHAN,ok,1.8474999999999682,video,mu,P4,-63.487150686848885,3.194000000000017,86.9,0.85,False,False
P06,AGEM KANAN,3,TAHAN,ok,1.8474999999999682,video,mu,O1,3.208716482559946,3.194000000000017,129.7,1.15,False,False
P06,AGEM KANAN,3,TAHAN,ok,1.8474999999999682,video,mu,O2,39.9302871943478,3.194000000000017,150.0,1.62,False,False
P06,AGEM KANAN,3,TAHAN,ok,1.8474999999999682,video,mu,F3,-60.68104053100807,3.194000000000017,46.5,0.92,False,False
P06,AGEM KANAN,3,TAHAN,ok,1.8474999999999682,video,mu,F4,-18.630126216691362,3.194000000000017,97.2,1.33,False,False
P06,AGEM KANAN,3,TAHAN,ok,1.8474999999999682,video,beta,C3,84.8462031370703,3.194000000000017,61.2,1.09,False,False
P06,AGEM KANAN,3,TAHAN,ok,1.8474999999999682,video,beta,C4,-13.910560705701721,3.194000000000017,79.4,1.24,False,False
P06,AGEM KANAN,3,TAHAN,ok,1.8474999999999682,video,beta,P3,-4.998292907230814,3.194000000000017,83.1,0.91,False,False
P06,AGEM KANAN,3,TAHAN,ok,1.8474999999999682,video,beta,P4,-53.855232845596234,3.194000000000017,86.9,0.85,False,False
P06,AGEM KANAN,3,TAHAN,ok,1.8474999999999682,video,beta,O1,26.205366535968416,3.194000000000017,129.7,1.15,False,False
P06,AGEM KANAN,3,TAHAN,ok,1.8474999999999682,video,beta,O2,8.56924409217659,3.194000000000017,150.0,1.62,False,False
P06,AGEM KANAN,3,TAHAN,ok,1.8474999999999682,video,beta,F3,64.6985472450336,3.194000000000017,46.5,0.92,False,False
P06,AGEM KANAN,3,TAHAN,ok,1.8474999999999682,video,beta,F4,-37.038814435248504,3.194000000000017,97.2,1.33,False,False
P06,AGEM KANAN,3,NAIK,ok,1.8474999999999682,video,mu,C3,-95.42990959322577,0.5409999999999968,17.5,0.31,False,False
P06,AGEM KANAN,3,NAIK,ok,1.8474999999999682,video,mu,C4,1077.638760554937,0.5409999999999968,184.6,2.88,False,False
P06,AGEM KANAN,3,NAIK,ok,1.8474999999999682,video,mu,P3,-93.00982607472096,0.5409999999999968,26.5,0.29,False,False
P06,AGEM KANAN,3,NAIK,ok,1.8474999999999682,video,mu,P4,346.33737410341973,0.5409999999999968,198.0,1.94,False,False
P06,AGEM KANAN,3,NAIK,ok,1.8474999999999682,video,mu,O1,125.38674006347932,0.5409999999999968,116.5,1.03,False,False
P06,AGEM KANAN,3,NAIK,ok,1.8474999999999682,video,mu,O2,1427.8052393391897,0.5409999999999968,342.7,3.7,False,False
P06,AGEM KANAN,3,NAIK,ok,1.8474999999999682,video,mu,F3,-99.63022585098867,0.5409999999999968,3.1,0.06,False,False
P06,AGEM KANAN,3,NAIK,ok,1.8474999999999682,video,mu,F4,1119.849565067208,0.5409999999999968,229.1,3.15,False,False
P06,AGEM KANAN,3,NAIK,ok,1.8474999999999682,video,beta,C3,-93.93418762279586,0.5409999999999968,17.5,0.31,False,False
P06,AGEM KANAN,3,NAIK,ok,1.8474999999999682,video,beta,C4,768.5039657240461,0.5409999999999968,184.6,2.88,False,False
P06,AGEM KANAN,3,NAIK,ok,1.8474999999999682,video,beta,P3,-77.78543036483656,0.5409999999999968,26.5,0.29,False,False
P06,AGEM KANAN,3,NAIK,ok,1.8474999999999682,video,beta,P4,213.90636404983198,0.5409999999999968,198.0,1.94,False,False
P06,AGEM KANAN,3,NAIK,ok,1.8474999999999682,video,beta,O1,188.09356190775983,0.5409999999999968,116.5,1.03,False,False
P06,AGEM KANAN,3,NAIK,ok,1.8474999999999682,video,beta,O2,1290.249989157551,0.5409999999999968,342.7,3.7,False,False
P06,AGEM KANAN,3,NAIK,ok,1.8474999999999682,video,beta,F3,-99.5332884417545,0.5409999999999968,3.1,0.06,False,False
P06,AGEM KANAN,3,NAIK,ok,1.8474999999999682,video,beta,F4,766.971376480792,0.5409999999999968,229.1,3.15,False,False
P06,AGEM KANAN,3,POST,ok,1.8474999999999682,video,theta,C3,4199.229766891067,1.5,227.1,4.02,False,False
P06,AGEM KANAN,3,POST,ok,1.8474999999999682,video,theta,C4,10562.783098805898,1.5,432.2,6.74,False,False
P06,AGEM KANAN,3,POST,ok,1.8474999999999682,video,theta,P3,1304.6748354255224,1.5,224.5,2.47,False,False
P06,AGEM KANAN,3,POST,ok,1.8474999999999682,video,theta,P4,6747.493385831703,1.5,515.0,5.06,False,False
P06,AGEM KANAN,3,POST,ok,1.8474999999999682,video,theta,O1,1249.5082493618738,1.5,302.7,2.67,False,False
P06,AGEM KANAN,3,POST,ok,1.8474999999999682,video,theta,O2,6928.6188612102205,1.5,546.8,5.91,False,False
P06,AGEM KANAN,3,POST,ok,1.8474999999999682,video,theta,F3,1041.7920719097906,1.5,116.0,2.29,False,False
P06,AGEM KANAN,3,POST,ok,1.8474999999999682,video,theta,F4,8114.726556243777,1.5,388.4,5.34,False,False
P06,AGEM KANAN,3,POST,ok,1.8474999999999682,video,mu,C3,533.2822835083282,1.5,227.1,4.02,False,False
P06,AGEM KANAN,3,POST,ok,1.8474999999999682,video,mu,C4,2195.1933671657257,1.5,432.2,6.74,False,False
P06,AGEM KANAN,3,POST,ok,1.8474999999999682,video,mu,P3,664.2314998533085,1.5,224.5,2.47,False,False
P06,AGEM KANAN,3,POST,ok,1.8474999999999682,video,mu,P4,1095.850522789517,1.5,515.0,5.06,False,False
P06,AGEM KANAN,3,POST,ok,1.8474999999999682,video,mu,O1,246.3228720428365,1.5,302.7,2.67,False,False
P06,AGEM KANAN,3,POST,ok,1.8474999999999682,video,mu,O2,2890.091802793074,1.5,546.8,5.91,False,False
P06,AGEM KANAN,3,POST,ok,1.8474999999999682,video,mu,F3,820.1806988404618,1.5,116.0,2.29,False,False
P06,AGEM KANAN,3,POST,ok,1.8474999999999682,video,mu,F4,1826.7759586186537,1.5,388.4,5.34,False,False
P06,AGEM KANAN,3,POST,ok,1.8474999999999682,video,beta,C3,606.7077125215243,1.5,227.1,4.02,False,False
P06,AGEM KANAN,3,POST,ok,1.8474999999999682,video,beta,C4,301.96203564544686,1.5,432.2,6.74,False,False
P06,AGEM KANAN,3,POST,ok,1.8474999999999682,video,beta,P3,501.49785603417257,1.5,224.5,2.47,False,False
P06,AGEM KANAN,3,POST,ok,1.8474999999999682,video,beta,P4,137.496831289195,1.5,515.0,5.06,False,False
P06,AGEM KANAN,3,POST,ok,1.8474999999999682,video,beta,O1,315.2694019101328,1.5,302.7,2.67,False,False
P06,AGEM KANAN,3,POST,ok,1.8474999999999682,video,beta,O2,423.2847755373855,1.5,546.8,5.91,False,False
P06,AGEM KANAN,3,POST,ok,1.8474999999999682,video,beta,F3,1218.9508106129886,1.5,116.0,2.29,False,False
P06,AGEM KANAN,3,POST,ok,1.8474999999999682,video,beta,F4,218.47330592027373,1.5,388.4,5.34,False,False
