participant_id,kind,task,rep,phase,a,b,dur,delta_Fp1,delta_F3,delta_C3,delta_P3,delta_O1,delta_F7,delta_T3,delta_T5,delta_Fp2,delta_F4,delta_C4,delta_P4,delta_O2,delta_F8,delta_T4,delta_T6,emg_Fp1,emg_F3,emg_C3,emg_P3,emg_O1,emg_F7,emg_T3,emg_T5,emg_Fp2,emg_F4,emg_C4,emg_P4,emg_O2,emg_F8,emg_T4,emg_T6
P08,gerak,NGEED,1.0,PRA,3.59,5.59,2.0,0.85,2.94,-8.07,-22.02,-1.91,2.89,0.42,-45.31,-2.83,-29.11,-9.55,-15.51,-34.22,-3.84,-1.64,-32.08,8.13,-2.54,-14.0,-21.88,4.52,5.64,7.15,-84.24,3.98,-23.96,-10.29,-23.91,-32.64,2.64,2.19,-23.84
P08,gerak,NGEED,1.0,TURUN,5.59,10.19,4.6,-5.82,7.75,6.31,4.22,-0.37,5.18,1.36,4.06,8.8,10.49,4.85,5.19,5.81,5.62,6.9,7.79,-1.4,3.05,2.08,2.41,3.26,2.55,2.42,-0.06,2.71,3.33,-1.5,0.26,5.43,-1.33,-0.0,1.19
P08,gerak,NGEED,1.0,TAHAN,9.69,13.96,4.27,3.18,-7.14,-9.92,-10.63,-5.68,-1.8,-5.35,0.69,2.96,-5.27,-7.3,-3.34,2.87,-3.76,-4.6,-2.41,0.08,-10.54,-7.24,-7.47,-2.59,-5.64,-5.44,-6.68,1.97,-3.79,-5.4,-4.39,3.74,-5.44,-3.79,-8.72
P08,gerak,NGEED,1.0,NAIK,13.46,15.26,1.8,3.09,3.77,-4.37,-5.38,-1.32,1.88,-0.9,-35.07,-3.49,-27.03,-54.39,-67.78,-40.08,-17.67,-6.16,-42.27,7.55,1.63,-2.63,-2.46,3.53,3.99,4.0,-60.29,2.38,-49.15,-88.16,-84.26,-45.34,-7.83,-1.97,-50.55
P08,gerak,NGEED,1.0,POST,15.76,17.26,1.5,-33.76,9.89,7.69,6.32,1.39,7.61,2.59,7.48,2.7,3.85,4.97,-0.45,3.69,-1.27,-2.44,3.59,-32.98,4.44,4.43,4.01,2.26,4.17,4.05,0.99,-0.07,-0.47,-0.21,2.57,1.8,-0.1,-2.65,-3.99
P08,gerak,NGEED,2.0,PRA,19.76,21.76,2.0,0.22,-11.73,-39.05,-43.32,-3.49,-1.72,-1.99,-11.43,-3.88,-18.25,-8.66,-11.37,-6.67,-5.53,-11.62,-14.16,2.74,-11.84,-66.83,-85.95,-0.56,-1.09,0.56,-17.4,-0.73,-15.73,-8.23,-7.35,-8.4,-1.94,-2.12,-22.39
P08,gerak,NGEED,2.0,TURUN,21.76,24.39,2.64,1.21,10.68,4.91,5.39,5.47,6.98,4.31,-12.81,2.61,-7.94,-54.52,-62.54,-16.54,-5.35,0.81,-13.17,-0.07,2.97,1.56,0.75,2.28,2.6,3.21,-13.17,-0.67,-5.24,-78.35,-79.08,-18.46,-5.18,-3.25,-9.66
P08,gerak,NGEED,2.0,TAHAN,23.89,30.13,6.24,-2.62,7.77,6.68,5.16,-2.43,4.47,0.43,7.06,5.98,1.43,-1.87,-0.31,0.21,-2.01,0.04,-0.43,1.23,3.59,3.36,3.01,1.3,3.99,3.15,2.34,3.86,1.11,1.93,1.78,3.75,1.94,2.49,-3.01
P08,gerak,NGEED,2.0,NAIK,29.63,31.84,2.21,4.32,7.22,-1.87,-5.71,3.48,5.64,2.84,-50.88,1.26,-55.04,-40.68,-49.93,-32.73,-25.07,-7.45,-50.12,8.03,4.81,-0.15,-4.86,7.28,6.83,6.91,-81.43,3.23,-51.29,-59.9,-78.7,-38.21,-17.95,2.12,-77.17
P08,gerak,NGEED,2.0,POST,32.34,33.84,1.5,-18.64,5.76,1.11,1.44,-1.2,-0.51,-2.15,6.93,-2.22,-1.95,-14.55,-9.49,0.86,-0.75,-6.05,2.71,-9.69,6.8,6.78,6.54,4.57,7.16,7.09,1.14,1.24,-0.33,-12.54,-6.8,1.21,1.48,-0.43,-3.68
P08,gerak,AGEM KANAN,1.0,PRA,35.84,37.84,2.0,-2.54,-20.11,-17.19,-18.23,-15.24,-10.66,-11.41,3.17,-1.13,-5.34,-1.82,-2.77,-2.66,-3.8,-6.11,-4.83,4.37,-19.28,-9.22,-13.06,-6.87,-2.27,-0.49,-1.4,2.95,-2.5,-0.58,-0.54,-1.02,1.76,0.04,-5.47
P08,gerak,AGEM KANAN,1.0,TURUN,37.84,40.86,3.02,9.87,13.19,6.71,3.26,11.88,10.79,9.06,-32.7,13.37,5.53,-26.78,-34.16,6.49,8.74,18.19,9.44,6.98,5.5,1.31,-0.53,7.41,7.56,8.13,-50.29,6.41,3.73,-19.33,-27.06,11.35,3.98,8.3,9.08
P08,gerak,AGEM KANAN,1.0,TAHAN,40.36,46.01,5.65,-0.64,9.48,7.27,6.49,1.36,5.57,1.08,8.14,22.27,15.37,9.61,11.37,13.24,11.38,12.49,18.93,3.34,5.26,5.01,5.1,3.83,5.4,4.96,3.84,15.49,18.24,14.29,17.68,21.01,12.7,15.46,18.82
P08,gerak,AGEM KANAN,1.0,NAIK,45.51,47.82,2.3,3.15,3.1,-4.37,-6.1,-0.34,4.76,0.61,-18.94,10.31,-5.63,-19.49,-14.97,-9.14,-0.46,7.24,10.93,9.54,-1.31,-7.71,-13.52,7.54,6.28,6.16,-22.7,13.18,8.58,-3.82,1.71,9.36,9.18,13.79,7.47
P08,gerak,AGEM KANAN,1.0,POST,48.32,49.82,1.5,-8.66,10.55,7.42,5.71,4.49,9.83,6.84,8.21,19.72,16.75,1.66,6.82,19.86,4.46,12.34,11.19,-8.81,8.89,9.29,8.97,7.34,9.05,8.23,4.09,9.61,19.32,-1.43,2.04,15.51,3.64,6.03,3.65
P08,gerak,AGEM KANAN,2.0,PRA,51.88,53.88,2.0,-2.97,-28.6,-23.24,-29.11,-22.08,-20.46,-20.71,1.33,-4.65,-9.11,-3.53,-3.06,-3.28,-2.04,0.93,-1.01,0.76,-39.79,-27.06,-34.56,-15.25,-20.42,-17.75,-3.66,-1.13,-3.63,-2.62,-1.67,-4.11,-0.77,-1.31,-1.01
P08,gerak,AGEM KANAN,2.0,TURUN,53.88,56.48,2.6,10.58,16.59,7.7,0.7,12.85,14.56,13.78,-48.03,19.39,23.59,7.96,9.66,11.39,14.07,20.01,22.76,5.38,1.85,-2.03,-1.73,6.11,6.66,4.95,-51.09,11.88,23.81,14.2,16.17,19.86,14.23,19.17,18.56
P08,gerak,AGEM KANAN,2.0,TAHAN,55.98,62.33,6.35,4.46,3.38,2.03,1.56,-4.31,-0.22,-1.61,7.53,12.11,11.35,0.68,1.56,3.66,4.51,11.41,10.56,-3.34,0.6,1.77,2.23,-0.11,0.04,0.64,-0.12,10.97,15.3,1.02,5.6,9.65,2.96,5.57,5.67
P08,gerak,AGEM KANAN,2.0,NAIK,61.83,63.7,1.87,-1.09,-16.6,-34.6,-48.31,-8.72,-8.58,-11.65,-12.41,2.2,-6.98,-6.67,-8.19,-8.83,12.91,1.26,6.78,1.38,-43.96,-47.13,-56.88,-9.26,-14.45,-22.34,-23.0,0.43,-1.33,-7.59,-6.63,-4.08,1.74,0.61,-1.53
P08,gerak,AGEM KANAN,2.0,POST,64.2,65.7,1.5,13.67,20.61,13.12,10.29,17.33,19.12,16.06,-30.65,13.09,5.86,-18.59,-44.45,-1.75,4.85,13.13,-6.49,-0.06,3.34,0.37,-1.45,4.0,3.18,3.3,-47.37,4.72,2.92,-12.61,-55.36,5.29,-4.03,8.46,-3.83
P08,gerak,AGEM KIRI,1.0,PRA,68.31,70.31,2.0,-37.75,-5.86,-0.96,0.99,-23.47,-12.0,-19.33,7.76,-1.6,-0.83,-0.93,0.07,1.57,-5.59,-3.35,0.88,-35.8,-4.45,0.57,1.09,-12.32,-6.03,-12.42,-1.25,-2.03,-1.92,-1.36,-0.05,-0.72,-3.38,-1.48,0.53
P08,gerak,AGEM KIRI,1.0,TURUN,70.31,73.44,3.13,13.31,5.96,0.18,-6.52,1.49,6.98,5.47,10.39,13.94,7.73,8.55,8.79,13.03,8.91,14.54,17.63,2.34,-5.77,-8.81,-8.0,0.76,0.38,-2.81,3.96,2.35,2.32,-2.35,-0.21,9.83,-0.41,4.77,7.08
P08,gerak,AGEM KIRI,1.0,TAHAN,72.94,78.5,5.57,4.75,7.33,-3.21,-3.29,0.31,2.51,-1.08,-9.2,12.49,-2.86,-21.54,-24.56,5.65,0.53,10.2,-1.42,3.24,1.38,-1.53,-2.14,2.94,2.13,1.71,-12.7,4.37,3.1,-18.76,-27.69,8.14,-7.28,3.7,-7.82
P08,gerak,AGEM KIRI,1.0,NAIK,78.0,80.37,2.36,13.22,17.83,17.11,16.99,9.69,14.73,10.34,12.78,12.11,11.13,9.23,9.46,9.63,10.19,18.65,20.51,0.27,4.12,2.56,3.05,3.2,2.93,3.7,7.59,3.53,10.24,-2.37,9.23,13.53,6.61,10.79,10.31
P08,gerak,AGEM KIRI,1.0,POST,80.87,82.37,1.5,-15.43,7.74,8.23,8.27,0.52,3.02,-1.04,8.19,6.62,10.88,9.38,8.08,11.59,8.62,11.12,14.86,-8.98,-0.24,2.22,2.5,-3.6,-2.31,-1.44,2.33,2.26,3.72,1.5,3.54,6.33,0.68,0.07,6.55
P08,gerak,AGEM KIRI,2.0,PRA,83.73,85.73,2.0,4.84,-9.65,-12.56,-21.6,-12.7,-6.93,-10.39,5.29,0.66,-6.7,-0.42,-0.54,-1.85,-1.37,0.23,3.39,2.96,-7.63,-8.33,-16.73,-5.59,-5.14,-4.42,-1.61,-0.87,-3.16,-1.0,-0.07,-3.64,0.82,-2.19,0.5
P08,gerak,AGEM KIRI,2.0,TURUN,85.73,88.39,2.66,13.81,7.41,0.21,-5.48,10.05,9.77,9.15,18.23,14.69,-3.31,4.89,1.37,0.54,5.86,6.85,6.23,4.25,-4.08,-8.65,-12.12,2.97,1.93,2.42,11.02,9.4,3.26,0.64,0.05,7.0,2.98,11.36,3.76
P08,gerak,AGEM KIRI,2.0,TAHAN,87.89,94.24,6.35,8.38,5.09,-5.62,-16.04,6.1,7.61,3.57,-25.85,9.39,-1.14,-15.01,-14.17,-6.19,-2.34,13.18,-8.0,5.6,-1.93,-8.81,-15.0,5.73,4.09,3.46,-34.6,7.21,8.4,-5.55,-4.34,5.92,5.79,14.02,-2.55
P08,gerak,AGEM KIRI,2.0,NAIK,93.74,95.89,2.15,7.67,12.8,4.94,4.98,7.81,9.9,6.96,-17.87,9.2,4.54,-23.14,-14.97,-1.53,12.08,15.03,9.94,4.88,5.54,2.35,-0.84,5.61,4.5,5.84,-15.14,6.31,4.55,-16.88,-9.06,3.97,6.64,12.67,1.38
P08,gerak,AGEM KIRI,2.0,POST,96.39,97.89,1.5,12.33,23.7,18.83,16.64,16.76,20.95,17.92,-15.06,14.8,7.87,-10.9,-15.15,4.64,3.63,13.6,8.3,0.82,3.61,3.66,3.24,3.71,4.46,3.66,-7.85,4.52,10.04,-10.58,-6.9,8.77,3.47,9.14,4.37
P08,gerak,NGEED,3.0,PRA,278.05,280.05,2.0,-4.17,3.57,1.53,0.57,-1.88,-0.35,-2.2,-8.19,-8.07,-8.93,-5.64,-7.35,-12.88,-10.79,-14.17,-11.81,-6.42,-4.73,-4.96,-4.49,-4.45,-5.52,-4.84,-7.18,-7.77,-2.25,-3.17,-2.28,-4.7,-7.04,-5.62,-3.26
P08,gerak,NGEED,3.0,TURUN,280.05,281.66,1.61,11.28,14.45,10.26,10.05,13.6,13.37,12.22,-34.79,9.58,8.26,6.98,3.0,-0.69,4.64,7.12,-3.53,-2.97,-5.28,-7.27,-5.64,-1.46,-4.84,-2.25,-48.82,-0.28,2.75,-1.81,-2.19,1.64,-2.09,0.3,-5.55
P08,gerak,NGEED,3.0,TAHAN,281.16,287.11,5.94,-9.33,-3.7,1.0,-0.09,-3.39,-8.08,-8.32,-2.96,6.51,-3.23,1.8,0.06,3.6,0.71,1.67,-6.45,-13.83,-11.84,-4.96,-6.3,-4.09,-12.22,-7.58,-1.77,2.08,-0.41,1.97,1.81,4.9,-0.24,2.29,-3.33
P08,gerak,NGEED,3.0,NAIK,286.61,288.35,1.74,0.64,12.14,10.73,10.1,6.39,8.95,6.98,2.02,1.04,-6.32,4.95,0.37,-2.87,1.14,-1.78,-0.49,-2.03,-0.17,0.76,1.15,-0.46,-0.64,-1.54,-4.3,2.62,-1.34,1.11,1.7,1.96,-2.99,-3.54,-3.39
P08,gerak,NGEED,3.0,POST,288.85,290.35,1.5,2.86,8.76,7.74,6.89,5.35,6.13,5.56,-0.81,4.32,6.8,6.46,2.48,8.14,1.23,0.7,11.43,-1.84,1.47,1.28,1.68,2.58,1.55,2.6,-3.78,-2.45,3.95,0.9,1.22,2.57,-2.95,-1.8,-2.64
P08,gerak,NGEED,4.0,PRA,293.14,295.14,2.0,-0.71,-12.27,-15.08,-24.19,-2.18,-13.84,-3.49,-47.1,-6.73,-10.53,-5.35,-4.84,-6.89,-7.6,-10.44,-40.77,0.56,-10.38,-11.09,-18.14,1.13,-8.25,0.03,-74.85,-4.93,-4.9,-1.9,-2.41,-3.29,-4.63,-4.01,-54.73
P08,gerak,NGEED,4.0,TURUN,295.14,297.42,2.28,7.43,8.46,5.13,4.18,10.74,9.18,6.71,5.92,6.92,-4.08,13.38,7.86,13.15,3.18,4.64,9.59,-2.19,-1.79,-0.82,-0.79,4.35,-2.82,-0.21,-0.56,0.44,-2.9,4.66,5.13,5.28,-0.01,1.75,1.27
P08,gerak,NGEED,4.0,TAHAN,296.92,303.43,6.51,-4.84,3.32,2.36,1.38,-1.8,-0.54,-1.76,-4.18,-1.69,-0.3,2.0,0.76,0.51,-2.91,-2.94,0.45,-4.09,-0.48,0.67,1.31,1.02,-0.42,0.69,-1.69,0.25,1.86,3.99,4.7,5.32,0.05,4.3,0.81
P08,gerak,NGEED,4.0,NAIK,302.93,304.73,1.79,-3.52,2.57,1.0,1.09,-1.03,-0.71,-1.73,-6.68,-4.06,-6.72,0.23,-7.97,1.06,-8.33,-4.88,-0.74,-1.87,-0.19,0.88,2.39,2.95,0.4,2.44,-2.39,-0.82,-0.8,1.84,0.94,-1.42,-3.02,-4.09,-2.02
P08,gerak,NGEED,4.0,POST,305.23,306.73,1.5,5.0,10.31,4.72,4.9,6.68,7.95,6.17,-12.02,3.18,-0.26,2.15,-0.53,0.01,0.89,-1.45,2.32,3.1,4.3,3.71,4.15,6.53,5.69,6.84,-8.06,0.98,1.89,1.75,1.04,1.87,-0.01,-0.65,-4.72
P08,gerak,AGEM KANAN,3.0,PRA,308.86,310.86,2.0,-12.56,-41.52,-44.36,-44.69,-17.37,-42.15,-17.52,-19.58,-7.06,-11.78,-3.94,-3.24,-6.51,-9.99,-10.35,-6.7,-8.12,-88.46,-67.61,-91.01,-9.18,-85.74,-10.91,-16.31,-4.64,-8.21,-1.88,-1.49,-0.28,-6.84,-4.65,-9.78
P08,gerak,AGEM KANAN,3.0,TURUN,310.86,314.19,3.33,13.65,17.57,14.87,15.06,15.43,16.01,12.74,16.73,22.67,18.24,19.61,19.48,21.74,17.35,19.14,25.94,1.35,-3.75,-0.39,-0.27,3.04,2.13,1.4,8.85,5.08,9.63,4.46,7.29,13.75,6.0,5.51,16.78
P08,gerak,AGEM KANAN,3.0,TAHAN,313.69,319.23,5.54,-8.83,0.34,4.13,4.68,-2.87,1.98,-1.64,11.88,7.64,12.34,7.05,10.36,6.15,9.38,3.44,18.48,-12.34,-4.37,-3.26,-2.74,-3.15,-3.93,-3.98,1.75,5.12,13.83,4.76,7.99,13.56,3.98,6.63,4.38
P08,gerak,AGEM KANAN,3.0,NAIK,318.73,321.37,2.64,14.91,21.53,18.72,19.25,14.66,19.02,15.2,19.62,20.83,22.86,16.02,17.23,18.62,19.87,20.09,19.71,6.96,9.91,13.01,13.74,6.91,10.67,9.74,20.99,14.47,18.61,15.3,18.73,22.12,12.0,19.82,20.9
P08,gerak,AGEM KANAN,3.0,POST,321.87,323.37,1.5,-1.56,-28.96,-26.74,-33.17,-4.2,-30.5,-6.42,-26.26,5.84,3.0,3.19,2.41,3.45,3.04,13.06,0.62,-6.17,-68.39,-25.81,-70.48,-2.96,-26.84,-4.81,-35.14,-2.45,0.19,0.97,-1.01,-0.58,-2.11,4.69,-3.88
P08,gerak,AGEM KANAN,4.0,PRA,324.91,326.91,2.0,-45.8,-38.58,-7.74,-15.09,-13.62,-40.26,-27.74,-3.38,-2.54,0.26,0.34,-3.95,-1.14,1.06,-4.03,-1.18,-78.31,-84.33,-12.09,-16.97,-12.73,-69.3,-25.67,-3.93,-4.85,-1.71,-2.05,-0.7,0.01,-5.78,-3.67,-4.1
P08,gerak,AGEM KANAN,4.0,TURUN,326.91,330.0,3.09,11.35,17.61,16.44,14.37,12.26,18.19,11.78,16.54,24.23,25.62,20.66,22.03,23.52,20.89,21.57,22.34,-1.05,2.3,0.7,0.06,3.78,2.63,0.17,8.41,11.67,18.31,9.24,12.79,18.57,7.98,13.93,14.42
P08,gerak,AGEM KANAN,4.0,TAHAN,329.5,335.54,6.04,-2.6,8.97,7.22,6.29,4.71,5.52,5.38,2.53,10.13,10.12,6.03,7.31,8.17,15.39,9.63,11.36,-1.9,4.57,3.88,3.92,6.86,4.36,6.2,-2.53,5.53,15.86,7.17,9.26,13.04,4.99,10.13,7.65
P08,gerak,AGEM KANAN,4.0,NAIK,335.04,337.2,2.15,12.16,14.69,11.52,10.0,14.44,13.39,11.43,17.2,13.37,12.69,10.24,11.47,8.95,10.72,19.81,23.74,8.79,7.82,8.41,9.49,10.99,9.33,10.37,18.55,16.1,15.21,6.24,10.3,13.97,8.64,15.56,20.71
P08,gerak,AGEM KANAN,4.0,POST,337.7,339.2,1.5,-0.21,2.4,2.13,0.58,6.14,-2.25,1.13,2.61,12.91,5.27,13.01,11.35,7.39,8.97,17.29,4.26,-6.49,-12.02,-6.03,-10.32,-1.98,-6.08,-4.03,-0.87,-0.25,1.34,2.78,1.82,6.38,-1.21,4.96,3.2
P08,gerak,AGEM KIRI,3.0,PRA,340.87,342.87,2.0,-11.48,2.19,1.91,0.81,-9.17,0.42,-10.8,-2.92,0.89,4.51,-0.82,-0.99,1.46,-0.98,1.99,-1.41,-14.27,-5.93,-2.96,-3.29,-7.65,-4.94,-11.64,-4.74,-3.93,0.18,-1.26,-1.14,-0.65,-2.42,-3.07,-1.54
P08,gerak,AGEM KIRI,3.0,TURUN,342.87,345.71,2.84,11.37,17.28,16.75,16.45,13.64,19.92,12.84,21.91,14.75,21.95,17.86,16.37,15.67,15.98,17.86,21.91,-0.93,1.16,3.55,3.64,1.56,3.91,1.04,7.05,8.07,10.83,5.08,9.6,20.41,7.77,10.01,11.04
P08,gerak,AGEM KIRI,3.0,TAHAN,345.21,351.37,6.16,-1.05,5.14,1.38,1.86,4.4,3.97,1.08,-1.38,9.3,16.97,9.82,12.21,10.52,11.62,12.64,13.94,-1.03,-1.21,-2.44,-2.25,2.69,0.33,2.07,-4.82,4.23,8.6,2.77,4.84,7.76,3.31,6.53,5.42
P08,gerak,AGEM KIRI,3.0,NAIK,350.87,353.25,2.38,0.76,9.27,2.12,4.52,2.95,2.19,0.14,15.96,15.6,13.63,14.17,13.3,18.1,14.06,18.34,17.28,4.99,4.96,3.12,4.16,5.02,5.71,5.12,6.36,10.38,9.85,10.56,12.97,15.86,9.7,14.19,12.79
P08,gerak,AGEM KIRI,3.0,POST,353.75,355.25,1.5,-3.53,8.02,9.09,6.38,1.47,5.58,0.9,-0.87,5.52,13.33,14.49,6.95,15.0,7.67,7.93,5.35,3.04,6.71,8.41,8.38,5.27,6.8,5.29,3.8,5.64,3.29,9.14,4.17,11.49,3.38,1.54,3.08
P08,gerak,AGEM KIRI,4.0,PRA,356.77,358.77,2.0,2.99,10.16,8.96,7.84,4.79,8.21,5.43,0.34,2.33,7.51,5.44,2.16,0.26,-4.49,3.91,5.17,4.51,8.23,8.7,9.12,8.6,7.51,8.77,1.42,1.0,0.1,5.02,3.92,0.99,1.9,0.6,-0.47
P08,gerak,AGEM KIRI,4.0,TURUN,358.77,361.75,2.99,16.33,22.4,19.61,19.9,17.17,21.05,17.02,26.54,16.89,16.54,12.3,9.43,14.72,12.32,14.77,19.28,6.35,7.31,7.95,8.08,9.28,11.21,8.08,16.31,9.63,17.97,13.71,15.73,16.62,12.14,12.2,15.75
P08,gerak,AGEM KIRI,4.0,TAHAN,361.25,367.48,6.23,-0.86,-0.42,-4.28,-7.62,2.03,-0.0,0.93,-0.39,6.62,1.41,-3.17,-0.83,2.53,6.96,9.35,0.28,-3.52,-8.72,-5.69,-9.47,2.47,-1.65,1.32,1.26,3.97,4.42,1.69,5.34,8.0,4.22,8.07,3.53
P08,gerak,AGEM KIRI,4.0,NAIK,366.98,369.45,2.47,2.63,10.33,6.44,7.61,6.15,7.82,4.06,13.74,19.17,16.18,12.78,11.41,16.8,10.0,18.59,14.94,-5.54,-3.4,1.03,0.98,-0.6,-3.8,-2.94,6.06,8.43,10.68,6.68,9.66,14.61,12.18,13.81,10.5
P08,gerak,AGEM KIRI,4.0,POST,369.95,371.45,1.5,6.51,14.19,12.8,12.43,8.46,12.09,7.43,4.92,12.49,10.86,9.9,5.74,10.94,8.94,2.03,11.38,2.77,2.95,3.53,3.34,4.58,4.2,5.37,-1.97,2.92,9.39,4.4,5.94,6.68,2.34,3.21,3.34
P08,acuan,BERDIRI RILEKS,,ACUAN,17.26,21.26,4.0,-0.61,-5.73,-0.62,-2.7,-11.51,-4.83,-8.61,2.22,-1.33,0.0,-0.18,0.01,-1.96,0.66,-4.43,-1.36,0.32,-7.92,-1.89,-1.89,-7.81,-5.2,-5.64,-0.26,2.01,-2.09,-0.32,0.09,-2.31,0.68,-1.05,-4.32
P08,acuan,BERDIRI RILEKS,,ACUAN,33.84,37.34,3.5,-7.66,-2.07,0.0,0.0,-17.16,-5.43,-13.29,6.13,-1.76,-0.63,0.0,0.07,0.0,0.0,-5.33,1.4,0.33,0.66,3.41,3.49,-3.35,0.85,0.91,0.48,2.48,0.0,0.47,0.29,0.0,2.22,0.0,-3.38
P08,acuan,BERDIRI RILEKS,,ACUAN,49.82,53.38,3.57,-5.96,-4.09,-2.92,-1.68,-21.19,-5.22,-16.77,4.92,0.0,6.33,1.14,0.85,2.78,-0.67,2.08,0.76,-3.79,-2.47,0.66,1.14,-8.39,-1.61,-3.96,0.87,0.0,1.19,0.6,1.81,1.01,0.55,0.41,1.98
P08,acuan,BERDIRI RILEKS,,ACUAN,65.7,69.81,4.11,-20.09,7.18,5.25,5.2,0.43,4.24,0.0,7.45,2.22,5.51,-2.94,-0.88,1.89,-2.16,1.42,4.37,-19.08,0.69,1.45,1.23,0.95,0.0,-0.16,0.0,-0.99,1.2,-5.27,-3.39,0.91,-3.48,0.42,0.0
P08,acuan,BERDIRI RILEKS,,ACUAN,82.37,85.23,2.86,3.14,-15.75,-11.12,-12.32,-19.71,-10.4,-16.37,5.28,0.4,-2.35,1.27,0.95,-1.25,-0.41,1.66,3.89,1.22,-14.95,-7.22,-7.6,-13.99,-9.06,-11.32,-0.87,-1.03,-3.58,-1.17,0.0,-3.46,0.0,-0.07,-1.79
P08,acuan,BERDIRI RILEKS,,ACUAN,97.89,103.89,6.0,0.13,13.89,11.6,11.03,6.57,12.43,8.1,4.37,10.19,9.33,-18.18,-36.11,1.82,4.0,9.39,6.36,-1.42,6.49,6.77,6.51,5.26,6.91,6.26,0.52,2.05,2.01,-10.85,-22.6,-0.86,-0.19,2.24,4.98
P08,acuan,ISTIRAHAT UTAMA,,ACUAN,103.89,275.55,171.66,0.0,5.77,2.82,1.76,0.0,3.14,0.56,0.0,-2.93,-4.42,-2.27,-3.9,-5.94,-6.82,-6.53,-3.09,-0.76,0.0,0.0,-0.01,1.42,0.46,0.89,-3.52,-1.39,-3.27,-1.51,-1.33,-2.4,-4.0,-3.7,0.83
P08,acuan,BERDIRI RILEKS,,ACUAN,290.35,294.64,4.29,0.44,4.64,1.25,0.59,2.29,2.14,2.08,-13.23,-4.32,-3.33,-2.74,-3.96,-10.05,-3.12,-6.0,-3.88,3.27,1.33,-0.23,0.0,5.77,2.53,5.65,-9.51,-1.86,-1.01,0.04,-1.47,-3.99,-1.46,-1.81,-6.67
P08,acuan,BERDIRI RILEKS,,ACUAN,306.73,310.36,3.63,2.48,0.0,-5.92,-7.91,1.85,0.0,2.17,-33.65,-4.63,-6.27,-2.45,-5.61,-10.22,-3.49,-3.59,-19.73,0.0,-8.59,-9.83,-11.53,0.0,-6.55,0.0,-48.2,-2.43,-2.53,0.0,-1.63,-3.46,-3.4,-2.83,-17.54
P08,acuan,BERDIRI RILEKS,,ACUAN,323.37,326.41,3.04,-26.38,-59.73,-11.48,-21.93,-16.04,-36.93,-28.3,-3.53,-2.32,0.17,1.57,-0.21,0.19,1.18,0.0,-2.13,-19.12,-95.01,-20.31,-23.73,-14.59,-30.3,-23.59,-4.27,-3.27,-4.04,-1.56,-0.54,1.46,-5.58,-2.27,-2.2
P08,acuan,BERDIRI RILEKS,,ACUAN,339.2,342.37,3.17,-12.2,-5.84,-2.44,-5.33,-4.34,-5.42,-10.62,-2.73,7.85,6.64,4.67,4.76,7.38,3.38,9.51,11.7,-11.79,-12.12,-4.04,-5.64,-7.87,-8.0,-12.34,1.31,1.89,6.59,3.73,5.07,6.33,1.91,4.04,1.81
P08,acuan,BERDIRI RILEKS,,ACUAN,355.25,358.27,3.02,4.68,10.86,9.51,8.28,6.09,8.63,6.17,-0.88,11.78,9.62,6.68,3.47,3.27,2.19,3.88,0.0,5.26,7.96,8.32,8.73,8.29,7.7,8.49,0.95,2.23,2.66,6.18,5.17,3.65,2.8,1.47,0.09
P08,acuan,BERDIRI RILEKS,,ACUAN,371.45,377.45,6.0,3.36,10.69,8.6,7.8,4.63,7.66,5.41,-3.28,1.08,-0.08,2.19,0.0,-2.69,2.5,-0.82,-3.01,6.17,9.47,9.67,9.95,10.15,9.2,10.17,0.93,4.34,4.08,5.86,5.7,1.58,3.42,2.82,1.59
P08,romberg,BERDIRI MATA TERTUTUP,,EC,412.14,425.99,13.86,-6.35,5.21,3.21,2.38,-4.1,2.23,-2.0,5.02,-3.27,-4.8,-2.65,-1.62,-0.54,-6.93,-7.91,-0.53,-2.31,-1.51,0.28,0.32,-2.09,-0.24,-1.04,-1.05,-0.64,-2.68,-3.93,-2.85,-1.9,-5.48,-3.87,-3.25
P09,gerak,NGEED,1.0,PRA,4.79,6.79,2.0,-7.76,0.85,-2.61,-37.3,-32.92,-5.51,-98.59,-1.55,-3.19,0.6,-20.76,1.14,0.68,-61.83,-0.8,-7.64,-1.37,0.27,0.94,-25.46,-21.13,-1.81,-115.41,-0.09,-6.8,-3.2,-9.46,-1.97,-2.29,-42.84,-3.5,-12.43
P09,gerak,NGEED,1.0,TURUN,6.79,10.66,3.87,0.11,7.58,5.76,-7.1,-12.88,0.02,-20.53,6.83,2.19,7.68,6.65,9.26,9.89,-7.07,5.2,5.4,-2.19,3.72,3.48,-4.71,-8.56,2.27,-13.79,3.68,-0.91,0.95,-0.14,3.6,4.52,-3.57,3.18,0.58
P09,gerak,NGEED,1.0,TAHAN,10.16,14.1,3.94,-3.47,4.74,3.5,-16.34,-27.92,-6.62,-28.46,0.87,-9.64,-3.83,-22.69,-1.94,-4.53,-17.23,-14.0,-12.71,-1.95,3.39,2.36,-9.72,-19.81,-2.07,-21.42,-1.1,0.49,1.58,-11.41,3.22,1.81,-9.72,-4.3,-9.12
P09,gerak,NGEED,1.0,NAIK,13.6,15.98,2.37,-2.53,4.89,4.59,-23.0,-73.77,-13.49,-96.08,-0.89,-17.84,-5.66,-45.21,-0.74,-3.51,-35.65,-22.8,-16.58,-2.56,2.24,-0.28,-14.4,-102.75,-6.42,-126.04,-3.47,-1.21,-0.33,-66.08,1.46,-0.04,-22.17,-10.22,-9.71
P09,gerak,NGEED,1.0,POST,16.48,17.98,1.5,-0.55,4.1,6.31,-7.28,-25.12,1.83,-32.74,3.93,5.21,8.11,-8.69,8.7,7.57,-6.65,6.99,-5.26,-2.37,3.79,2.55,-6.5,-14.68,1.22,-25.33,-0.23,-0.85,0.84,-5.36,1.73,2.3,-8.51,6.17,-2.49
P09,gerak,NGEED,2.0,PRA,19.83,21.83,2.0,-1.14,5.15,4.17,1.44,-6.15,-2.04,-22.77,3.78,0.11,4.54,2.7,5.55,6.36,-0.94,4.72,-6.79,0.32,1.71,-0.07,-2.79,-5.73,-0.39,-20.63,2.17,-3.49,-2.53,-1.46,-0.6,0.24,-10.3,1.47,-5.85
P09,gerak,NGEED,2.0,TURUN,21.83,25.55,3.72,3.74,6.52,6.38,2.8,-2.18,0.08,-13.97,2.84,-1.3,2.58,3.14,4.77,5.18,2.97,5.61,4.35,-2.1,1.06,1.49,-2.92,-4.27,-0.31,-12.94,1.05,0.33,0.51,1.48,3.98,3.17,0.91,5.52,0.33
P09,gerak,NGEED,2.0,TAHAN,25.05,29.62,4.57,-4.08,3.02,3.17,-13.65,-19.43,-4.3,-53.46,0.98,-7.77,-2.96,-15.98,-1.43,-2.19,-17.84,-7.03,-12.41,-3.1,-0.2,-1.12,-13.96,-18.54,-4.06,-59.12,-0.89,-0.91,-0.5,-14.0,-0.03,0.17,-14.91,-5.47,-9.32
P09,gerak,NGEED,2.0,NAIK,29.12,32.38,3.27,-31.6,-46.12,-72.33,-300.86,-300.3,-3.51,-299.36,-28.37,-5.89,-10.36,-36.75,-7.25,-7.36,-3.33,-13.92,-4.47,-26.64,-37.05,-90.19,-293.84,-294.35,-4.3,-296.9,-19.49,-8.79,-10.46,-24.63,-6.87,-10.48,-3.08,-11.53,-5.2
P09,gerak,NGEED,2.0,POST,32.88,34.38,1.5,-68.26,-84.49,-306.2,-303.2,-298.32,5.57,-302.63,-306.03,-2.13,-21.55,-85.5,-17.37,-18.59,-13.53,-28.56,-25.91,-98.04,-98.56,-294.24,-295.39,-295.97,-2.52,-298.53,-295.0,-0.43,-31.42,-97.08,-31.5,-31.53,-9.87,-31.77,-12.8
P09,gerak,AGEM KANAN,1.0,PRA,35.76,37.76,2.0,-17.77,-154.55,-149.77,-144.75,-143.34,0.59,-145.51,-153.75,-0.72,-73.48,-145.98,-26.28,-19.43,0.4,-11.85,-14.13,-10.66,-170.04,-174.89,-167.87,-166.71,0.89,-162.54,-175.97,0.28,-91.15,-159.13,-18.14,-13.33,3.88,-3.86,-10.76
P09,gerak,AGEM KANAN,1.0,TURUN,37.76,41.2,3.44,11.02,10.58,13.31,14.32,14.46,5.27,12.69,9.33,4.29,6.05,10.83,1.76,3.62,0.41,-1.02,3.26,2.57,8.91,13.01,11.53,14.51,6.88,8.61,13.67,4.1,7.56,9.2,8.18,9.16,2.14,5.98,5.05
P09,gerak,AGEM KANAN,1.0,TAHAN,40.7,46.22,5.52,10.43,11.64,10.01,12.82,13.59,11.44,14.91,8.96,10.66,17.85,22.18,17.37,17.58,5.47,15.06,10.36,1.47,5.46,4.32,5.89,8.1,8.91,3.68,9.46,8.23,12.81,12.01,15.09,14.55,3.84,13.36,5.23
P09,gerak,AGEM KANAN,1.0,NAIK,45.72,48.02,2.3,3.11,2.9,1.77,6.24,9.28,3.19,6.64,3.04,12.03,19.67,24.03,19.08,19.16,6.79,17.3,11.3,1.92,3.18,2.36,3.47,6.53,4.16,2.15,2.93,8.43,13.6,12.78,14.11,13.47,3.39,13.88,4.24
P09,gerak,AGEM KANAN,1.0,POST,48.52,50.02,1.5,11.08,12.49,11.83,14.68,16.35,3.98,14.53,11.09,2.86,8.16,14.55,7.57,6.26,-7.27,10.97,-0.37,2.52,5.36,7.47,6.55,8.08,5.91,4.74,8.78,1.42,4.36,6.87,4.59,4.68,-2.9,8.94,-0.36
P09,gerak,AGEM KANAN,2.0,PRA,51.74,53.74,2.0,3.48,1.35,2.42,3.9,3.08,-7.27,4.85,0.17,-3.32,3.99,6.33,-1.75,-2.6,1.12,3.01,0.61,1.36,-1.04,1.66,3.3,6.29,-0.91,2.21,1.64,-6.16,-0.39,3.31,-1.7,-1.15,-2.42,3.15,-2.29
P09,gerak,AGEM KANAN,2.0,TURUN,53.74,57.74,4.0,10.8,14.35,13.87,15.88,18.22,3.66,13.82,11.42,4.82,12.37,15.44,11.56,9.88,2.29,8.59,2.37,2.04,7.99,10.98,8.49,8.42,7.39,3.29,10.15,5.26,9.47,7.21,9.15,6.59,-2.58,6.82,2.18
P09,gerak,AGEM KANAN,2.0,TAHAN,57.24,62.37,5.13,7.2,8.37,7.15,9.38,10.75,8.42,10.85,2.92,7.56,16.1,14.27,10.7,11.2,0.97,11.1,2.17,2.93,5.44,4.26,4.89,6.23,9.72,3.5,1.61,4.67,10.68,4.84,7.18,6.91,2.26,7.03,-0.17
P09,gerak,AGEM KANAN,2.0,NAIK,61.87,64.87,3.0,8.99,9.57,7.87,9.88,11.82,8.74,12.87,-0.03,9.92,15.22,15.21,12.81,13.08,0.72,6.55,7.17,-0.04,4.25,3.22,1.21,3.54,10.97,0.59,2.44,9.69,10.15,6.83,11.18,10.38,-2.47,12.76,1.86
P09,gerak,AGEM KANAN,2.0,POST,65.37,66.87,1.5,9.99,4.07,8.66,10.05,21.04,11.09,8.88,14.54,14.21,19.01,21.6,18.38,18.67,7.07,14.28,13.0,5.22,4.52,7.21,6.37,6.18,4.52,5.93,7.22,4.91,10.8,7.68,11.62,11.87,4.22,7.46,7.72
P09,gerak,AGEM KIRI,1.0,PRA,68.21,70.21,2.0,5.49,-13.96,-13.96,4.6,10.09,-3.41,9.7,1.85,-1.28,1.7,3.01,-3.58,-0.55,2.48,-1.22,-4.09,-0.4,-9.54,-7.62,2.09,6.89,-0.45,4.01,0.43,-3.39,-0.76,3.61,-6.85,-1.65,2.51,1.42,-2.53
P09,gerak,AGEM KIRI,1.0,TURUN,70.21,73.08,2.87,13.8,12.03,13.21,15.53,17.41,7.23,14.21,11.02,4.95,5.96,11.62,2.84,4.19,1.15,8.18,2.3,3.19,10.1,11.62,9.72,10.45,5.69,10.28,11.83,6.74,8.35,11.4,10.42,8.08,2.97,8.37,2.89
P09,gerak,AGEM KIRI,1.0,TAHAN,72.58,77.96,5.38,13.68,15.63,16.58,17.91,18.57,9.1,22.41,15.62,1.2,3.64,8.61,0.31,6.6,-5.44,3.89,1.37,7.82,13.98,16.05,13.84,14.45,14.08,12.4,17.15,-0.37,1.66,3.89,2.83,6.83,0.82,10.61,4.13
P09,gerak,AGEM KIRI,1.0,NAIK,77.46,80.44,2.98,17.22,17.89,18.54,19.88,19.69,8.67,23.08,15.71,1.99,5.62,12.92,6.09,9.41,-2.06,6.09,-1.32,9.71,16.85,19.29,16.73,17.13,15.15,12.76,20.09,0.04,1.48,4.58,4.02,10.19,-0.41,9.5,-3.93
P09,gerak,AGEM KIRI,1.0,POST,80.94,82.44,1.5,16.4,17.49,14.17,15.67,17.67,8.74,20.37,11.65,11.41,14.38,21.17,17.87,17.05,7.08,16.58,12.95,1.64,4.0,2.56,1.79,6.77,0.62,2.42,4.02,5.27,15.89,7.31,10.05,10.05,10.14,9.8,7.0
P09,gerak,AGEM KIRI,2.0,PRA,83.98,85.98,2.0,5.72,0.35,-0.9,5.79,5.7,-1.46,7.74,-1.71,-6.07,2.02,5.18,-3.45,-2.02,1.6,-0.16,4.9,0.89,1.17,0.16,1.82,4.9,-4.49,0.39,-0.23,-3.04,0.98,3.98,1.98,2.2,-3.59,1.35,-1.98
P09,gerak,AGEM KIRI,2.0,TURUN,85.98,90.32,4.34,15.36,14.65,15.52,17.73,18.64,11.16,21.84,14.66,3.37,6.27,11.19,3.51,4.2,1.8,6.85,4.39,6.91,13.56,15.61,13.57,14.17,15.1,10.82,17.52,3.74,8.05,6.76,8.12,6.55,1.19,9.05,2.98
P09,gerak,AGEM KIRI,2.0,TAHAN,89.82,93.81,3.99,8.94,9.97,10.05,12.15,12.22,6.25,16.39,9.91,-2.24,-0.6,4.75,-2.34,0.36,-3.71,-1.28,1.48,6.55,13.23,15.75,13.23,13.02,9.63,11.11,15.0,-2.72,0.56,4.27,0.28,6.04,-3.92,1.28,-1.25
P09,gerak,AGEM KIRI,2.0,NAIK,93.31,97.0,3.68,14.49,16.06,16.33,17.13,17.63,8.8,20.06,13.84,-0.03,7.9,7.4,3.8,6.98,-5.98,2.22,-0.85,8.49,15.35,18.29,14.94,14.88,13.17,10.08,19.25,1.48,3.97,3.18,3.48,5.86,-2.65,2.4,-2.15
P09,gerak,AGEM KIRI,2.0,POST,97.5,99.0,1.5,12.6,13.06,11.15,13.42,18.28,5.54,16.41,10.38,11.77,11.99,15.1,12.89,13.34,8.39,13.2,9.19,1.89,5.38,2.87,5.94,6.05,2.52,2.47,4.01,6.86,12.78,8.67,10.55,8.72,4.16,11.64,7.06
P09,gerak,NGEED,3.0,PRA,277.45,279.45,2.0,-9.61,-2.55,-2.81,-12.09,-20.7,-0.51,-17.62,-2.81,-6.91,-3.14,-10.52,-0.4,0.33,-24.07,0.31,-9.74,-3.16,1.52,0.07,-4.23,-11.8,-1.28,-18.83,-1.11,-2.88,-2.51,-6.55,-0.72,-0.14,-13.39,-0.85,-7.08
P09,gerak,NGEED,3.0,TURUN,279.45,282.14,2.69,-9.74,-42.63,-47.23,-45.95,-28.02,2.22,-13.48,-56.24,2.87,-0.96,-6.81,-0.72,-1.87,-20.02,0.22,-0.16,-5.94,-80.37,-82.73,-54.16,-48.91,4.44,-13.63,-83.66,1.09,-4.78,-7.03,-5.8,-0.89,-13.65,4.56,3.37
P09,gerak,NGEED,3.0,TAHAN,281.64,286.27,4.63,-1.84,2.91,3.08,2.12,2.51,-5.51,-0.37,-1.3,-8.18,0.67,-4.88,-3.36,-4.09,0.17,-1.5,7.96,-0.4,0.72,-0.89,-0.21,0.51,-2.01,-0.95,-2.71,0.08,2.32,0.03,0.52,0.32,-0.34,4.57,3.71
P09,gerak,NGEED,3.0,NAIK,285.77,289.14,3.37,-8.2,-0.65,-2.22,-4.91,-15.68,-7.19,-16.6,-5.55,-13.07,-10.12,-16.28,-6.26,-9.19,-0.59,-14.79,8.4,-2.91,0.65,-0.94,-6.99,-9.68,-4.13,-13.68,-3.5,-1.26,-2.54,-7.91,-0.61,-3.44,1.26,-8.85,4.65
P09,gerak,NGEED,3.0,POST,289.64,291.14,1.5,-5.24,-55.66,-55.59,-41.55,-30.51,1.56,-12.26,-66.41,-4.9,-55.48,-21.78,-32.65,-32.77,1.25,-17.23,-20.13,-3.06,-81.47,-82.96,-47.71,-21.86,2.5,-7.69,-84.14,2.06,-66.69,-38.54,-25.38,-21.48,-0.41,-4.13,-6.57
P09,gerak,NGEED,4.0,PRA,293.17,295.17,2.0,1.37,1.38,0.19,1.14,0.06,-6.48,2.71,1.34,-6.04,-3.77,-0.35,0.69,-1.21,4.48,-2.6,4.73,3.89,5.63,3.97,5.5,5.56,2.67,4.33,2.43,2.31,2.77,5.39,1.48,0.22,5.36,2.72,3.87
P09,gerak,NGEED,4.0,TURUN,295.17,297.57,2.4,-8.29,1.8,1.09,-6.09,-4.47,2.02,-22.7,1.88,2.45,1.33,-3.15,6.91,4.46,5.64,-0.76,4.71,-0.08,4.77,4.37,-0.04,-2.29,5.97,-21.13,4.82,1.48,1.43,-0.46,3.34,4.55,3.41,4.68,5.68
P09,gerak,NGEED,4.0,TAHAN,297.07,302.92,5.84,-3.49,-3.01,-6.84,-5.09,-6.3,-2.53,-3.89,-10.91,-6.71,-1.68,-4.5,-3.29,-2.55,-6.27,-8.22,2.28,-0.39,-4.27,-9.12,-5.25,-2.68,1.42,-2.63,-10.73,2.3,-2.19,-1.09,-3.81,-1.48,0.9,-4.63,1.1
P09,gerak,NGEED,4.0,NAIK,302.42,304.72,2.3,-3.94,3.02,3.13,2.5,-0.8,-5.25,-0.82,-1.18,-15.61,-5.52,-5.36,-3.8,-2.94,-20.79,-8.93,-4.43,2.87,4.22,2.36,2.85,3.48,-3.7,2.47,-2.02,2.49,4.44,3.15,3.26,2.64,-17.34,1.56,-4.31
P09,gerak,NGEED,4.0,POST,305.22,306.72,1.5,-4.11,2.2,5.91,-4.25,0.02,-7.45,-30.81,4.29,-2.02,3.0,-21.36,3.74,2.91,-10.75,-4.05,-1.21,-4.26,-0.19,0.44,-6.11,-6.26,-1.09,-27.33,0.39,-1.15,-1.36,-13.21,2.25,4.67,-5.11,-2.15,0.04
P09,gerak,AGEM KANAN,3.0,PRA,308.74,310.74,2.0,-10.18,-37.14,-51.77,-30.46,-15.69,-2.0,-16.63,-50.68,-3.5,-49.94,-16.19,-14.95,-23.06,0.11,-32.42,2.33,1.13,-55.65,-84.11,-26.95,-7.84,0.94,-1.84,-85.49,-1.04,-64.9,-11.05,-9.4,-13.86,4.65,-22.46,-2.13
P09,gerak,AGEM KANAN,3.0,TURUN,310.74,315.22,4.48,14.59,17.87,16.11,17.4,16.88,7.19,17.1,13.68,2.58,10.94,7.45,7.91,7.14,3.0,8.14,6.59,4.56,9.52,9.51,7.3,7.58,7.35,4.18,8.64,6.19,6.83,4.76,7.4,6.68,1.58,7.03,2.78
P09,gerak,AGEM KANAN,3.0,TAHAN,314.72,318.84,4.12,0.29,1.86,3.17,0.38,-4.91,-1.64,-1.84,-0.28,-3.51,1.26,-10.07,-2.65,0.98,-12.47,9.18,-2.8,-6.3,-2.81,-4.4,-9.62,-8.77,-0.58,-14.42,-5.18,-1.58,-3.17,-12.87,-1.03,-3.07,-12.29,6.11,-7.89
P09,gerak,AGEM KANAN,3.0,NAIK,318.34,322.12,3.78,9.27,9.47,9.78,10.45,8.87,5.05,11.0,6.63,5.86,9.96,6.74,3.67,3.79,-1.81,2.24,5.88,3.27,5.85,7.51,4.41,5.64,7.13,4.17,8.58,-0.29,10.27,1.76,8.2,7.32,0.01,6.88,3.59
P09,gerak,AGEM KANAN,3.0,POST,322.62,324.12,1.5,-5.29,1.0,2.74,-5.42,-0.81,-1.62,-4.11,-3.96,4.97,7.85,6.01,6.9,4.64,-4.79,4.72,-2.08,3.43,3.35,2.99,3.06,3.64,2.27,1.48,3.88,-2.73,0.52,1.7,0.15,0.05,-10.47,-1.78,-5.88
P09,gerak,AGEM KANAN,4.0,PRA,324.83,326.83,2.0,-11.66,-10.72,-0.82,-41.53,-14.93,3.95,-54.28,0.53,-0.32,-3.77,-47.05,-1.67,-2.53,-8.18,-7.7,-11.56,-14.2,-10.38,-3.74,-37.86,-14.09,0.1,-82.63,0.47,-2.92,-6.05,-80.72,-4.62,-4.44,-8.85,-6.1,-10.1
P09,gerak,AGEM KANAN,4.0,TURUN,326.83,330.9,4.07,13.06,14.22,13.09,14.02,13.25,7.74,15.24,10.05,6.26,5.27,8.74,3.56,2.91,1.8,-0.13,5.79,2.28,7.12,9.1,5.5,6.37,6.03,1.55,8.4,4.1,6.11,-1.15,3.7,2.58,3.12,2.2,1.39
P09,gerak,AGEM KANAN,4.0,TAHAN,330.4,334.38,3.98,13.3,15.36,14.82,15.65,14.98,6.37,16.36,12.98,3.92,11.46,11.77,8.81,9.4,-2.26,7.91,4.04,3.31,7.11,8.18,6.08,5.66,3.25,2.68,8.47,7.53,11.9,8.71,13.83,13.82,3.6,11.52,-0.27
P09,gerak,AGEM KANAN,4.0,NAIK,333.88,337.53,3.65,13.71,16.51,16.09,16.47,15.68,5.77,16.0,14.58,5.18,7.73,4.13,5.88,5.95,-4.02,7.34,-3.41,4.01,7.03,10.49,6.64,1.18,10.76,6.57,13.52,6.91,8.6,-1.16,7.55,6.72,-0.17,14.36,-1.56
P09,gerak,AGEM KANAN,4.0,POST,338.03,339.53,1.5,-0.54,-12.16,-25.4,-26.84,-19.51,0.65,-3.51,-25.08,5.63,-15.58,-9.96,-10.3,-6.02,-5.19,-14.18,6.32,1.83,-7.56,-40.17,-26.44,-19.26,2.03,-3.66,-44.51,2.5,-5.35,-4.3,-2.14,-0.98,-5.91,-6.68,2.84
P09,gerak,AGEM KIRI,3.0,PRA,340.7,342.7,2.0,1.99,3.79,3.64,3.37,2.27,-0.17,1.96,3.03,2.51,-3.02,3.01,2.9,3.44,-10.99,4.86,6.61,1.0,-0.02,-0.66,-0.76,1.98,4.23,-0.1,1.22,2.45,-2.53,-0.16,1.66,1.5,-6.35,3.83,0.87
P09,gerak,AGEM KIRI,3.0,TURUN,342.7,346.4,3.7,11.4,13.7,13.73,12.59,9.85,6.14,15.12,9.71,4.45,8.08,8.74,6.65,5.95,-6.32,4.02,-2.61,4.34,11.49,12.97,8.74,8.58,12.11,10.93,12.96,2.31,3.1,1.64,4.86,6.08,-4.41,1.97,-0.09
P09,gerak,AGEM KIRI,3.0,TAHAN,345.9,349.78,3.88,8.05,11.07,11.93,6.95,6.33,8.45,13.89,10.53,10.38,17.85,21.27,18.66,18.06,5.03,14.93,10.72,-0.74,5.75,8.18,3.74,5.78,8.77,0.32,9.29,7.48,12.81,11.37,14.91,13.85,2.71,12.19,6.76
P09,gerak,AGEM KIRI,3.0,NAIK,349.28,352.58,3.3,-4.76,-30.38,-22.59,-35.52,-47.76,2.97,-5.58,-10.39,-9.78,-26.16,-36.21,-12.44,-15.64,-15.47,-30.47,-30.6,-2.85,-34.12,-29.89,-43.76,-60.27,8.79,-5.2,-5.46,-5.65,-29.27,-31.17,-23.16,-16.55,-9.38,-29.26,-26.0
P09,gerak,AGEM KIRI,3.0,POST,353.08,354.58,1.5,-0.06,-1.33,-16.84,-6.88,-4.11,2.27,-1.45,-25.53,6.39,3.51,5.71,-1.35,-0.52,-5.05,0.51,1.49,0.43,-0.82,-6.48,-4.22,-3.98,0.21,-2.25,-8.62,-0.39,-0.09,-3.32,-1.45,0.01,-6.65,-2.44,1.24
P09,gerak,AGEM KIRI,4.0,PRA,356.69,358.69,2.0,-0.85,5.04,2.27,3.22,-1.08,-3.48,0.23,-0.43,-0.54,1.08,-0.06,3.23,1.85,2.86,-0.66,2.66,1.44,1.38,0.74,0.35,-0.65,-1.48,0.05,-0.36,-1.07,-0.32,-0.57,-0.12,-0.39,-0.77,-0.46,-3.03
P09,gerak,AGEM KIRI,4.0,TURUN,358.69,362.14,3.44,10.93,13.89,14.56,11.56,11.33,5.68,9.59,8.12,0.86,5.75,7.31,6.61,7.55,-6.82,1.21,-2.82,2.31,9.63,11.43,8.03,7.68,8.74,6.37,9.16,3.02,4.3,3.19,6.44,5.84,-4.68,2.01,-0.61
P09,gerak,AGEM KIRI,4.0,TAHAN,361.64,366.28,4.64,4.7,8.3,9.89,5.85,4.83,6.42,17.55,7.95,2.28,9.31,13.14,10.22,9.23,-2.71,6.57,-0.99,-1.28,4.25,6.24,1.7,1.72,8.64,6.89,9.02,1.53,5.84,3.94,9.26,8.87,-2.89,5.13,-3.29
P09,gerak,AGEM KIRI,4.0,NAIK,365.78,368.94,3.17,-5.12,-10.89,-12.81,-19.09,-19.02,5.64,-11.45,-5.97,3.29,11.71,7.37,8.68,7.2,-0.47,4.42,-3.23,-3.59,-6.65,-3.51,-19.91,-7.65,10.28,-7.74,4.86,4.35,9.76,-0.91,10.05,9.22,-1.78,5.82,-4.21
P09,gerak,AGEM KIRI,4.0,POST,369.44,370.94,1.5,2.15,-24.39,-43.85,-48.44,-27.1,2.89,-15.14,-56.9,7.25,10.4,-7.7,-8.94,-6.3,-16.92,-14.36,9.33,-2.38,-24.28,-77.58,-88.49,-17.37,1.11,-10.04,-70.22,5.86,4.71,-7.72,-7.83,-14.03,-15.14,-6.88,5.31
P09,acuan,BERDIRI RILEKS,,ACUAN,17.98,21.33,3.35,-2.5,6.87,5.91,-0.94,-11.05,0.11,-28.03,5.59,-1.1,3.59,0.0,4.3,3.31,-2.59,2.67,-8.29,-1.46,1.78,0.16,-5.17,-13.61,-1.55,-27.87,0.0,-3.2,-1.88,-2.83,0.15,0.13,-7.56,0.04,-7.02
P09,acuan,BERDIRI RILEKS,,ACUAN,34.38,37.26,2.87,-17.03,-304.87,-305.77,-307.15,-300.82,2.53,-305.59,-307.84,1.73,-30.29,-294.44,-22.55,-15.77,2.62,-21.57,-8.94,-11.43,-297.17,-294.14,-295.54,-293.68,0.07,-297.92,-292.75,-0.06,-12.35,-289.29,-10.79,-9.61,3.66,-12.23,-5.93
P09,acuan,BERDIRI RILEKS,,ACUAN,50.02,53.24,3.22,5.31,7.2,3.24,7.37,9.19,-6.51,6.54,1.46,-1.78,6.02,8.53,2.65,2.11,3.85,5.42,5.31,-0.34,0.52,2.67,3.41,5.91,-1.21,1.74,2.38,-1.76,2.34,4.62,3.61,2.25,4.74,2.24,5.33
P09,acuan,BERDIRI RILEKS,,ACUAN,66.87,69.71,2.85,4.37,-9.07,-10.31,0.0,9.24,-2.72,7.32,6.09,-1.07,2.69,2.78,-3.35,3.77,3.9,1.17,0.0,2.1,-0.11,0.43,4.29,6.76,7.47,5.98,2.77,2.62,3.72,3.44,1.6,3.16,3.49,2.51,0.0
P09,acuan,BERDIRI RILEKS,,ACUAN,82.44,85.48,3.05,7.17,0.55,1.93,6.67,10.75,1.45,8.19,5.8,2.88,8.19,11.34,6.42,7.79,7.05,8.67,10.02,1.12,0.0,0.2,2.69,4.68,-1.25,2.11,1.57,0.08,3.86,4.36,1.88,2.25,0.73,9.75,1.58
P09,acuan,BERDIRI RILEKS,,ACUAN,99.0,105.0,6.0,8.3,2.85,1.69,6.13,12.31,1.3,11.13,3.83,6.81,9.25,13.13,5.6,7.46,0.0,9.62,2.49,-0.5,0.81,0.09,3.25,5.11,0.0,2.82,1.09,1.04,5.64,5.11,2.84,3.82,0.0,11.25,3.33
P09,acuan,ISTIRAHAT UTAMA,,ACUAN,105.0,274.95,169.95,1.92,0.0,-1.37,2.72,5.53,-4.69,4.85,0.0,-0.96,3.92,5.65,0.0,0.21,-1.36,1.8,-0.53,0.0,0.75,0.0,2.09,4.31,-2.21,1.37,-0.59,-2.48,0.72,3.29,-1.19,0.0,-2.85,1.92,-3.62
P09,acuan,BERDIRI RILEKS,,ACUAN,291.14,294.67,3.53,0.16,-0.1,-0.77,-0.76,0.68,-5.46,-0.26,-1.66,1.1,-2.74,0.76,-2.17,-2.96,0.54,-2.55,0.98,1.51,2.59,1.59,2.83,2.34,2.46,1.52,0.15,0.72,0.0,2.51,-1.5,-1.07,1.66,0.0,2.44
P09,acuan,BERDIRI RILEKS,,ACUAN,306.72,310.24,3.52,-12.61,-32.97,-51.49,-54.24,-20.59,0.0,-20.68,-36.65,0.0,-13.73,-38.37,-7.64,-11.56,-0.49,-15.16,4.85,-4.39,-21.1,-57.55,-81.51,-11.9,1.5,-10.78,-40.17,0.0,-1.93,-39.32,-6.48,-6.25,2.88,-9.97,3.39
P09,acuan,BERDIRI RILEKS,,ACUAN,324.12,326.33,2.21,-2.64,-0.7,2.62,-6.71,-12.89,3.71,-32.74,2.44,-2.67,-2.99,-21.27,1.13,0.0,-7.94,-6.26,-11.12,-5.68,-2.03,-0.56,-14.08,-9.64,0.91,-35.06,1.53,-2.56,-0.5,-24.19,0.08,-0.15,-9.39,-1.89,-8.53
P09,acuan,BERDIRI RILEKS,,ACUAN,339.53,342.2,2.66,-0.05,0.28,0.0,0.94,-1.74,-2.26,0.0,-1.88,0.79,-5.43,-3.01,-10.13,-4.92,-33.28,0.0,-9.38,2.78,-1.57,-4.0,-1.5,-0.84,2.94,0.0,-2.79,0.02,-5.65,-0.26,-10.24,-4.81,-27.13,-0.93,-4.86
P09,acuan,BERDIRI RILEKS,,ACUAN,354.58,358.19,3.62,0.0,3.78,2.41,3.06,0.0,-2.46,0.93,-1.5,0.62,0.0,-0.08,1.62,-0.8,0.74,-1.53,3.31,1.6,0.64,-1.26,0.0,0.0,-0.11,-0.34,-1.05,1.42,0.33,0.0,0.0,0.04,-2.19,-0.4,4.93
P09,acuan,BERDIRI RILEKS,,ACUAN,370.94,376.94,6.0,-3.42,-6.72,-9.0,-5.33,-6.86,0.74,-3.1,-12.42,-0.49,-7.23,-8.92,-11.12,-7.88,-19.11,-9.75,-0.83,1.99,-4.14,-7.43,-4.04,-4.43,-0.42,-2.04,-9.62,-0.72,-7.4,-3.46,-7.68,-5.62,-13.83,-6.82,-3.23
P09,romberg,BERDIRI MATA TERTUTUP,,EC,412.39,415.99,3.6,-1.25,-0.51,-0.92,-2.35,-6.13,-2.09,-2.2,-6.61,0.11,-6.75,-1.92,-9.3,-3.44,-37.35,-4.55,-13.39,1.5,-2.69,-4.2,-2.51,-2.85,-2.73,-1.59,-7.8,1.26,-6.29,-1.95,-4.29,-3.34,-19.62,-2.07,-7.98
P31,gerak,AGEM KANAN,1.0,PRA,36.41,38.41,2.0,-1.11,-6.7,-8.7,-8.0,2.2,-3.92,-6.62,1.9,8.6,7.67,8.78,10.71,10.97,8.8,4.32,5.77,4.15,-2.39,-2.46,-6.22,0.76,3.03,-1.08,1.51,6.63,1.89,3.96,3.36,4.33,3.0,-1.25,-3.74
P31,gerak,AGEM KANAN,1.0,TURUN,38.41,42.2,3.78,2.61,-1.4,-0.48,-1.96,-0.62,0.25,0.02,4.26,13.32,13.05,10.34,11.35,13.48,11.67,6.61,6.94,3.78,-1.29,-1.01,-4.76,0.84,3.18,0.76,1.9,17.59,14.1,11.71,14.11,13.82,9.42,6.74,6.11
P31,gerak,AGEM KANAN,1.0,TAHAN,41.7,46.46,4.76,4.27,3.24,5.11,15.05,12.62,5.14,8.5,15.25,11.28,11.95,10.21,12.24,12.47,9.73,5.89,8.82,5.4,3.46,6.48,3.07,7.98,10.52,10.7,13.41,9.59,8.24,4.98,7.88,8.59,7.11,5.28,5.07
P31,gerak,AGEM KANAN,1.0,NAIK,45.96,48.62,2.66,3.61,6.93,6.55,18.54,7.82,-0.11,10.2,12.28,14.48,14.66,10.13,14.98,13.66,10.32,7.86,5.1,1.91,2.53,3.23,6.46,2.77,6.24,1.77,8.11,17.02,14.3,10.12,14.34,12.7,8.84,6.84,8.83
P31,gerak,AGEM KANAN,1.0,POST,49.12,50.62,1.5,3.37,5.43,5.54,6.85,12.1,2.74,6.89,12.76,15.31,14.91,10.58,9.93,10.89,11.28,4.5,7.66,5.15,4.46,3.7,3.9,6.5,5.04,3.36,5.38,11.08,10.1,7.6,9.46,11.11,6.12,6.71,3.56
P31,gerak,AGEM KANAN,2.0,PRA,52.4,54.4,2.0,4.83,-3.95,-1.12,-1.52,12.07,4.45,-2.57,10.27,5.34,3.17,-0.65,11.68,8.18,3.32,-1.92,4.76,9.08,1.82,0.58,0.11,6.97,10.61,3.96,7.02,9.46,5.47,5.72,9.25,11.78,9.42,3.65,4.64
P31,gerak,AGEM KANAN,2.0,TURUN,54.4,58.31,3.91,15.1,12.44,14.22,15.67,16.56,15.08,14.11,19.2,14.01,13.03,9.79,12.88,15.79,10.07,8.44,8.42,9.33,6.57,6.92,5.35,8.54,10.31,6.46,8.38,17.3,13.69,10.83,12.66,17.12,12.28,8.56,7.08
P31,gerak,AGEM KANAN,2.0,TAHAN,57.81,62.55,4.74,3.42,8.77,4.66,8.98,9.99,3.68,1.53,14.6,15.56,15.2,10.58,11.9,14.06,11.6,7.16,6.49,6.39,5.12,3.46,4.06,6.09,8.2,3.78,9.06,12.67,9.45,7.11,8.43,11.78,9.27,5.56,7.51
P31,gerak,AGEM KANAN,2.0,NAIK,62.05,63.4,1.36,-0.44,4.4,-6.28,9.52,1.6,-0.92,0.38,9.17,11.61,6.15,2.51,6.88,10.98,6.99,4.04,-1.77,8.86,5.87,4.37,5.66,7.9,10.54,6.48,6.38,13.3,9.03,6.56,10.0,15.14,10.74,2.11,2.7
P31,gerak,AGEM KANAN,2.0,POST,63.9,65.4,1.5,6.68,-6.99,-4.32,-0.71,9.75,11.96,-2.71,8.73,10.73,9.52,7.91,10.74,17.19,11.49,4.73,2.08,6.13,-18.72,-18.49,-20.7,2.94,9.32,-15.04,6.15,13.74,7.96,8.32,12.46,18.18,10.56,8.56,8.64
P31,gerak,AGEM KIRI,1.0,PRA,67.82,69.82,2.0,-5.96,-4.71,-3.25,-0.77,-0.12,-5.2,-5.83,0.66,-8.01,-8.44,-10.4,-10.99,-14.27,-8.13,-7.46,-11.76,0.81,-0.35,-1.86,-0.15,0.4,0.59,-0.94,0.13,0.34,-2.9,-2.19,-4.45,-4.84,-3.1,-3.99,-6.21
P31,gerak,AGEM KIRI,1.0,TURUN,69.82,74.08,4.26,16.35,15.38,15.05,18.29,18.04,15.74,16.43,18.0,15.4,12.89,8.95,14.12,17.11,11.78,6.53,9.68,8.97,6.28,5.0,4.02,10.91,10.99,5.25,9.8,14.01,10.1,6.61,9.92,13.5,8.96,6.97,5.55
P31,gerak,AGEM KIRI,1.0,TAHAN,73.58,82.54,8.96,2.18,-2.59,-6.1,-0.69,3.4,3.95,-3.74,7.12,3.91,1.97,3.14,9.41,9.21,4.84,1.72,2.89,5.22,0.92,-1.88,-0.36,2.23,5.75,-1.35,3.18,3.2,0.31,-0.71,4.28,5.87,3.11,3.83,2.65
P31,gerak,AGEM KIRI,1.0,NAIK,82.04,84.17,2.13,2.47,-3.16,1.26,-0.21,9.7,1.88,4.51,7.86,8.87,5.41,3.67,7.16,12.52,6.29,2.0,3.31,6.25,-0.01,-1.1,0.5,6.85,5.24,2.44,3.71,17.96,11.45,11.03,13.51,18.67,12.58,8.45,9.05
P31,gerak,AGEM KIRI,1.0,POST,84.67,86.17,1.5,10.02,-15.54,-8.31,-20.48,9.93,7.49,-12.99,12.22,15.09,11.31,7.59,14.72,17.43,9.08,3.83,8.2,5.67,-14.15,-5.95,-15.59,7.17,5.77,-7.59,4.75,15.92,12.36,7.86,16.16,19.52,13.07,8.57,6.77
P31,gerak,AGEM KIRI,2.0,PRA,84.47,86.47,2.0,8.66,-10.6,-7.13,-20.72,8.93,7.2,-7.71,11.68,15.1,11.72,7.91,16.03,17.27,11.19,5.74,7.46,6.04,-9.75,-4.33,-15.9,7.03,5.3,-4.86,4.95,16.84,12.11,9.36,16.16,19.1,12.13,8.42,8.51
P31,gerak,AGEM KIRI,2.0,TURUN,86.47,89.17,2.7,8.99,10.05,9.51,12.03,3.51,6.0,8.53,11.74,15.41,16.8,13.13,13.2,16.96,11.68,9.49,7.93,3.91,-3.09,-0.66,-5.93,3.59,5.07,1.84,5.61,15.57,11.64,9.35,12.32,14.71,11.86,9.53,8.93
P31,gerak,AGEM KIRI,2.0,TAHAN,88.67,94.35,5.68,2.29,1.98,3.0,4.74,9.26,2.78,3.96,8.33,5.07,6.42,3.12,4.71,7.35,5.03,-1.23,2.78,3.1,0.95,-0.37,1.14,4.36,3.12,1.56,2.22,6.76,2.79,1.49,-0.39,5.16,5.83,2.01,1.68
P31,gerak,AGEM KIRI,2.0,NAIK,93.85,95.55,1.7,8.36,-0.54,4.17,-4.92,11.3,9.55,1.15,11.13,15.57,13.29,9.67,13.48,18.18,12.62,5.72,5.85,5.85,-2.74,0.78,-6.61,9.55,6.86,0.7,10.62,14.63,10.59,6.47,8.81,11.92,13.46,7.92,7.27
P31,gerak,AGEM KIRI,2.0,POST,96.05,97.55,1.5,6.28,-4.75,6.34,-10.12,5.57,7.73,3.78,9.52,8.53,5.65,5.78,8.42,11.84,10.14,1.1,1.54,4.63,-3.66,-0.24,-5.49,2.77,3.48,-0.14,2.92,9.74,2.91,4.0,6.51,9.62,4.49,1.11,-0.62
P31,gerak,NGEED,3.0,PRA,277.62,279.62,2.0,4.04,-314.78,-3.98,-130.63,-8.11,1.69,-10.17,-39.01,0.37,-5.57,-7.99,-8.8,-3.21,-73.63,-21.08,-15.58,-2.11,-306.33,-1.94,-157.56,-7.21,0.17,-3.98,-39.74,-5.31,-7.24,-5.56,-12.21,-2.2,-86.09,-15.6,-13.58
P31,gerak,NGEED,3.0,TURUN,279.62,282.58,2.97,3.76,-54.45,6.48,-124.93,1.47,2.27,-4.27,-1.03,0.41,2.06,-1.39,3.45,3.02,-5.12,-3.12,-3.84,-0.53,-59.93,1.33,-155.3,0.95,-1.83,-4.19,-1.39,-0.24,1.98,1.17,-2.19,0.92,-1.36,-3.94,-3.24
P31,gerak,NGEED,3.0,TAHAN,282.08,285.5,3.42,2.53,-5.38,0.58,-18.77,1.34,0.28,6.57,1.21,6.52,7.32,4.84,6.51,7.61,4.54,2.86,2.22,1.44,-5.76,-1.82,-20.85,2.66,-0.3,2.37,1.72,2.19,2.66,3.1,-1.28,5.01,3.68,2.03,-3.75
P31,gerak,NGEED,3.0,NAIK,285.0,287.03,2.03,-1.16,8.63,11.18,10.86,9.24,-1.25,7.37,7.98,10.28,11.85,8.34,13.99,9.94,10.29,7.17,6.32,1.66,3.26,2.73,3.89,1.44,1.31,4.87,3.2,11.09,6.54,6.4,8.17,13.7,6.83,6.84,3.06
P31,gerak,NGEED,3.0,POST,287.53,289.03,1.5,4.77,4.02,7.45,6.41,3.85,2.7,4.45,1.93,11.47,11.77,8.76,8.67,9.45,8.5,5.36,3.42,0.37,4.64,5.02,1.32,-1.35,-1.0,5.07,-0.96,9.17,8.05,5.52,7.25,6.87,5.18,5.29,4.44
P31,gerak,NGEED,4.0,PRA,293.13,295.13,2.0,3.04,-9.99,-1.29,-22.9,1.06,1.02,-8.16,-1.64,2.01,2.85,0.49,4.46,4.07,-0.75,-2.19,-5.66,1.03,-10.54,-0.49,-18.61,-0.98,-0.34,-7.94,-1.59,6.84,3.88,1.78,3.72,4.16,-0.41,1.65,2.47
P31,gerak,NGEED,4.0,TURUN,295.13,297.61,2.48,5.79,-37.98,2.0,-94.48,2.19,3.13,-15.54,-4.26,9.48,7.25,4.34,8.57,7.06,2.05,4.38,-1.66,-1.37,-26.92,3.11,-132.22,-1.17,-2.11,-8.37,-1.98,5.18,2.26,-0.71,0.99,1.68,-2.25,1.53,1.34
P31,gerak,NGEED,4.0,TAHAN,297.11,301.21,4.1,5.16,-8.03,1.12,-30.82,2.58,3.01,-4.53,-4.05,11.03,11.42,6.5,10.99,13.77,8.07,7.28,7.24,1.27,-8.68,-0.24,-28.43,-1.13,1.43,0.06,-3.09,10.33,8.28,6.97,7.26,10.74,8.84,5.34,5.41
P31,gerak,NGEED,4.0,NAIK,300.71,302.96,2.25,3.67,-26.33,-2.83,-88.33,-16.66,0.94,-9.54,-36.01,6.27,3.05,0.4,6.96,4.29,-1.01,4.63,4.41,0.88,-26.01,-2.62,-108.18,-19.81,2.49,-8.15,-23.73,6.77,0.68,2.27,5.57,6.8,0.32,3.75,2.11
P31,gerak,NGEED,4.0,POST,303.46,304.96,1.5,-13.22,-70.89,-2.05,-300.46,-98.68,-1.07,-66.62,-312.5,-1.75,-1.85,-4.34,4.45,-4.21,-6.69,1.08,7.69,-8.44,-99.48,-0.11,-300.87,-121.5,-1.13,-85.4,-302.45,-3.34,-15.65,-2.1,3.47,-7.7,-3.64,1.99,1.4
P31,gerak,AGEM KANAN,3.0,PRA,309.38,311.38,2.0,-58.02,-2.83,-0.28,-0.71,-12.22,-64.55,-5.48,-6.62,-59.41,-15.48,-6.69,-65.27,-58.07,-10.56,-5.55,-7.31,-88.21,0.66,0.82,0.62,-14.39,-90.18,0.01,-6.44,-71.2,-16.48,-5.45,-82.41,-74.05,-6.86,-7.01,-6.43
P31,gerak,AGEM KANAN,3.0,TURUN,311.38,314.14,2.76,-0.36,4.48,6.29,8.04,-0.73,-1.25,5.46,-2.2,3.47,7.72,5.31,6.67,0.22,1.92,-0.96,2.11,-2.59,3.46,1.67,3.34,-2.25,-2.96,1.65,-0.81,8.22,10.04,7.07,3.97,3.29,6.56,4.87,-0.71
P31,gerak,AGEM KANAN,3.0,TAHAN,313.64,316.99,3.35,6.95,10.89,1.74,17.9,1.92,8.1,17.07,-0.63,11.05,6.56,-2.28,5.98,7.65,6.16,2.97,0.39,2.52,2.2,0.93,3.05,5.09,6.45,11.44,7.78,8.84,5.57,3.38,-0.86,5.13,6.6,5.29,0.79
P31,gerak,AGEM KANAN,3.0,NAIK,316.49,319.75,3.26,-1.19,-13.87,10.34,-12.23,-41.46,-0.64,-15.47,-66.66,7.06,6.71,6.42,-2.13,-2.21,-5.8,1.63,0.15,-5.87,-16.11,1.37,-17.68,-59.32,-3.77,-12.25,-89.63,3.5,-0.09,1.02,-1.36,-2.84,0.27,1.52,-0.56
P31,gerak,AGEM KANAN,3.0,POST,320.25,321.75,1.5,-99.59,2.28,9.19,8.03,-64.77,-30.74,10.3,-18.81,-24.89,-16.15,-4.41,-17.39,-61.32,-15.26,-1.6,-0.34,-140.71,-2.67,-0.4,-2.66,-86.38,-28.55,-0.61,-11.57,-27.43,-19.32,-1.05,-11.09,-80.09,-7.87,-1.36,-0.62
P31,gerak,AGEM KANAN,4.0,PRA,325.1,327.1,2.0,3.63,0.95,-0.93,3.42,1.67,1.89,-0.36,-1.87,-0.38,-1.93,-8.46,-6.99,-0.22,-5.08,-8.93,-29.23,-1.97,-0.03,-1.13,-1.83,-1.11,-2.22,-1.23,-0.47,-2.94,-4.63,-3.86,-10.18,-1.94,-3.83,-9.58,-16.6
P31,gerak,AGEM KANAN,4.0,TURUN,327.1,330.71,3.62,0.55,-17.21,6.84,12.67,-14.38,1.29,-0.67,-1.21,7.02,4.78,5.6,10.01,2.86,-1.28,2.09,6.4,-0.62,-16.87,6.94,4.31,-6.52,1.77,3.96,0.21,8.25,6.53,4.74,3.72,3.25,6.94,7.54,3.78
P31,gerak,AGEM KANAN,4.0,TAHAN,330.21,335.23,5.02,-8.16,7.08,7.39,9.82,-9.14,-9.85,6.81,-4.05,11.08,12.28,7.29,4.14,5.63,6.02,2.42,7.31,-7.71,4.98,4.51,4.7,-5.98,-8.87,8.72,4.06,13.89,11.29,9.34,3.71,5.7,5.01,5.33,7.41
P31,gerak,AGEM KANAN,4.0,NAIK,334.73,336.8,2.07,3.69,7.7,9.43,9.93,5.22,4.06,6.79,2.96,12.91,13.75,7.08,8.53,9.83,9.58,9.24,2.21,0.8,7.33,7.1,5.75,3.97,6.0,8.68,3.22,20.21,18.33,14.0,14.45,18.04,15.18,9.93,11.03
P31,gerak,AGEM KANAN,4.0,POST,337.3,338.8,1.5,4.79,-9.95,7.11,-1.89,-12.24,1.91,9.99,-4.23,17.07,16.45,12.54,14.97,15.13,11.93,8.54,9.27,2.98,-4.1,4.04,-8.66,-6.85,10.49,7.06,1.39,18.28,14.54,11.86,15.82,19.81,10.41,13.55,10.93
P31,gerak,AGEM KIRI,3.0,PRA,341.1,343.1,2.0,-67.59,-5.14,-3.82,-0.78,-45.46,-68.16,-5.12,-28.59,-60.09,-49.3,-28.37,-63.07,-66.96,-12.24,-4.12,-2.0,-93.0,1.83,0.45,2.15,-50.69,-94.69,0.81,-27.78,-80.04,-79.91,-15.48,-81.49,-83.77,-7.59,-10.1,-9.3
P31,gerak,AGEM KIRI,3.0,TURUN,343.1,347.19,4.09,4.3,11.36,6.85,8.22,6.8,2.71,7.73,6.62,14.9,14.31,11.1,7.86,10.71,9.24,7.45,7.58,-2.52,4.44,2.01,2.58,0.07,-2.04,1.32,-0.78,13.61,10.75,9.01,6.5,8.33,8.26,7.65,5.73
P31,gerak,AGEM KIRI,3.0,TAHAN,346.69,350.78,4.08,2.93,-13.69,-6.22,-6.93,-1.63,-1.02,0.2,1.08,14.16,14.06,10.49,12.33,12.72,9.39,7.09,7.52,-1.21,-10.23,-4.58,-6.09,-1.61,-1.61,-5.57,-4.38,15.07,11.46,6.92,6.21,8.89,6.43,5.22,4.98
P31,gerak,AGEM KIRI,3.0,NAIK,350.28,352.28,2.0,-71.66,-2.03,1.99,6.66,-88.62,-70.45,0.82,-80.8,9.96,11.92,8.95,8.29,7.88,4.94,3.72,1.57,-95.76,-0.95,2.54,1.41,-125.4,-97.49,0.24,-107.88,16.86,12.24,9.56,11.89,15.86,9.16,9.0,6.78
P31,gerak,AGEM KIRI,3.0,POST,352.78,354.28,1.5,-57.35,3.96,3.83,3.21,-25.88,-59.71,6.89,-12.41,9.63,11.51,10.38,13.03,6.04,10.75,7.26,9.02,-86.63,-2.04,-1.18,-1.35,-23.4,-86.0,-0.48,-16.1,5.05,0.04,1.21,9.27,10.54,3.49,3.68,4.3
P31,gerak,AGEM KIRI,4.0,PRA,356.98,358.98,2.0,2.06,-8.48,-14.9,-13.03,-2.57,-0.21,-43.82,-4.39,1.04,0.78,-0.7,0.04,-1.04,-2.95,-4.28,-6.88,0.64,-6.59,-10.06,-8.89,0.71,-1.26,-58.59,0.67,-1.89,-0.54,-1.87,-6.01,0.1,-2.01,-7.11,-6.66
P31,gerak,AGEM KIRI,4.0,TURUN,358.98,361.82,2.84,1.84,-56.16,7.95,-63.88,-1.84,-0.1,-13.08,-6.97,14.46,9.07,9.28,11.72,8.94,6.14,7.84,3.19,0.53,-47.13,1.03,-92.19,-0.72,0.02,-5.29,-5.08,15.21,7.53,9.08,11.05,10.58,7.92,8.07,6.7
P31,gerak,AGEM KIRI,4.0,TAHAN,361.32,366.23,4.91,-37.21,-4.53,-2.6,-1.03,-64.2,-36.39,-1.82,-78.31,6.6,6.74,8.14,2.23,-3.26,-3.59,2.27,1.25,-52.81,-1.54,-2.47,-1.17,-86.71,-38.4,-1.2,-96.71,2.8,-1.1,2.25,-4.3,-1.33,-6.09,-3.11,1.56
P31,gerak,AGEM KIRI,4.0,NAIK,365.73,368.23,2.5,-76.83,1.06,-15.24,2.55,-48.67,-74.62,3.03,-47.94,-6.3,1.19,-0.38,-35.9,-36.46,-8.7,-8.44,-8.17,-96.98,1.92,-8.83,2.21,-58.11,-95.74,1.34,-55.79,-17.13,-0.87,-0.76,-30.17,-27.39,-2.68,-5.48,-0.11
P31,gerak,AGEM KIRI,4.0,POST,368.73,370.23,1.5,-0.77,15.33,12.26,17.4,6.63,-3.56,13.48,4.36,6.59,9.91,13.8,7.6,8.88,5.47,9.93,9.59,-3.44,5.21,5.22,7.84,0.48,-1.71,8.48,1.39,17.18,14.3,9.23,16.12,14.04,15.18,10.03,12.89
P31,acuan,BERDIRI RILEKS,,ACUAN,50.62,53.9,3.28,5.4,2.67,2.9,5.91,12.37,3.35,2.76,9.45,10.9,9.66,4.68,10.55,12.1,7.23,0.1,4.69,8.76,6.9,5.4,5.83,8.57,9.75,5.77,7.18,11.2,8.18,10.22,9.61,12.81,7.45,3.91,5.91
P31,acuan,BERDIRI RILEKS,,ACUAN,65.4,69.32,3.92,3.61,-5.27,-6.7,-4.87,6.19,3.46,-4.74,5.82,3.05,-4.73,0.97,3.29,6.29,2.31,0.57,2.98,5.75,-1.49,-0.71,-3.36,2.52,5.97,-0.38,3.72,4.17,3.6,1.25,5.3,4.98,4.11,3.26,0.52
P31,acuan,BERDIRI RILEKS,,ACUAN,97.55,103.55,6.0,-0.92,-0.16,0.63,0.15,4.27,0.28,1.97,5.21,-0.21,0.98,-1.24,-0.2,0.08,-0.39,-6.38,-3.41,1.42,1.22,-0.66,0.41,3.04,0.48,0.35,0.37,-0.43,-1.01,-2.74,-3.17,-0.55,-2.4,-4.68,-5.33
P31,acuan,ISTIRAHAT UTAMA,,ACUAN,103.55,275.12,171.56,-2.16,-3.63,-6.15,-1.06,-0.64,-5.4,-4.26,-2.04,-4.32,-4.88,-6.48,-3.95,-2.5,-5.23,-12.15,-12.09,2.99,0.15,-0.78,-0.46,4.16,0.32,0.6,0.96,-3.92,-1.71,-3.1,-7.71,-0.48,-1.95,-12.42,-10.96
P31,acuan,BERDIRI RILEKS,,ACUAN,289.03,294.63,5.6,3.83,0.15,5.55,-0.15,0.39,2.48,1.62,0.45,8.38,8.63,5.83,9.16,6.23,4.5,3.44,0.42,0.17,-1.4,2.0,-5.32,-0.62,-0.34,-0.81,-0.4,5.28,4.57,2.78,3.47,4.8,2.18,1.66,0.24
P31,acuan,BERDIRI RILEKS,,ACUAN,304.96,310.88,5.91,-69.69,-10.18,-0.73,-4.37,-55.73,-54.11,-8.11,-31.33,-24.42,-49.89,-11.84,-3.29,-56.1,-21.4,-0.1,-0.46,-93.06,-7.16,-1.14,-6.6,-93.56,-81.82,-7.04,-18.01,-11.71,-37.55,-6.53,-7.95,-40.8,-14.32,-4.03,-3.85
P31,acuan,BERDIRI RILEKS,,ACUAN,321.75,326.6,4.85,-2.25,3.89,4.34,7.39,-0.43,-4.49,4.12,-0.51,-5.06,-1.26,-2.47,-7.23,-2.82,-6.09,-4.87,-12.16,-5.05,3.03,0.57,2.68,-3.1,-5.63,0.95,-1.2,-6.71,-2.26,-1.77,-14.94,-5.5,-4.63,-5.66,-8.4
P31,acuan,BERDIRI RILEKS,,ACUAN,338.8,342.6,3.8,-30.53,-12.52,-1.58,-3.99,-64.85,-28.94,-6.56,-54.88,-7.65,-13.74,-6.61,0.19,-17.75,-8.01,2.17,1.77,-52.73,-5.13,1.12,-3.16,-87.15,-39.48,-4.06,-60.42,-6.01,-22.53,-3.09,1.44,-6.54,-5.06,0.04,1.4
P31,acuan,BERDIRI RILEKS,,ACUAN,354.28,358.48,4.2,0.76,3.5,-3.57,3.93,-1.41,-0.3,-2.62,-2.14,0.2,3.48,2.97,-0.94,-0.08,0.36,-0.24,-2.28,-2.31,2.51,-3.17,1.33,-1.61,-2.16,-2.42,-2.22,0.39,0.82,1.84,-2.16,0.43,1.34,-0.04,-0.25
P31,acuan,BERDIRI RILEKS,,ACUAN,370.23,376.23,6.0,4.81,3.05,6.86,2.96,4.44,3.41,7.66,5.81,11.42,14.15,6.72,10.61,10.5,8.13,3.44,3.7,-0.17,-0.16,0.59,0.56,0.54,3.28,3.6,2.93,12.08,9.34,8.7,9.57,10.2,8.34,7.1,6.33
P31,romberg,BERDIRI MATA TERTUTUP,,EC,411.58,441.58,30.0,-1.66,-5.32,-10.21,-2.16,0.29,-6.02,-5.45,-6.07,-8.13,-7.91,-13.35,-11.94,-7.17,-12.4,-23.37,-19.36,4.68,1.33,-0.41,0.91,7.3,3.67,1.99,3.23,0.85,0.94,-0.99,-6.89,3.59,1.04,-13.07,-10.85
P32,gerak,NGEED,1.0,PRA,3.63,5.63,2.0,-6.79,1.31,-3.44,-19.33,-20.74,-5.88,-4.84,-2.84,-8.45,-4.57,-4.66,-10.35,-3.87,-14.74,-4.88,-7.16,-11.05,-0.84,-0.25,-7.41,-8.23,-7.43,-2.68,-2.36,-9.94,-6.23,-6.64,-11.47,-9.39,-9.64,-8.57,-6.75
P32,gerak,NGEED,1.0,TURUN,5.63,10.46,4.83,1.75,7.81,1.92,-2.32,-2.61,-1.22,0.6,3.01,2.56,1.15,-0.56,1.82,0.89,-4.51,2.45,2.17,2.92,1.37,3.07,-2.35,1.12,0.56,2.64,4.62,1.43,4.33,2.3,2.54,2.19,1.48,3.59,3.78
P32,gerak,NGEED,1.0,TAHAN,9.96,11.32,1.35,-0.63,-58.02,-57.48,-70.44,-24.88,-3.3,-22.05,2.85,0.63,-1.18,-5.94,0.94,-2.87,-5.29,5.2,0.36,-9.24,-85.87,-94.56,-91.08,-31.88,-6.71,-19.11,-2.74,-2.7,-2.24,-5.76,-5.1,-3.89,-8.18,-1.01,-2.71
P32,gerak,NGEED,1.0,NAIK,10.82,13.58,2.77,-3.48,-60.02,-83.98,-117.62,-22.38,-5.16,-22.57,1.16,-3.18,-7.24,-9.4,-6.53,-6.5,-11.29,-2.1,-8.0,-6.04,-91.05,-100.24,-145.45,-14.98,-4.07,-12.29,-1.65,-1.2,-9.82,-12.88,-9.07,-12.58,-16.82,-11.24,-8.06
P32,gerak,NGEED,1.0,POST,14.08,15.58,1.5,-3.99,-5.69,-12.94,-13.32,-10.35,-2.37,-9.27,0.47,-5.57,0.56,-2.21,-3.5,0.31,2.94,-1.52,-5.41,-0.8,-11.28,-10.97,-14.02,-9.93,-3.77,-5.68,0.82,-0.51,0.81,-0.66,-2.47,-1.67,-0.96,-2.15,-0.58
P32,gerak,NGEED,2.0,PRA,19.58,21.58,2.0,-25.26,-96.6,-83.77,-71.28,-8.64,-111.04,-172.61,-11.3,-313.97,-12.0,-23.26,-314.12,-17.7,-16.43,-27.78,-89.1,-27.56,-110.73,-95.12,-88.29,-2.57,-125.65,-306.73,-5.0,-309.4,-9.67,-25.02,-307.37,-24.63,-14.7,-26.49,-99.37
P32,gerak,NGEED,2.0,TURUN,21.58,23.72,2.15,-10.78,-33.43,-10.4,1.14,0.89,-312.9,-51.74,-6.62,-315.24,-5.62,-89.21,-315.25,-84.14,-8.0,-94.66,-314.69,2.95,-27.3,-5.07,-1.79,2.64,-308.08,-71.28,5.55,-309.45,-2.97,-119.76,-306.19,-114.13,-2.34,-130.92,-304.86
P32,gerak,NGEED,2.0,TAHAN,23.22,26.9,3.68,-11.64,0.93,-2.53,-0.59,4.58,-19.66,-2.38,-0.52,-45.05,-22.47,-317.2,-80.68,-316.44,-8.31,-314.55,-100.48,-5.42,0.6,-1.56,-0.98,0.07,-16.07,-2.96,-3.84,-36.22,-17.42,-305.96,-105.17,-303.32,-6.96,-304.78,-120.72
P32,gerak,NGEED,2.0,NAIK,26.4,29.74,3.34,-13.7,0.48,-1.03,0.23,-7.67,-5.66,-1.34,-0.88,-5.06,-15.72,-59.52,-10.61,-63.95,-29.17,-58.11,-20.65,-10.79,-3.04,-0.33,-0.77,-2.87,-8.67,-0.33,-4.93,-6.01,-7.35,-62.16,-14.45,-63.87,-20.19,-53.92,-17.29
P32,gerak,NGEED,2.0,POST,30.24,31.74,1.5,-9.13,5.08,0.48,3.84,0.09,-3.36,-0.5,-5.48,-0.56,-3.96,-12.55,-1.87,-7.52,-17.63,-8.39,-8.41,-6.54,1.7,4.0,4.12,0.59,-5.75,3.18,-4.9,4.9,6.26,-1.64,1.92,-4.58,-16.1,-3.23,-2.23
P32,gerak,AGEM KANAN,1.0,PRA,35.69,37.69,2.0,-12.25,-60.93,-56.51,-61.48,-8.71,-45.57,-71.41,-6.59,-57.38,-12.41,-13.81,-58.94,-6.44,-9.83,-8.55,-40.02,-14.36,-82.32,-61.24,-88.31,-5.67,-33.55,-92.81,-4.76,-78.22,-8.43,-13.33,-75.58,-13.96,-10.8,-14.4,-32.78
P32,gerak,AGEM KANAN,1.0,TURUN,37.69,42.0,4.31,5.23,11.88,11.25,14.2,16.01,6.82,9.92,10.04,10.1,8.06,8.33,11.47,5.4,5.56,8.72,3.15,8.41,10.56,13.58,10.93,10.85,4.45,11.11,9.85,6.88,4.22,7.65,8.42,7.67,2.56,7.73,8.78
P32,gerak,AGEM KANAN,1.0,TAHAN,41.5,45.32,3.82,-1.77,7.47,1.5,2.76,9.61,0.0,6.33,10.46,0.42,1.1,-7.69,2.4,-1.05,3.68,-5.32,-4.24,2.1,7.49,3.34,2.26,1.6,-1.85,5.93,5.57,2.86,5.23,1.0,3.82,1.36,4.21,-0.65,2.02
P32,gerak,AGEM KANAN,1.0,NAIK,44.82,47.39,2.57,4.06,13.49,6.76,10.05,11.03,6.35,8.36,10.49,9.58,5.96,5.92,9.41,6.34,1.52,5.74,6.09,8.87,7.92,8.78,7.45,6.16,5.7,8.55,6.53,6.27,6.39,5.22,5.97,7.53,3.3,5.48,5.32
P32,gerak,AGEM KANAN,1.0,POST,47.89,49.39,1.5,1.5,-8.36,-6.9,-13.17,-5.17,5.88,-1.47,7.52,-2.29,5.29,1.07,2.52,3.69,-1.6,-1.01,2.27,7.34,-9.1,-9.16,-11.46,-8.59,0.46,-2.74,2.83,1.84,3.49,1.44,2.46,3.18,-2.86,0.16,3.52
P32,gerak,AGEM KANAN,2.0,PRA,51.61,53.61,2.0,-21.63,-33.85,-12.44,-11.31,-5.2,-55.14,-52.3,-11.26,-58.4,-13.22,-23.0,-59.18,-19.42,-9.4,-20.66,-43.62,-4.31,-44.45,-7.71,-6.71,-3.75,-87.88,-85.41,-13.27,-79.69,-8.43,-27.27,-78.15,-23.63,-9.89,-43.28,-44.67
P32,gerak,AGEM KANAN,2.0,TURUN,53.61,55.71,2.1,2.81,10.06,5.0,5.6,6.3,-8.19,2.13,4.52,0.7,2.81,-2.13,2.94,-13.73,-1.71,-0.22,-7.99,8.38,8.72,3.32,1.48,1.44,-1.48,-2.81,-0.1,3.29,10.98,5.34,6.26,-7.32,6.81,6.76,-1.42
P32,gerak,AGEM KANAN,2.0,TAHAN,55.21,59.41,4.2,-0.34,6.88,1.12,5.58,9.68,-1.59,5.44,8.99,8.31,5.5,4.45,8.38,0.79,5.73,7.12,3.66,6.82,4.3,1.83,2.15,-0.83,-2.16,4.38,4.34,8.9,7.01,9.89,9.42,10.62,7.88,8.65,10.8
P32,gerak,AGEM KANAN,2.0,NAIK,58.91,62.22,3.31,2.11,2.78,-0.57,-2.24,-2.87,2.94,1.49,8.58,6.41,1.8,-1.86,2.98,-3.51,2.86,2.71,1.24,7.43,2.42,-1.56,-1.99,-2.29,-0.96,0.67,1.36,2.42,2.85,-1.05,1.97,-0.3,4.69,-0.0,3.59
P32,gerak,AGEM KANAN,2.0,POST,62.72,64.22,1.5,3.0,-7.06,-48.57,-21.56,-4.23,0.33,-6.04,6.96,8.57,8.47,10.21,8.9,8.05,4.82,9.41,8.19,10.05,0.99,-40.75,-10.62,2.29,6.47,-3.91,7.28,5.17,9.89,10.06,7.62,8.9,7.39,10.46,10.53
P32,gerak,AGEM KIRI,1.0,PRA,67.56,69.56,2.0,-36.78,-7.32,-7.99,-5.34,-10.61,-66.29,-18.45,-27.16,-49.16,-9.25,-59.15,-51.82,-83.51,-11.72,-62.65,-64.09,-16.13,-5.68,-1.64,-0.67,-1.48,-81.82,-9.46,-12.54,-67.44,-14.41,-78.3,-80.2,-99.38,-11.65,-83.77,-82.05
P32,gerak,AGEM KIRI,1.0,TURUN,69.56,72.77,3.22,7.57,15.83,10.9,10.33,8.96,7.56,8.99,9.2,11.57,7.08,6.6,11.18,-2.09,7.17,8.27,6.23,10.35,11.23,11.4,10.5,10.18,5.97,10.26,10.96,9.4,8.29,11.68,11.69,7.39,5.44,7.06,10.17
P32,gerak,AGEM KIRI,1.0,TAHAN,72.27,75.19,2.92,-0.93,7.81,7.75,11.24,6.57,2.64,4.41,0.59,4.77,0.56,-3.81,2.38,-13.08,-1.06,-9.4,-10.87,6.17,9.03,11.25,10.58,12.49,4.32,8.14,2.78,-1.22,-2.91,-11.55,-6.61,-14.8,-2.04,-6.07,-6.28
P32,gerak,AGEM KIRI,1.0,NAIK,74.69,78.38,3.69,4.2,12.9,8.92,9.74,8.66,8.67,9.53,9.53,7.18,2.8,4.35,5.89,5.97,2.06,2.84,1.18,9.83,14.01,11.89,10.86,9.74,5.83,10.32,11.93,4.8,4.28,5.87,5.15,5.71,4.46,6.76,6.72
P32,gerak,AGEM KIRI,1.0,POST,78.88,80.38,1.5,6.55,3.96,-5.74,-0.06,4.14,-0.81,-4.19,10.71,-9.75,4.98,5.64,-3.24,2.62,3.18,4.64,0.43,11.56,12.26,3.02,4.8,4.04,2.57,-0.2,10.23,-1.13,6.77,8.28,6.16,7.15,4.04,8.81,8.64
P32,gerak,AGEM KIRI,2.0,PRA,83.62,85.62,2.0,-23.95,-7.45,-9.94,-9.3,-6.95,-60.45,-13.83,-11.71,-29.3,-8.96,-35.15,-49.56,-96.23,-10.62,-57.03,-82.22,-18.75,-7.9,-3.46,-3.43,-2.36,-87.93,-9.69,-8.67,-21.73,-5.73,-18.95,-84.67,-124.3,-5.78,-79.5,-90.88
P32,gerak,AGEM KIRI,2.0,TURUN,85.62,87.68,2.06,4.84,13.33,8.6,10.01,8.59,-1.55,7.94,7.05,4.21,3.44,-5.64,0.47,-25.99,4.08,-2.33,-8.59,6.95,11.76,9.33,8.49,8.79,-0.56,6.37,7.2,-1.0,3.94,0.54,0.55,-10.61,1.78,1.99,-3.22
P32,gerak,AGEM KIRI,2.0,TAHAN,87.18,92.11,4.92,-0.73,4.97,7.08,5.98,5.98,-2.87,5.84,3.99,2.47,-0.2,-5.97,-2.8,-20.01,-1.62,-9.19,-10.55,7.4,8.14,9.2,8.6,6.69,2.0,8.62,6.78,0.73,1.99,-1.36,0.19,-17.09,1.76,-0.58,-6.01
P32,gerak,AGEM KIRI,2.0,NAIK,91.61,93.95,2.35,1.17,1.27,-5.33,-5.27,-3.93,-0.8,0.91,2.36,5.26,4.59,-1.69,5.27,0.79,0.62,0.6,-5.36,7.39,4.13,-4.68,-13.78,-15.1,-3.14,3.53,3.05,2.35,2.3,-0.2,-0.89,-1.14,1.18,-2.52,-2.14
P32,gerak,AGEM KIRI,2.0,POST,94.45,95.95,1.5,7.05,7.71,-12.38,-11.73,1.57,0.57,-4.87,6.17,0.25,5.97,7.11,0.56,7.33,6.24,7.74,3.64,11.81,14.59,1.3,-0.57,5.35,7.86,3.62,8.78,-7.74,5.62,6.32,-2.83,6.51,6.77,4.76,4.11
P32,gerak,NGEED,3.0,PRA,276.78,278.78,2.0,2.26,4.64,7.17,7.9,12.54,3.08,6.64,1.37,10.18,5.14,7.63,10.2,2.69,5.84,5.5,4.42,2.44,7.22,4.8,5.72,4.95,3.33,6.12,-0.08,4.3,1.6,6.08,3.68,1.41,4.09,2.81,6.85
P32,gerak,NGEED,3.0,TURUN,278.78,282.7,3.92,2.6,10.01,7.31,8.05,11.4,5.78,8.21,3.36,7.15,-1.2,-1.18,5.29,1.38,0.41,1.31,2.94,5.62,8.2,4.28,5.9,3.27,4.59,6.2,0.23,5.87,0.2,1.55,4.22,4.78,3.89,0.82,3.37
P32,gerak,NGEED,3.0,TAHAN,282.2,284.13,1.93,2.15,-5.65,-2.64,-3.0,6.65,4.23,4.47,8.86,-0.22,-6.46,-4.68,-0.74,-0.07,-3.63,-4.02,4.76,6.24,3.07,-1.95,-3.22,3.16,5.6,9.03,5.62,4.19,-5.22,-2.93,-1.06,-0.0,-3.7,-1.82,1.08
P32,gerak,NGEED,3.0,NAIK,283.63,285.67,2.04,-6.55,-32.88,-52.72,-37.27,-7.19,-15.09,-28.56,-7.42,-4.51,-13.17,-9.87,-5.28,-2.0,-6.8,-8.16,-4.93,-7.69,-21.63,-48.06,-26.08,-4.19,-3.53,-17.4,-4.96,-2.55,-10.86,-7.65,-4.14,-5.4,-8.53,-7.55,-4.25
P32,gerak,NGEED,3.0,POST,286.17,287.67,1.5,2.02,3.11,-7.1,-4.78,2.93,3.4,-5.48,3.99,7.55,5.83,8.19,7.94,9.45,3.99,8.02,4.34,7.31,5.28,-0.25,-0.53,4.05,6.29,-1.33,1.85,4.67,3.06,4.17,2.79,6.38,7.0,5.63,4.3
P32,gerak,NGEED,4.0,PRA,293.6,295.6,2.0,-8.31,1.87,-1.84,0.31,-0.08,-1.39,0.08,-5.35,4.53,-7.79,-5.43,0.55,-3.21,-9.66,-5.76,-2.69,-7.56,1.21,2.62,2.62,1.41,-2.15,2.26,-3.51,-1.21,-12.83,-10.41,-7.02,-9.35,-11.2,-11.48,-5.54
P32,gerak,NGEED,4.0,TURUN,295.6,297.89,2.29,3.67,13.77,7.7,8.65,13.42,11.7,9.61,9.31,15.72,8.5,12.56,14.62,12.53,4.57,11.78,12.75,10.25,11.43,9.73,8.08,9.36,7.57,10.67,7.13,6.22,5.19,7.61,8.12,10.55,8.57,8.52,8.43
P32,gerak,NGEED,4.0,TAHAN,297.39,300.44,3.06,-10.13,-17.34,-25.76,-18.1,6.65,-2.75,-14.68,-4.38,8.96,3.27,6.83,10.02,7.99,1.48,6.71,5.8,2.38,-8.96,-11.56,-6.16,1.5,-4.33,-2.79,-0.12,7.82,6.0,9.24,7.06,11.28,7.12,9.97,10.88
P32,gerak,NGEED,4.0,NAIK,299.94,302.33,2.39,-3.91,-2.79,-22.4,-14.34,2.09,-3.71,-13.01,-6.97,5.57,1.59,4.12,6.19,7.69,4.34,4.97,4.0,5.57,5.44,-8.41,-4.76,2.58,6.54,-1.81,1.46,2.12,-0.57,2.2,-0.46,3.64,0.45,1.97,2.18
P32,gerak,NGEED,4.0,POST,302.83,304.33,1.5,5.14,5.86,2.79,3.67,5.85,3.47,-0.67,4.82,4.43,4.68,6.22,6.28,6.6,3.62,6.89,3.9,6.0,-0.76,4.21,5.66,5.8,5.73,2.16,3.55,4.84,0.22,1.03,2.51,2.74,2.48,0.67,3.37
P32,gerak,AGEM KANAN,3.0,PRA,308.74,310.74,2.0,-10.88,-0.4,-3.12,0.0,-3.44,2.52,1.22,0.38,1.14,-6.67,-1.56,-1.38,-2.48,-10.73,-1.88,-3.39,-3.21,-0.78,0.77,0.34,-0.73,-2.14,1.93,-2.76,-0.12,-6.5,-2.92,-3.54,-0.73,-1.97,-2.93,-0.14
P32,gerak,AGEM KANAN,3.0,TURUN,310.74,313.15,2.41,1.19,6.35,4.3,8.28,9.13,10.26,1.84,7.87,16.13,8.77,12.76,15.46,13.27,6.08,12.78,13.07,9.21,13.53,10.66,12.37,10.45,8.58,6.73,8.42,5.72,5.33,9.94,6.64,14.38,6.9,8.23,9.54
P32,gerak,AGEM KANAN,3.0,TAHAN,312.65,316.0,3.35,2.92,6.37,3.87,6.86,7.19,8.46,5.05,5.53,12.76,2.51,9.34,13.37,10.38,4.0,7.07,8.39,8.73,3.8,8.21,5.54,7.92,7.27,6.7,8.23,7.63,1.15,6.34,8.27,6.05,2.27,7.63,8.32
P32,gerak,AGEM KANAN,3.0,NAIK,315.5,319.39,3.89,6.67,16.4,14.56,17.28,15.65,9.42,14.77,10.87,12.28,5.09,8.7,10.86,8.65,3.57,8.05,7.19,9.69,11.55,9.54,9.4,10.0,9.66,7.67,5.74,4.54,3.45,8.83,6.12,6.78,2.43,8.03,9.84
P32,gerak,AGEM KANAN,3.0,POST,319.89,321.39,1.5,11.44,16.85,10.94,13.69,15.25,13.76,10.28,6.46,15.27,8.42,11.77,16.01,11.58,7.48,10.64,10.59,9.68,18.02,10.64,12.42,12.52,10.85,14.92,7.97,7.75,5.98,8.97,8.06,11.48,6.47,9.94,10.09
P32,gerak,AGEM KANAN,4.0,PRA,324.81,326.81,2.0,0.08,-42.46,-36.94,-28.75,-14.53,-5.32,-24.13,-2.64,-0.17,-4.99,-2.18,-0.71,1.73,-4.06,-2.55,-1.73,-1.02,-67.82,-23.14,-22.39,-5.55,-1.53,-12.58,-0.97,0.73,-2.37,0.82,1.15,4.06,-0.06,1.75,4.12
P32,gerak,AGEM KANAN,4.0,TURUN,326.81,328.9,2.09,8.03,12.52,1.05,5.74,8.65,8.33,4.3,6.29,12.91,6.33,10.32,12.38,11.6,6.27,11.56,10.08,8.01,16.95,1.82,3.0,4.76,9.28,10.63,7.86,9.62,6.11,10.26,9.45,10.74,5.9,8.63,13.94
P32,gerak,AGEM KANAN,4.0,TAHAN,328.4,332.31,3.91,5.39,7.73,1.41,3.74,9.71,6.74,1.79,4.94,9.95,1.66,8.4,12.73,8.07,0.83,7.09,5.94,10.36,9.62,12.11,11.24,12.71,9.78,13.08,11.2,7.65,2.15,7.11,7.84,9.36,4.72,6.0,8.69
P32,gerak,AGEM KANAN,4.0,NAIK,331.81,334.89,3.08,3.51,10.94,10.56,12.34,13.19,7.0,9.79,9.14,7.85,3.08,5.02,8.25,4.88,2.46,4.04,4.51,10.98,14.07,11.13,10.37,10.85,4.59,8.97,6.99,6.95,0.33,3.34,4.94,5.46,3.44,7.53,10.01
P32,gerak,AGEM KANAN,4.0,POST,335.39,336.89,1.5,12.54,16.63,11.66,15.97,15.23,11.11,12.57,10.32,11.6,5.59,3.75,8.03,2.72,5.22,3.73,4.65,6.74,13.16,7.83,9.62,9.8,7.41,11.28,6.45,4.87,3.5,4.91,4.29,5.38,4.37,6.04,8.33
P32,gerak,AGEM KIRI,3.0,PRA,340.46,342.46,2.0,0.38,-7.32,-9.66,-7.39,-2.0,-10.23,-9.89,-10.87,-5.97,-17.84,-14.8,-7.79,-10.02,-15.09,-15.49,-9.3,-11.25,0.25,2.8,3.28,2.35,-2.95,2.41,-3.38,0.94,-13.6,-10.42,-5.58,-8.92,-6.69,-11.39,-3.42
P32,gerak,AGEM KIRI,3.0,TURUN,342.46,344.87,2.42,5.34,13.98,8.64,9.55,10.83,9.33,8.78,8.33,8.14,2.94,5.65,6.9,4.86,1.34,6.99,2.32,7.2,10.44,8.75,12.5,7.55,7.39,11.73,4.98,11.46,7.5,9.51,11.95,12.57,4.78,8.08,12.51
P32,gerak,AGEM KIRI,3.0,TAHAN,344.37,348.32,3.95,0.86,3.08,-6.24,-4.49,0.84,0.75,2.9,3.84,13.92,7.17,8.98,14.32,11.97,5.52,11.36,10.14,5.39,3.01,0.01,1.62,2.68,3.07,0.57,2.14,7.12,4.35,6.46,7.3,10.42,2.65,6.53,8.83
P32,gerak,AGEM KIRI,3.0,NAIK,347.82,351.17,3.35,5.78,4.09,-3.86,4.86,4.66,5.78,-3.65,3.9,11.41,5.05,7.57,10.67,11.11,1.3,8.16,7.74,4.91,7.71,-3.4,3.26,3.43,6.56,0.95,2.17,6.75,6.67,10.09,8.71,12.54,5.9,9.7,11.32
P32,gerak,AGEM KIRI,3.0,POST,351.67,353.17,1.5,7.36,13.5,-2.22,-1.4,4.67,7.2,2.73,5.54,8.02,4.63,7.01,8.63,9.6,5.38,7.94,7.54,12.05,16.61,8.93,7.66,9.72,8.58,10.08,8.65,4.73,3.21,6.92,5.17,7.42,8.38,7.71,8.87
P32,gerak,AGEM KIRI,4.0,PRA,356.35,358.35,2.0,-2.12,-19.77,-39.61,-17.21,-1.97,-14.65,-38.1,-7.0,-11.3,-8.85,-8.13,-7.95,-7.32,-4.07,-6.55,-5.39,7.85,-12.7,-32.15,-7.66,1.27,-9.34,-31.19,2.88,-4.87,-7.51,-5.47,-5.55,-3.13,-2.88,-5.16,-1.05
P32,gerak,AGEM KIRI,4.0,TURUN,358.35,361.0,2.65,6.57,12.85,-1.72,-1.84,9.47,7.67,-0.34,5.74,6.98,2.77,4.17,5.18,8.17,2.58,5.5,6.07,11.58,10.62,3.14,12.49,6.47,7.16,2.59,6.41,9.97,6.79,9.42,9.09,12.3,6.63,9.38,9.18
P32,gerak,AGEM KIRI,4.0,TAHAN,360.5,364.66,4.17,3.0,0.17,-6.81,-9.47,-0.24,2.53,-14.78,0.79,10.58,3.87,6.07,10.54,9.17,6.12,9.24,5.98,9.28,5.84,4.99,-0.57,3.29,2.44,-7.06,1.78,8.8,4.12,6.98,7.92,8.44,5.37,5.69,8.06
P32,gerak,AGEM KIRI,4.0,NAIK,364.16,366.97,2.81,7.61,13.99,3.92,3.55,4.28,7.5,7.32,4.63,14.01,7.9,11.16,13.35,13.2,7.52,9.97,10.53,11.21,12.33,9.87,10.79,11.0,3.54,9.75,9.56,7.45,5.35,7.38,9.02,10.44,4.58,7.17,9.83
P32,gerak,AGEM KIRI,4.0,POST,367.47,368.97,1.5,11.55,8.59,3.2,6.36,6.49,6.91,8.39,4.86,10.87,3.9,7.53,9.18,9.63,6.67,7.12,9.95,7.93,6.19,4.47,5.87,5.88,3.26,10.62,6.13,5.47,2.91,6.85,6.85,9.93,3.87,8.06,11.13
P32,acuan,BERDIRI RILEKS,,ACUAN,15.58,21.08,5.49,-6.72,-22.07,-27.33,-30.42,-6.47,-12.58,-30.35,-3.16,-23.75,-1.34,-4.48,-23.4,-4.34,-4.15,-1.38,-9.92,-6.91,-30.97,-26.98,-45.97,-4.54,-11.64,-20.87,-1.94,-19.32,-2.36,-5.83,-17.03,-6.35,-5.11,-6.12,-7.81
P32,acuan,BERDIRI RILEKS,,ACUAN,31.74,37.19,5.45,0.0,0.0,2.91,2.48,-0.44,0.0,3.87,2.67,-0.46,0.0,0.0,0.0,0.0,-3.26,2.13,2.08,-0.66,-1.38,-0.8,-3.17,-6.07,0.05,-2.09,0.71,0.0,4.78,6.36,1.73,5.81,0.0,6.25,5.01
P32,acuan,BERDIRI RILEKS,,ACUAN,49.39,53.11,3.72,-8.3,-61.15,-23.74,-19.32,-4.97,-12.96,-60.93,-3.13,-22.76,-1.95,-3.98,-26.2,-4.24,-1.35,-2.75,-10.06,1.81,-88.78,-15.46,-14.18,-7.2,-14.38,-85.19,-5.14,-12.37,2.02,-1.19,-14.5,-2.27,-0.42,0.0,-1.02
P32,acuan,BERDIRI RILEKS,,ACUAN,64.22,69.06,4.84,-7.34,-19.35,-18.02,-14.51,-4.08,-33.89,-44.64,-6.48,-32.34,-6.88,-9.1,-19.09,-6.24,-2.96,-9.52,-18.06,-3.68,-15.81,-7.99,-5.25,-4.31,-44.55,-37.09,-7.96,-40.92,-6.26,-8.93,-31.51,-9.54,-1.86,-8.02,-28.16
P32,acuan,BERDIRI RILEKS,,ACUAN,80.38,85.12,4.74,1.29,-14.34,-14.24,-10.34,-0.41,-30.48,-24.55,-3.15,-4.46,2.18,-0.5,-4.47,-4.96,0.47,-2.53,-9.84,-1.34,-9.68,-6.64,-4.43,-0.49,-40.05,-26.06,-2.78,-5.43,1.41,1.65,-2.32,-0.99,-4.28,-0.61,-6.13
P32,acuan,BERDIRI RILEKS,,ACUAN,95.95,101.95,6.0,3.03,6.92,1.1,0.0,6.48,3.28,-1.22,5.71,4.19,4.17,5.29,3.77,2.65,4.11,4.52,0.0,4.96,10.51,3.22,1.49,6.11,5.18,3.04,4.02,-3.11,2.22,-2.4,-0.87,0.0,0.86,-1.83,0.0
P32,acuan,ISTIRAHAT UTAMA,,ACUAN,101.95,274.28,172.33,-7.64,-2.0,-4.53,-2.74,-2.0,-5.04,-4.22,-2.75,-3.02,-8.56,-7.67,-4.97,-7.0,-7.51,-7.6,-7.5,-4.68,-0.16,0.0,0.0,0.0,-3.9,0.0,-1.28,-0.79,-6.26,-5.16,-3.41,-3.34,-6.07,-4.84,-2.0
P32,acuan,BERDIRI RILEKS,,ACUAN,287.67,293.67,6.0,-1.51,2.21,0.03,2.04,7.77,3.48,1.96,0.89,7.31,1.57,3.94,4.93,3.41,1.01,4.25,3.75,2.89,4.63,4.11,3.74,4.7,3.14,2.54,0.41,2.51,-0.91,0.0,0.0,2.31,3.71,0.83,-0.3
P32,acuan,BERDIRI RILEKS,,ACUAN,304.33,310.24,5.91,-1.18,4.15,1.81,4.41,4.83,1.0,2.09,-1.59,6.51,1.85,1.85,5.26,1.37,0.78,2.12,2.04,0.0,4.81,5.43,5.98,5.41,0.0,4.75,0.3,4.58,-0.51,2.54,2.18,0.48,1.51,2.36,3.81
P32,acuan,BERDIRI RILEKS,,ACUAN,321.39,326.31,4.92,4.24,-4.0,-2.7,-2.55,0.0,4.89,0.0,0.0,3.81,-1.36,1.1,5.9,5.19,0.0,0.95,5.41,5.41,0.0,-2.81,-2.05,-1.01,2.19,-1.19,-0.71,3.61,2.37,5.02,4.98,6.93,1.52,4.84,7.72
P32,acuan,BERDIRI RILEKS,,ACUAN,336.89,341.96,5.07,4.41,1.53,2.49,4.76,5.82,-2.43,4.34,1.16,0.0,-9.29,-11.06,-3.38,-8.61,-4.45,-14.06,-5.32,-2.38,7.86,5.61,6.11,5.41,-0.8,5.16,0.0,4.99,-3.93,-4.46,1.22,-6.48,-1.17,-5.05,0.09
P32,acuan,BERDIRI RILEKS,,ACUAN,353.17,357.85,4.68,3.32,7.53,0.0,0.81,5.61,9.19,2.74,4.77,8.24,3.3,6.02,7.13,7.23,2.89,8.32,7.07,11.41,10.81,2.33,1.35,5.84,8.18,3.43,5.12,3.69,1.98,3.58,3.56,8.34,5.69,5.37,7.22
P32,acuan,BERDIRI RILEKS,,ACUAN,368.97,374.97,6.0,2.44,8.68,4.33,4.9,8.37,5.02,5.67,5.12,7.9,0.42,1.24,5.93,2.86,0.6,0.0,1.16,8.45,9.23,8.63,8.38,8.32,4.91,9.82,6.12,1.5,0.0,1.7,2.62,5.07,3.06,1.49,3.64
P32,romberg,BERDIRI MATA TERTUTUP,,EC,411.86,441.86,30.0,-10.23,-5.89,-7.66,-4.81,-4.72,-8.77,-6.13,-8.11,-7.25,-22.29,-18.3,-12.67,-11.82,-7.35,-20.4,-13.64,-9.2,-1.52,1.19,1.84,2.13,-4.93,0.34,-2.08,-1.92,-15.3,-11.87,-7.76,-10.0,-11.05,-15.14,-4.95
