participant_id,metode,fase,n_repetisi,pct_repetisi_terpakai,cakupan_fase_median,pct_kanal_epoch_bersih,otot_db_median,detik_bersih_median_kanal,n_rep_valid_median_kanal,pct_kanal_rep_valid_ge3,se_db_median,reliabilitas_belah_dua,varian
P08,TE,Gerak,12,100.0,0.43,65.8,-1.0,10.0,8.0,100.0,1.51,0.86,T5_dasar
P08,TE,Tahan,12,100.0,0.57,68.7,0.32,29.5,10.0,100.0,1.22,0.95,T5_dasar
P08,TE,Naik,12,100.0,0.57,65.1,0.39,9.9,8.0,100.0,1.59,0.87,T5_dasar
P08,TE,Berdiri,12,100.0,0.51,76.4,-0.29,36.5,11.0,100.0,1.03,0.87,T5_dasar
P08,TE,Gerak,12,100.0,0.43,67.2,-0.75,10.0,8.0,100.0,1.41,0.89,T5_ICA_mata
P08,TE,Tahan,12,100.0,0.57,68.7,0.35,29.5,10.0,100.0,1.19,0.96,T5_ICA_mata
P08,TE,Naik,12,100.0,0.57,64.1,0.45,9.9,8.0,100.0,1.72,0.88,T5_ICA_mata
P08,TE,Berdiri,12,100.0,0.51,77.2,-0.27,36.5,11.0,100.0,0.88,0.86,T5_ICA_mata
P08,TE,Gerak,12,100.0,0.43,67.2,-0.75,10.0,8.0,100.0,1.41,0.89,T5_ICA_mata_otot
P08,TE,Tahan,12,100.0,0.57,68.7,0.35,29.5,10.0,100.0,1.19,0.96,T5_ICA_mata_otot
P08,TE,Naik,12,100.0,0.57,64.1,0.45,9.9,8.0,100.0,1.72,0.88,T5_ICA_mata_otot
P08,TE,Berdiri,12,100.0,0.51,77.2,-0.27,36.5,11.0,100.0,0.88,0.86,T5_ICA_mata_otot
P08,TE,Gerak,12,100.0,0.43,66.0,-0.65,10.0,8.0,100.0,1.48,0.85,T5_CCA_otot
P08,TE,Tahan,12,100.0,0.57,68.8,0.52,29.5,10.0,100.0,1.2,0.96,T5_CCA_otot
P08,TE,Naik,12,100.0,0.57,65.1,0.8,9.9,8.0,100.0,1.59,0.86,T5_CCA_otot
P08,TE,Berdiri,12,100.0,0.51,76.4,-0.12,36.5,11.0,100.0,1.03,0.86,T5_CCA_otot
P08,TE,Gerak,12,100.0,0.43,56.2,-0.74,9.5,8.0,87.5,1.64,0.87,T5_regresi_mata
P08,TE,Tahan,12,100.0,0.57,57.3,0.07,28.4,10.0,87.5,1.33,0.94,T5_regresi_mata
P08,TE,Naik,12,100.0,0.57,53.4,0.67,8.5,7.0,87.5,1.88,0.88,T5_regresi_mata
P08,TE,Berdiri,12,100.0,0.51,65.6,-0.07,34.8,11.0,87.5,1.1,0.84,T5_regresi_mata
P08,TE,Gerak,12,100.0,0.43,67.2,-0.34,10.0,8.0,100.0,1.41,0.89,T5_ICAmata_CCAotot
P08,TE,Tahan,12,100.0,0.57,68.8,0.47,29.5,10.0,100.0,1.2,0.96,T5_ICAmata_CCAotot
P08,TE,Naik,12,100.0,0.57,64.1,0.71,9.9,8.0,100.0,1.72,0.87,T5_ICAmata_CCAotot
P08,TE,Berdiri,12,100.0,0.51,77.2,-0.17,36.5,11.0,100.0,0.88,0.86,T5_ICAmata_CCAotot
P09,TE,Gerak,12,100.0,0.38,67.9,-0.55,11.4,8.0,100.0,1.1,0.7,T5_dasar
P09,TE,Tahan,12,100.0,0.54,63.8,0.41,21.1,10.0,100.0,1.55,0.66,T5_dasar
P09,TE,Naik,12,100.0,0.39,56.5,-0.15,8.8,7.0,100.0,1.75,0.36,T5_dasar
P09,TE,Berdiri,12,100.0,0.5,67.0,0.53,30.8,10.0,100.0,1.05,0.86,T5_dasar
P09,TE,Gerak,12,100.0,0.38,67.9,-0.55,11.4,8.0,100.0,1.1,0.7,T5_ICA_mata
P09,TE,Tahan,12,100.0,0.54,63.8,0.41,21.1,10.0,100.0,1.55,0.66,T5_ICA_mata
P09,TE,Naik,12,100.0,0.39,56.5,-0.15,8.8,7.0,100.0,1.75,0.36,T5_ICA_mata
P09,TE,Berdiri,12,100.0,0.5,67.0,0.53,30.8,10.0,100.0,1.05,0.86,T5_ICA_mata
P09,TE,Gerak,12,100.0,0.38,67.9,-0.55,11.4,8.0,100.0,1.1,0.7,T5_ICA_mata_otot
P09,TE,Tahan,12,100.0,0.54,63.8,0.41,21.1,10.0,100.0,1.55,0.66,T5_ICA_mata_otot
P09,TE,Naik,12,100.0,0.39,56.5,-0.15,8.8,7.0,100.0,1.75,0.36,T5_ICA_mata_otot
P09,TE,Berdiri,12,100.0,0.5,67.0,0.53,30.8,10.0,100.0,1.05,0.86,T5_ICA_mata_otot
P09,TE,Gerak,12,100.0,0.38,68.1,-1.03,11.4,8.0,100.0,1.15,0.81,T5_CCA_otot
P09,TE,Tahan,12,100.0,0.54,63.8,0.65,21.1,10.0,100.0,1.6,0.68,T5_CCA_otot
P09,TE,Naik,12,100.0,0.39,56.5,0.31,8.8,7.0,100.0,1.74,0.33,T5_CCA_otot
P09,TE,Berdiri,12,100.0,0.5,67.0,0.38,30.8,10.0,100.0,1.06,0.88,T5_CCA_otot
P09,TE,Gerak,12,100.0,0.38,56.7,-1.29,11.2,8.0,87.5,1.26,0.4,T5_regresi_mata
P09,TE,Tahan,12,100.0,0.54,53.7,0.52,20.5,9.0,87.5,1.71,0.5,T5_regresi_mata
P09,TE,Naik,12,100.0,0.39,47.7,0.11,8.5,7.0,87.5,1.73,0.54,T5_regresi_mata
P09,TE,Berdiri,12,100.0,0.5,56.9,0.03,30.0,10.0,87.5,1.12,0.82,T5_regresi_mata
P09,TE,Gerak,12,100.0,0.38,68.1,-1.03,11.4,8.0,100.0,1.15,0.81,T5_ICAmata_CCAotot
P09,TE,Tahan,12,100.0,0.54,63.8,0.65,21.1,10.0,100.0,1.6,0.68,T5_ICAmata_CCAotot
P09,TE,Naik,12,100.0,0.39,56.5,0.31,8.8,7.0,100.0,1.74,0.33,T5_ICAmata_CCAotot
P09,TE,Berdiri,12,100.0,0.5,67.0,0.38,30.8,10.0,100.0,1.06,0.88,T5_ICAmata_CCAotot
P31,TE,Gerak,10,100.0,0.41,65.1,2.0,10.2,8.0,100.0,1.25,0.95,T5_dasar
P31,TE,Tahan,10,100.0,0.54,66.9,1.02,20.1,8.5,100.0,1.16,0.92,T5_dasar
P31,TE,Naik,10,100.0,0.59,55.6,3.47,8.1,7.0,100.0,1.5,0.88,T5_dasar
P31,TE,Berdiri,10,100.0,0.53,70.1,-0.27,29.4,8.5,100.0,1.15,0.95,T5_dasar
P31,TE,Gerak,10,100.0,0.41,65.1,2.0,10.2,8.0,100.0,1.25,0.95,T5_ICA_mata
P31,TE,Tahan,10,100.0,0.54,66.9,1.02,20.1,8.5,100.0,1.16,0.92,T5_ICA_mata
P31,TE,Naik,10,100.0,0.59,55.6,3.47,8.1,7.0,100.0,1.5,0.88,T5_ICA_mata
P31,TE,Berdiri,10,100.0,0.53,70.1,-0.27,29.4,8.5,100.0,1.15,0.95,T5_ICA_mata
P31,TE,Gerak,10,100.0,0.41,67.7,1.84,10.6,8.5,100.0,1.25,0.95,T5_ICA_mata_otot
P31,TE,Tahan,10,100.0,0.54,67.5,1.1,20.1,8.5,100.0,1.15,0.92,T5_ICA_mata_otot
P31,TE,Naik,10,100.0,0.59,57.8,3.52,8.4,7.0,100.0,1.57,0.86,T5_ICA_mata_otot
P31,TE,Berdiri,10,100.0,0.53,70.4,-0.22,29.4,8.5,100.0,1.14,0.95,T5_ICA_mata_otot
P31,TE,Gerak,10,100.0,0.41,66.4,2.3,10.4,8.0,100.0,1.27,0.95,T5_CCA_otot
P31,TE,Tahan,10,100.0,0.54,67.0,1.23,20.2,8.5,100.0,1.17,0.91,T5_CCA_otot
P31,TE,Naik,10,100.0,0.59,56.6,3.79,8.1,7.0,100.0,1.5,0.88,T5_CCA_otot
P31,TE,Berdiri,10,100.0,0.53,70.2,0.05,29.6,8.5,100.0,1.19,0.96,T5_CCA_otot
P31,TE,Gerak,10,100.0,0.41,58.3,1.65,9.9,8.0,87.5,1.31,0.94,T5_regresi_mata
P31,TE,Tahan,10,100.0,0.54,58.5,1.11,19.8,8.0,87.5,1.17,0.95,T5_regresi_mata
P31,TE,Naik,10,100.0,0.59,45.9,3.57,7.1,6.0,81.2,1.49,0.86,T5_regresi_mata
P31,TE,Berdiri,10,100.0,0.53,60.8,-0.21,28.6,8.5,87.5,1.15,0.94,T5_regresi_mata
P31,TE,Gerak,10,100.0,0.41,66.4,2.3,10.4,8.0,100.0,1.27,0.95,T5_ICAmata_CCAotot
P31,TE,Tahan,10,100.0,0.54,67.0,1.23,20.2,8.5,100.0,1.17,0.91,T5_ICAmata_CCAotot
P31,TE,Naik,10,100.0,0.59,56.6,3.79,8.1,7.0,100.0,1.5,0.88,T5_ICAmata_CCAotot
P31,TE,Berdiri,10,100.0,0.53,70.2,0.05,29.6,8.5,100.0,1.19,0.96,T5_ICAmata_CCAotot
P32,TE,Gerak,12,100.0,0.52,34.3,3.82,6.4,5.0,75.0,1.47,0.57,T5_dasar
P32,TE,Tahan,12,83.3,0.51,48.0,4.09,11.6,6.5,100.0,1.31,0.58,T5_dasar
P32,TE,Naik,12,100.0,0.43,53.2,3.29,8.9,7.0,100.0,1.23,0.72,T5_dasar
P32,TE,Berdiri,12,100.0,0.53,54.1,1.6,33.6,10.0,100.0,1.0,0.8,T5_dasar
P32,TE,Gerak,12,100.0,0.52,35.2,4.01,6.4,5.0,75.0,1.5,0.49,T5_ICA_mata
P32,TE,Tahan,12,83.3,0.51,50.7,3.77,11.6,7.0,100.0,1.25,0.62,T5_ICA_mata
P32,TE,Naik,12,100.0,0.43,54.2,3.1,8.9,7.0,100.0,1.3,0.62,T5_ICA_mata
P32,TE,Berdiri,12,100.0,0.53,56.4,1.49,35.1,10.5,100.0,0.92,0.82,T5_ICA_mata
P32,TE,Gerak,12,100.0,0.52,35.2,4.01,6.4,5.0,75.0,1.5,0.49,T5_ICA_mata_otot
P32,TE,Tahan,12,83.3,0.51,50.7,3.77,11.6,7.0,100.0,1.25,0.62,T5_ICA_mata_otot
P32,TE,Naik,12,100.0,0.43,54.2,3.1,8.9,7.0,100.0,1.3,0.62,T5_ICA_mata_otot
P32,TE,Berdiri,12,100.0,0.53,56.4,1.49,35.1,10.5,100.0,0.92,0.82,T5_ICA_mata_otot
P32,TE,Gerak,12,100.0,0.52,35.2,4.65,7.0,5.5,75.0,1.34,0.49,T5_CCA_otot
P32,TE,Tahan,12,83.3,0.51,48.8,4.69,11.6,6.5,100.0,1.31,0.55,T5_CCA_otot
P32,TE,Naik,12,100.0,0.43,54.2,3.7,8.9,7.0,100.0,1.22,0.69,T5_CCA_otot
P32,TE,Berdiri,12,100.0,0.53,54.6,1.97,33.8,10.5,100.0,0.97,0.83,T5_CCA_otot
P32,TE,Gerak,12,100.0,0.52,32.4,4.53,6.1,5.0,81.2,1.58,0.58,T5_regresi_mata
P32,TE,Tahan,12,83.3,0.51,45.8,4.01,11.6,7.0,81.2,1.31,0.6,T5_regresi_mata
P32,TE,Naik,12,100.0,0.43,51.2,2.76,8.9,7.0,87.5,1.34,0.67,T5_regresi_mata
P32,TE,Berdiri,12,100.0,0.53,51.3,1.16,33.8,10.5,87.5,1.02,0.84,T5_regresi_mata
P32,TE,Gerak,12,100.0,0.52,36.1,4.61,6.9,5.5,75.0,1.47,0.53,T5_ICAmata_CCAotot
P32,TE,Tahan,12,83.3,0.51,51.6,4.33,11.6,7.0,93.8,1.3,0.58,T5_ICAmata_CCAotot
P32,TE,Naik,12,100.0,0.43,57.0,3.63,8.9,7.0,100.0,1.22,0.64,T5_ICAmata_CCAotot
P32,TE,Berdiri,12,100.0,0.53,56.9,1.81,35.2,11.0,100.0,0.88,0.84,T5_ICAmata_CCAotot
