frame,t,raw,task,subphase
0,0.0,,UNKNOWN,
13,0.531,"cn
(s)
",UNKNOWN,
28,1.039,"reas
oS
",UNKNOWN,
42,1.51,"aa IAP
4)
",UNKNOWN,
58,2.038,"a IAP
4)
",UNKNOWN,
73,2.538,"a IAP
(3)
",UNKNOWN,
88,3.039,"- IAP
(3)
",UNKNOWN,
95,3.273,"a IAP
2)
",UNKNOWN,
98,3.371,"a IAP
2)
",UNKNOWN,
100,3.44,"a IAP
2)
",UNKNOWN,
101,3.468,"=
BERSIAP
2)
",BERSIAP,
102,3.51,"=
BERSIAP
(2)
",BERSIAP,
118,4.037,"=
BERSIAP
2)
",BERSIAP,
133,4.53,"BERSIAP
@)
",BERSIAP,
148,5.031,"BERSIAP
)
",BERSIAP,
149,5.065,"BERSIAP
)
",BERSIAP,
150,5.099,"BERSIAP
)
",BERSIAP,
151,5.134,"NGEED
~N
1
TURUN
",NGEED,TURUN
155,5.266,"NGEED
~
1
TURUN
",NGEED,TURUN
163,5.53,"NGEED
~
1
TURUN
",NGEED,TURUN
175,6.003,"NGEED
~
1
TURUN
",NGEED,TURUN
190,6.537,"NGEED
2
TURUN
",NGEED,TURUN
205,7.037,"NGEED
2 \
TURUN
",NGEED,TURUN
208,7.134,"NGEED
TURUN
",NGEED,TURUN
209,7.167,"NGEED
3)
",NGEED,
210,7.207,"NGEED
3)
",NGEED,
212,7.312,"NGEED
3)
",NGEED,
219,7.534,"NGEED
3)
",NGEED,
233,8.017,"NGEED
3)
",NGEED,
236,8.099,"NGEED
3)
",NGEED,
237,8.134,"NGEED
+)
TAHAN
",NGEED,TAHAN
238,8.169,"NGEED
)
TAHAN
",NGEED,TAHAN
240,8.239,"NGEED
>
TAHAN
",NGEED,TAHAN
248,8.502,"NGEED
>
TAHAN
",NGEED,TAHAN
263,9.002,"NGEED
+)
TAHAN
",NGEED,TAHAN
278,9.502,"NGEED
TAHAN
",NGEED,TAHAN
293,10.002,"NGEED
TAHAN
",NGEED,TAHAN
296,10.099,"NGEED
TAHAN
",NGEED,TAHAN
297,10.141,"NGEED
",NGEED,
298,10.168,"NGEED
",NGEED,
300,10.237,"NGEED
",NGEED,
307,10.503,"NGEED
Y
",NGEED,
322,11.002,"NGEED
Y
",NGEED,
325,11.099,"NGEED
Y
",NGEED,
326,11.141,"NGEED
)
NAIK
",NGEED,NAIK
327,11.168,"NGEED
)
NAIK
",NGEED,NAIK
329,11.237,"NGEED
(z)
NAIK
",NGEED,NAIK
337,11.501,"NGEED
(2)
NAIK
",NGEED,NAIK
352,12.002,"NGEED
(2)
NAIK
",NGEED,NAIK
355,12.099,"NGEED
(2)
NAIK
",NGEED,NAIK
356,12.14,"NGEED
(2)
",NGEED,
357,12.168,"NGEED
(2)
",NGEED,
359,12.237,"NGEED
(2)
",NGEED,
367,12.501,"NGEED
",NGEED,
382,13.002,"NGEED
",NGEED,
385,13.098,"NGEED
",NGEED,
386,13.14,"BERDIRI RILEKS
(g
a)
",BERDIRI RILEKS,
387,13.168,"BERDIRI RILEKS
(
a)
",BERDIRI RILEKS,
389,13.237,"BERDIRI RILEKS
(g
ey,
",BERDIRI RILEKS,
397,13.501,"BERDIRI RILEKS
(g
Yey
",BERDIRI RILEKS,
412,14.001,"BERDIRI RILEKS
fo»
8 |
Yo
",BERDIRI RILEKS,
427,14.501,"BERDIRI RILEKS
‘om \
| fj |
Yo
",BERDIRI RILEKS,
442,15.001,"BERDIRI RILEKS
‘om \
| fj |
Yo
",BERDIRI RILEKS,
457,15.5,"BERDIRI RILEKS
(6 )
Ne,
",BERDIRI RILEKS,
472,16.001,"BERDIRI RILEKS
(6 )
Ne,
",BERDIRI RILEKS,
487,16.5,"BERDIRI RILEKS
(5 \
Nee
",BERDIRI RILEKS,
502,17.001,"BERDIRI RILEKS
(5 \
Nee
",BERDIRI RILEKS,
517,17.501,"BERDIRI RILEKS
f.»
| 4 |
Vey
",BERDIRI RILEKS,
532,18.001,"BERDIRI RILEKS
f.»
| 4 |
Vey
",BERDIRI RILEKS,
547,18.5,"BERDIRI RILEKS
(3
Nee
",BERDIRI RILEKS,
562,19.001,"BERDIRI RILEKS
(3
Nee
",BERDIRI RILEKS,
577,19.5,"BERDIRI RILEKS
(2
Nee
",BERDIRI RILEKS,
592,20.0,"BERDIRI RILEKS
(2
Nee
",BERDIRI RILEKS,
607,20.5,"BERDIRI RILEKS
(1)
Nee
",BERDIRI RILEKS,
622,21.001,"BERDIRI RILEKS
(1)
Nee
",BERDIRI RILEKS,
625,21.097,"BERDIRI RILEKS
(1)
Nee
",BERDIRI RILEKS,
626,21.139,"NGEED
~
1
TURUN
",NGEED,TURUN
627,21.166,"NGEED
~
1
TURUN
",NGEED,TURUN
629,21.236,"NGEED
~
1
TURUN
",NGEED,TURUN
637,21.5,"NGEED
~
1
TURUN
",NGEED,TURUN
652,22.001,"NGEED
~
1
TURUN
",NGEED,TURUN
667,22.5,"NGEED
2 \
TURUN
",NGEED,TURUN
682,23.0,"NGEED
2
TURUN
",NGEED,TURUN
684,23.069,"NGEED
2
TURUN
",NGEED,TURUN
685,23.097,"NGEED
2
TURUN
",NGEED,TURUN
686,23.139,"NGEED
3)
",NGEED,
690,23.264,"NGEED
3)
",NGEED,
698,23.541,"NGEED
3)
",NGEED,
712,24.0,"NGEED
3)
",NGEED,
715,24.097,"NGEED
3)
",NGEED,
716,24.139,"NGEED
+)
TAHAN
",NGEED,TAHAN
717,24.166,"NGEED
+)
TAHAN
",NGEED,TAHAN
719,24.235,"NGEED
+)
TAHAN
",NGEED,TAHAN
727,24.5,"NGEED
>
TAHAN
",NGEED,TAHAN
742,25.0,"NGEED
>
TAHAN
",NGEED,TAHAN
758,25.541,"NGEED
TAHAN
",NGEED,TAHAN
772,26.0,"NGEED
TAHAN
",NGEED,TAHAN
774,26.069,"NGEED
TAHAN
",NGEED,TAHAN
775,26.096,"NGEED
TAHAN
",NGEED,TAHAN
776,26.138,"NGEED
NAIK )
",NGEED,NAIK
777,26.166,"NGEED
NAIK )
",NGEED,NAIK
778,26.208,"NGEED
",NGEED,
780,26.263,"NGEED
",NGEED,
788,26.541,"NGEED
3S
",NGEED,
802,27.0,"NGEED
3
",NGEED,
806,27.138,"NGEED
Y
",NGEED,
807,27.165,"NGEED
2
NAIK
",NGEED,NAIK
808,27.207,"NGEED
(Z)
NAIK
",NGEED,NAIK
810,27.263,"NGEED
(z)
NAIK
",NGEED,NAIK
818,27.541,"NGEED
(2)
NAIK
",NGEED,NAIK
833,28.041,"NGEED
(2)
NAIK
",NGEED,NAIK
836,28.138,"NGEED
(2)
NAIK
",NGEED,NAIK
837,28.165,"NGEED
(2)
",NGEED,
838,28.207,"NGEED
(2)
",NGEED,
840,28.263,"NGEED
",NGEED,
848,28.54,"NGEED
",NGEED,
863,29.04,"NGEED
",NGEED,
866,29.138,"NGEED
",NGEED,
867,29.165,"BERDIRI RILEKS
(g
ee,
",BERDIRI RILEKS,
868,29.207,"BERDIRI RILEKS
(g
ey,
",BERDIRI RILEKS,
870,29.262,"BERDIRI RILEKS
(8
Le)
",BERDIRI RILEKS,
878,29.54,"BERDIRI RILEKS
(g
ee,
",BERDIRI RILEKS,
892,30.0,"BERDIRI RILEKS
(g
\e/
",BERDIRI RILEKS,
907,30.505,"BERDIRI RILEKS
(7)
Ke
",BERDIRI RILEKS,
922,31.006,"BERDIRI RILEKS
(om
7 |
Vey
",BERDIRI RILEKS,
937,31.505,"BERDIRI RILEKS
(6
4 /
",BERDIRI RILEKS,
952,32.006,"BERDIRI RILEKS
(6
4 /
",BERDIRI RILEKS,
967,32.506,"BERDIRI RILEKS
(5
4 /
",BERDIRI RILEKS,
982,33.006,"BERDIRI RILEKS
(5
4 /
",BERDIRI RILEKS,
997,33.505,"BERDIRI RILEKS
a
4 |
Vey
",BERDIRI RILEKS,
1012,34.007,"BERDIRI RILEKS
fa»
4 |
Vey
",BERDIRI RILEKS,
1027,34.505,"BERDIRI RILEKS
(3
V7
",BERDIRI RILEKS,
1042,35.006,"BERDIRI RILEKS
(3
V7
",BERDIRI RILEKS,
1057,35.505,"BERDIRI RILEKS
(2
Ve /
",BERDIRI RILEKS,
1072,36.006,"BERDIRI RILEKS
(2
V7
",BERDIRI RILEKS,
1087,36.505,"BERDIRI RILEKS
(1
VP /
",BERDIRI RILEKS,
1102,37.005,"BERDIRI RILEKS
(1
V7
",BERDIRI RILEKS,
1105,37.102,"BERDIRI RILEKS
(1
V7
",BERDIRI RILEKS,
1106,37.129,"BERDIRI RILEKS
(1
V7
",BERDIRI RILEKS,
1107,37.171,"AGEM KANAN
~
1
TURUN
",AGEM KANAN,TURUN
1109,37.241,"AGEM KANAN
~
1
TURUN
",AGEM KANAN,TURUN
1117,37.504,"AGEM KANAN
~
1
TURUN
",AGEM KANAN,TURUN
1132,38.005,"AGEM KANAN
~
1
TURUN
",AGEM KANAN,TURUN
1147,38.504,"AGEM KANAN
2
TURUN
",AGEM KANAN,TURUN
1162,39.004,"AGEM KANAN
2
TURUN
",AGEM KANAN,TURUN
1165,39.102,"AGEM KANAN
2
TURUN
",AGEM KANAN,TURUN
1167,39.17,"AGEM KANAN
TURUN
",AGEM KANAN,TURUN
1168,39.199,"AGEM KANAN
TURUN
",AGEM KANAN,TURUN
1169,39.241,"AGEM KANAN
3)
",AGEM KANAN,
1177,39.505,"AGEM KANAN
3)
",AGEM KANAN,
1192,40.005,"AGEM KANAN
3)
",AGEM KANAN,
1195,40.101,"AGEM KANAN
3)
",AGEM KANAN,
1196,40.129,"AGEM KANAN
3)
",AGEM KANAN,
1197,40.171,"AGEM KANAN
+)
TAHAN
",AGEM KANAN,TAHAN
1199,40.24,"AGEM KANAN
*)
TAHAN
",AGEM KANAN,TAHAN
1207,40.504,"AGEM KANAN
+)
TAHAN
",AGEM KANAN,TAHAN
1222,41.004,"AGEM KANAN
>
TAHAN
",AGEM KANAN,TAHAN
1237,41.504,"AGEM KANAN
TAHAN )
",AGEM KANAN,TAHAN
1252,42.004,"AGEM KANAN
TAHAN )
",AGEM KANAN,TAHAN
1255,42.101,"AGEM KANAN
TAHAN )
",AGEM KANAN,TAHAN
1256,42.129,"AGEM KANAN
TAHAN )
",AGEM KANAN,TAHAN
1257,42.171,"AGEM KANAN
NAIK )
",AGEM KANAN,NAIK
1258,42.198,"AGEM KANAN
e NAIK )
",AGEM KANAN,NAIK
1259,42.24,"AGEM KANAN
",AGEM KANAN,
1267,42.504,"AGEM KANAN
Y
",AGEM KANAN,
1282,43.005,"AGEM KANAN
Y
",AGEM KANAN,
1285,43.101,"AGEM KANAN
Y
",AGEM KANAN,
1287,43.185,"AGEM KANAN
Y
",AGEM KANAN,
1288,43.198,"AGEM KANAN
(2)
NAIK
",AGEM KANAN,NAIK
1289,43.24,"AGEM KANAN
(Z)
NAIK
",AGEM KANAN,NAIK
1297,43.503,"AGEM KANAN
(2)
NAIK
",AGEM KANAN,NAIK
1312,44.004,"AGEM KANAN
(2)
NAIK
",AGEM KANAN,NAIK
1315,44.1,"AGEM KANAN
(2)
NAIK
",AGEM KANAN,NAIK
1316,44.129,"| AGEM KANAN
(2)
NAIK
",AGEM KANAN,NAIK
1317,44.17,"AGEM KANAN
(2)
",AGEM KANAN,
1319,44.24,"| AGEM KANAN
(8)
",AGEM KANAN,
1327,44.503,"AGEM KANAN
",AGEM KANAN,
1342,45.004,"AGEM KANAN
",AGEM KANAN,
1345,45.1,"AGEM KANAN
",AGEM KANAN,
1346,45.129,"AGEM KANAN
",AGEM KANAN,
1347,45.17,"BERDIRI RILEKS
( 8 )
Xo
",BERDIRI RILEKS,
1349,45.24,"BERDIRI RILEKS
( 8 )
\o
",BERDIRI RILEKS,
1357,45.503,"BERDIRI RILEKS
Yey
",BERDIRI RILEKS,
1372,46.003,"BERDIRI RILEKS
Yey
",BERDIRI RILEKS,
1387,46.503,"BERDIRI RILEKS
Nee,
",BERDIRI RILEKS,
1402,47.004,"BERDIRI RILEKS
Nee
",BERDIRI RILEKS,
1417,47.503,"BERDIRI RILEKS
(6
V7
",BERDIRI RILEKS,
1432,48.003,"BERDIRI RILEKS
(6
V7
",BERDIRI RILEKS,
1446,48.504,"BERDIRI RILEKS
(5 \
V7
",BERDIRI RILEKS,
1461,49.003,"BERDIRI RILEKS
(5 \
V7
",BERDIRI RILEKS,
1476,49.503,"BERDIRI RILEKS
f.»
| 4 |
Vey
",BERDIRI RILEKS,
1491,50.003,"BERDIRI RILEKS
f.»
| 4 |
Vey
",BERDIRI RILEKS,
1506,50.502,"BERDIRI RILEKS
(3
V7
",BERDIRI RILEKS,
1521,51.003,"BERDIRI RILEKS
(3
4 /
",BERDIRI RILEKS,
1536,51.502,"BERDIRI RILEKS
(2
Vt /
",BERDIRI RILEKS,
1551,52.003,"BERDIRI RILEKS
(2
VP /
",BERDIRI RILEKS,
1566,52.502,"BERDIRI RILEKS
( 1)
VF /
",BERDIRI RILEKS,
1581,53.002,"BERDIRI RILEKS
( 1)
VF /
",BERDIRI RILEKS,
1584,53.099,"BERDIRI RILEKS
( 1)
VF /
",BERDIRI RILEKS,
1585,53.127,"BERDIRI RILEKS
( 1)
VF /
",BERDIRI RILEKS,
1586,53.169,"AGEM KANAN
~
1
TURUN
",AGEM KANAN,TURUN
1588,53.239,"AGEM KANAN
~
1
TURUN
",AGEM KANAN,TURUN
1596,53.502,"AGEM KANAN
~
1
TURUN
",AGEM KANAN,TURUN
1611,54.002,"AGEM KANAN
~
1
TURUN
",AGEM KANAN,TURUN
1626,54.502,"AGEM KANAN
2
TURUN
",AGEM KANAN,TURUN
1641,55.002,"AGEM KANAN
2
TURUN
",AGEM KANAN,TURUN
1644,55.099,"AGEM KANAN
2
TURUN
",AGEM KANAN,TURUN
1646,55.168,"AGEM KANAN
2
TURUN
",AGEM KANAN,TURUN
1647,55.196,"AGEM KANAN
TURUN
",AGEM KANAN,TURUN
1648,55.238,"AGEM KANAN
3)
",AGEM KANAN,
1656,55.502,"AGEM KANAN
3)
",AGEM KANAN,
1671,56.002,"AGEM KANAN
3)
",AGEM KANAN,
1674,56.099,"AGEM KANAN
3)
",AGEM KANAN,
1676,56.169,"AGEM KANAN
3)
",AGEM KANAN,
1677,56.196,"AGEM KANAN
+)
TAHAN
",AGEM KANAN,TAHAN
1678,56.238,"AGEM KANAN
+)
TAHAN
",AGEM KANAN,TAHAN
1686,56.502,"AGEM KANAN
+)
TAHAN
",AGEM KANAN,TAHAN
1701,57.002,"AGEM KANAN
>
TAHAN
",AGEM KANAN,TAHAN
1716,57.501,"AGEM KANAN
TAHAN )
",AGEM KANAN,TAHAN
1731,58.002,"AGEM KANAN
TAHAN )
",AGEM KANAN,TAHAN
1734,58.098,"AGEM KANAN
TAHAN )
",AGEM KANAN,TAHAN
1735,58.14,"AGEM KANAN
NAIK )
",AGEM KANAN,NAIK
1736,58.168,"AGEM KANAN
NAIK )
",AGEM KANAN,NAIK
1737,58.196,"AGEM KANAN
Q NAIK )
",AGEM KANAN,NAIK
1738,58.237,"AGEM KANAN
",AGEM KANAN,
1746,58.501,"AGEM KANAN
Y
",AGEM KANAN,
1761,59.002,"AGEM KANAN
Y
",AGEM KANAN,
1764,59.098,"AGEM KANAN
Y
",AGEM KANAN,
1766,59.168,"AGEM KANAN
Y
",AGEM KANAN,
1767,59.196,"AGEM KANAN
2)
NAIK
",AGEM KANAN,NAIK
1768,59.237,"AGEM KANAN
2)
NAIK
",AGEM KANAN,NAIK
1776,59.501,"AGEM KANAN
(z)
NAIK
",AGEM KANAN,NAIK
1791,60.002,"AGEM KANAN
(2)
NAIK
",AGEM KANAN,NAIK
1794,60.098,"AGEM KANAN
(2)
NAIK
",AGEM KANAN,NAIK
1796,60.168,"AGEM KANAN
(2)
NAIK
",AGEM KANAN,NAIK
1797,60.195,"AGEM KANAN
(2)
",AGEM KANAN,
1798,60.237,"AGEM KANAN
(2)
",AGEM KANAN,
1806,60.501,"AGEM KANAN
",AGEM KANAN,
1821,61.002,"AGEM KANAN
",AGEM KANAN,
1824,61.098,"AGEM KANAN
",AGEM KANAN,
1826,61.167,"AGEM KANAN
",AGEM KANAN,
1827,61.195,"a
8
ew,
",UNKNOWN,
1828,61.237,"BERDIRI RILEKS
Ke \
| 8 |
",BERDIRI RILEKS,
1836,61.501,"BERDIRI RILEKS
a,
| 8 |
YeTy
",BERDIRI RILEKS,
1851,62.002,"BERDIRI RILEKS
le
| 8 |
Sane
",BERDIRI RILEKS,
1866,62.501,"BERDIRI RILEKS
~~
| 7 |
Sane
",BERDIRI RILEKS,
1881,63.001,"BERDIRI RILEKS
~~
| 7 |
Sane
",BERDIRI RILEKS,
1896,63.5,"BERDIRI RILEKS
(6
Na,
",BERDIRI RILEKS,
1911,64.001,"BERDIRI RILEKS
(6
Na,
",BERDIRI RILEKS,
1926,64.5,"BERDIRI RILEKS
(5 )
Ve /
",BERDIRI RILEKS,
1941,65.001,"BERDIRI RILEKS
(5 )
Ve /
",BERDIRI RILEKS,
1956,65.5,"BERDIRI RILEKS
f.»
4 |
Vey
",BERDIRI RILEKS,
1971,66.001,"BERDIRI RILEKS
f.»
4 |
Vey
",BERDIRI RILEKS,
1986,66.5,"BERDIRI RILEKS
(3
Ve /
",BERDIRI RILEKS,
2001,67.001,"BERDIRI RILEKS
(3
7
",BERDIRI RILEKS,
2016,67.5,"BERDIRI RILEKS
(2
Ve /
",BERDIRI RILEKS,
2031,68.0,"BERDIRI RILEKS
(2
Ve /
",BERDIRI RILEKS,
2046,68.5,"BERDIRI RILEKS
(1
V7
",BERDIRI RILEKS,
2061,69.0,"BERDIRI RILEKS
(1
Ve /
",BERDIRI RILEKS,
2065,69.139,"BERDIRI RILEKS
(1
Ve /
",BERDIRI RILEKS,
2066,69.166,"BERDIRI RILEKS
(1
Ve /
",BERDIRI RILEKS,
2067,69.208,"AGEM KIRI
~
1
TURUN
",AGEM KIRI,TURUN
2069,69.263,"AGEM KIRI
~
1
TURUN
",AGEM KIRI,TURUN
2077,69.541,"AGEM KIRI
~
1
TURUN
",AGEM KIRI,TURUN
2091,70.0,"AGEM KIRI
~
1
TURUN
",AGEM KIRI,TURUN
2107,70.527,"AGEM KIRI
2 \
TURUN
",AGEM KIRI,TURUN
2121,71.0,"AGEM KIRI
2 \
TURUN
",AGEM KIRI,TURUN
2125,71.139,"AGEM KIRI
2 \
TURUN
",AGEM KIRI,TURUN
2127,71.194,"AGEM KIRI
2 \
TURUN
",AGEM KIRI,TURUN
2128,71.235,"AGEM KIRI
3)
",AGEM KIRI,
2129,71.263,"AGEM KIRI
3)
",AGEM KIRI,
2137,71.541,"AGEM KIRI
3)
",AGEM KIRI,
2151,72.0,"AGEM KIRI
3)
",AGEM KIRI,
2154,72.097,"AGEM KIRI
3)
",AGEM KIRI,
2156,72.166,"AGEM KIRI
3)
",AGEM KIRI,
2157,72.208,"AGEM KIRI
+)
TAHAN
",AGEM KIRI,TAHAN
2158,72.235,"AGEM KIRI
+)
TAHAN
",AGEM KIRI,TAHAN
2166,72.5,"AGEM KIRI
+)
TAHAN
",AGEM KIRI,TAHAN
2182,73.027,"AGEM KIRI
+)
TAHAN
",AGEM KIRI,TAHAN
2197,73.527,"AGEM KIRI
TAHAN )
",AGEM KIRI,TAHAN
2212,74.041,"AGEM KIRI
TAHAN )
",AGEM KIRI,TAHAN
2215,74.138,"AGEM KIRI
TAHAN )
",AGEM KIRI,TAHAN
2216,74.165,"AGEM KIRI
TAHAN )
",AGEM KIRI,TAHAN
2217,74.193,"AGEM KIRI
NAIK )
",AGEM KIRI,NAIK
2218,74.235,"AGEM KIRI
",AGEM KIRI,
2219,74.263,"| AGEM KIRI
",AGEM KIRI,
2227,74.541,"AGEM KIRI
Y
",AGEM KIRI,
2242,75.04,"AGEM KIRI
Y
",AGEM KIRI,
2245,75.138,"AGEM KIRI
3
",AGEM KIRI,
2246,75.165,"AGEM KIRI
3
",AGEM KIRI,
2247,75.207,"AGEM KIRI
YD
NAIK
",AGEM KIRI,NAIK
2249,75.262,"AGEM KIRI
(Z)
NAIK
",AGEM KIRI,NAIK
2257,75.54,"AGEM KIRI
(2)
NAIK
",AGEM KIRI,NAIK
2272,76.041,"AGEM KIRI
(2)
NAIK
",AGEM KIRI,NAIK
2275,76.131,"AGEM KIRI
(2)
NAIK
",AGEM KIRI,NAIK
2276,76.165,"AGEM KIRI
(2)
NAIK
",AGEM KIRI,NAIK
2277,76.2,"AGEM KIRI
(8)
",AGEM KIRI,
2279,76.263,"AGEM KIRI
(2)
",AGEM KIRI,
2286,76.5,"AGEM KIRI
",AGEM KIRI,
2302,77.033,"AGEM KIRI
",AGEM KIRI,
2305,77.13,"AGEM KIRI
",AGEM KIRI,
2306,77.172,"BERDIRI RILEKS
(g
ey,
",BERDIRI RILEKS,
2307,77.2,"BERDIRI RILEKS
(g
ey,
",BERDIRI RILEKS,
2309,77.269,"BERDIRI RILEKS
(g
\e/
",BERDIRI RILEKS,
2316,77.505,"BERDIRI RILEKS
(g
7
",BERDIRI RILEKS,
2330,78.006,"BERDIRI RILEKS
fo»
8 |
es
",BERDIRI RILEKS,
2345,78.505,"BERDIRI RILEKS
(om
7 |
Vey
",BERDIRI RILEKS,
2361,79.033,"BERDIRI RILEKS
(om
7 |
Vey
",BERDIRI RILEKS,
2375,79.501,"BERDIRI RILEKS
(6
7
",BERDIRI RILEKS,
2391,80.048,"BERDIRI RILEKS
(6
7
",BERDIRI RILEKS,
2406,80.54,"BERDIRI RILEKS
(5 \
We 7
",BERDIRI RILEKS,
2420,81.017,"BERDIRI RILEKS
(5 )
We 7
",BERDIRI RILEKS,
2436,81.54,"BERDIRI RILEKS
7 om
4 |
Vey
",BERDIRI RILEKS,
2451,82.039,"BERDIRI RILEKS
7 om
4 |
Vey
",BERDIRI RILEKS,
2466,82.539,"BERDIRI RILEKS
(3
V7
",BERDIRI RILEKS,
2481,83.039,"BERDIRI RILEKS
(3
V7
",BERDIRI RILEKS,
2496,83.54,"BERDIRI RILEKS
7 a
! Z |
Vey
",BERDIRI RILEKS,
2511,84.039,"BERDIRI RILEKS
7 a
! Z |
Vey
",BERDIRI RILEKS,
2526,84.539,"BERDIRI RILEKS
(1
V7
",BERDIRI RILEKS,
2541,85.039,"BERDIRI RILEKS
(1
V7
",BERDIRI RILEKS,
2544,85.136,"BERDIRI RILEKS
(1
V7
",BERDIRI RILEKS,
2545,85.164,"BERDIRI RILEKS
(1
V7
",BERDIRI RILEKS,
2546,85.205,"AGEM KIRI
~
1
TURUN
",AGEM KIRI,TURUN
2548,85.261,"AGEM KIRI
~
1
TURUN
",AGEM KIRI,TURUN
2556,85.539,"AGEM KIRI
~
1
TURUN
",AGEM KIRI,TURUN
2571,86.039,"AGEM KIRI
~
1
TURUN
",AGEM KIRI,TURUN
2586,86.539,"AGEM KIRI
2
TURUN
",AGEM KIRI,TURUN
2601,87.039,"AGEM KIRI
2
TURUN
",AGEM KIRI,TURUN
2604,87.136,"AGEM KIRI
2
TURUN
",AGEM KIRI,TURUN
2606,87.205,"AGEM KIRI
TURUN
",AGEM KIRI,TURUN
2607,87.233,"AGEM KIRI
TURUN
",AGEM KIRI,TURUN
2608,87.261,"AGEM KIRI
3)
",AGEM KIRI,
2616,87.539,"AGEM KIRI
3)
",AGEM KIRI,
2631,88.039,"AGEM KIRI
3)
",AGEM KIRI,
2634,88.135,"AGEM KIRI
3)
",AGEM KIRI,
2635,88.163,"AGEM KIRI
3)
",AGEM KIRI,
2636,88.205,"AGEM KIRI
+)
TAHAN
",AGEM KIRI,TAHAN
2638,88.275,"AGEM KIRI
+)
TAHAN
",AGEM KIRI,TAHAN
2646,88.538,"AGEM KIRI
>
TAHAN
",AGEM KIRI,TAHAN
2660,89.012,"AGEM KIRI
+)
TAHAN
",AGEM KIRI,TAHAN
2676,89.538,"AGEM KIRI
TAHAN )
",AGEM KIRI,TAHAN
2691,90.038,"AGEM KIRI
TAHAN )
",AGEM KIRI,TAHAN
2694,90.135,"AGEM KIRI
TAHAN )
",AGEM KIRI,TAHAN
2695,90.163,"AGEM KIRI
TAHAN )
",AGEM KIRI,TAHAN
2696,90.205,"AGEM KIRI
NAIK )
",AGEM KIRI,NAIK
2697,90.232,"AGEM KIRI
NAIK )
",AGEM KIRI,NAIK
2698,90.26,"AGEM KIRI
",AGEM KIRI,
2706,90.538,"AGEM KIRI
Y
",AGEM KIRI,
2721,91.038,"AGEM KIRI
3
",AGEM KIRI,
2724,91.135,"AGEM KIRI
Y
",AGEM KIRI,
2725,91.163,"AGEM KIRI
Y
",AGEM KIRI,
2726,91.204,"AGEM KIRI
2D
NAIK
",AGEM KIRI,NAIK
2728,91.274,"AGEM KIRI
(Z)
NAIK
",AGEM KIRI,NAIK
2736,91.538,"AGEM KIRI
(2)
NAIK
",AGEM KIRI,NAIK
2751,92.038,"AGEM KIRI
(2)
NAIK
",AGEM KIRI,NAIK
2754,92.135,"AGEM KIRI
(2)
NAIK
",AGEM KIRI,NAIK
2755,92.163,"AGEM KIRI
(2)
NAIK
",AGEM KIRI,NAIK
2756,92.204,"AGEM KIRI
(2)
",AGEM KIRI,
2758,92.274,"AGEM KIRI
(2)
",AGEM KIRI,
2766,92.538,"AGEM KIRI
",AGEM KIRI,
2781,93.038,"AGEM KIRI
",AGEM KIRI,
2784,93.135,"AGEM KIRI
",AGEM KIRI,
2786,93.204,"AGEM KIRI
",AGEM KIRI,
2787,93.232,,UNKNOWN,
2788,93.274,,UNKNOWN,
2792,93.399,,UNKNOWN,
2793,93.427,,UNKNOWN,
2794,93.468,"ISTIRAHAT UTAMA
(es lf |
",ISTIRAHAT UTAMA,
2796,93.537,"ISTIRAHAT UTAMA
(es fo |
",ISTIRAHAT UTAMA,
2811,94.038,"ISTIRAHAT UTAMA
(oe | ID
",ISTIRAHAT UTAMA,
2826,94.537,"ISTIRAHAT UTAMA
(es fo | EO
",ISTIRAHAT UTAMA,
2840,95.01,"ISTIRAHAT UTAMA
[-on lf oo |
",ISTIRAHAT UTAMA,
2856,95.538,"ISTIRAHAT UTAMA
[-on lf oo |
",ISTIRAHAT UTAMA,
2871,96.037,"ISTIRAHAT UTAMA
[-on lf oo |
",ISTIRAHAT UTAMA,
2886,96.537,"ISTIRAHAT UTAMA
[-an |f oo | ED
",ISTIRAHAT UTAMA,
2901,97.037,"ISTIRAHAT UTAMA
[-an |f oo | ED
",ISTIRAHAT UTAMA,
2916,97.537,"ISTIRAHAT UTAMA
[-an |f oo | ED
",ISTIRAHAT UTAMA,
2930,98.01,"ISTIRAHAT UTAMA
[-an |f oo | EE
",ISTIRAHAT UTAMA,
2945,98.509,"ISTIRAHAT UTAMA
[-an |f oo | EE
",ISTIRAHAT UTAMA,
2961,99.037,"ISTIRAHAT UTAMA
[-an |f oo | EE
",ISTIRAHAT UTAMA,
2975,99.509,"ISTIRAHAT UTAMA
[-an |f oo | EE
",ISTIRAHAT UTAMA,
2991,100.037,"ISTIRAHAT UTAMA
[-an |f oo | EE
",ISTIRAHAT UTAMA,
3005,100.509,"ISTIRAHAT UTAMA
[-an |f om | EE
",ISTIRAHAT UTAMA,
3021,101.036,"ISTIRAHAT UTAMA
[-an |f om | EE
",ISTIRAHAT UTAMA,
3036,101.536,"ISTIRAHAT UTAMA
[-an |f on | EES
",ISTIRAHAT UTAMA,
3051,102.036,"ISTIRAHAT UTAMA
[-an |f on | EES
",ISTIRAHAT UTAMA,
3066,102.536,"ISTIRAHAT UTAMA
[-an |f oo | EEE
",ISTIRAHAT UTAMA,
3080,103.009,"ISTIRAHAT UTAMA
[-an |f oo | EEE
",ISTIRAHAT UTAMA,
3095,103.509,"ISTIRAHAT UTAMA
[-an |f oo | EEE
",ISTIRAHAT UTAMA,
3111,104.036,"ISTIRAHAT UTAMA
[-an |f oo | EEE
",ISTIRAHAT UTAMA,
3126,104.536,"ISTIRAHAT UTAMA
[-an |f on | EEE
",ISTIRAHAT UTAMA,
3141,105.036,"ISTIRAHAT UTAMA
[-an |f on | EEE
",ISTIRAHAT UTAMA,
3155,105.508,"ISTIRAHAT UTAMA
(es foo |
",ISTIRAHAT UTAMA,
3170,106.009,"ISTIRAHAT UTAMA
(es foo |
",ISTIRAHAT UTAMA,
3185,106.508,"ISTIRAHAT UTAMA
[-on lf oo | EE
",ISTIRAHAT UTAMA,
3200,107.009,"ISTIRAHAT UTAMA
[-on lf oo | EE
",ISTIRAHAT UTAMA,
3215,107.508,"ISTIRAHAT UTAMA
[-on lf oo | EE
",ISTIRAHAT UTAMA,
3231,108.035,"ISTIRAHAT UTAMA
[-on lf oo | EE
",ISTIRAHAT UTAMA,
3245,108.507,"ISTIRAHAT UTAMA
[-on lf oo | EE
",ISTIRAHAT UTAMA,
3260,109.008,"ISTIRAHAT UTAMA
[-on lf oo | EE
",ISTIRAHAT UTAMA,
3276,109.535,"ISTIRAHAT UTAMA
[-on lf oo | EE
",ISTIRAHAT UTAMA,
3290,110.008,"ISTIRAHAT UTAMA
[-on lf oo | EE
",ISTIRAHAT UTAMA,
3305,110.507,"ISTIRAHAT UTAMA
[-on lf oo | EE
",ISTIRAHAT UTAMA,
3320,111.008,"ISTIRAHAT UTAMA
[-on lf oo | EE
",ISTIRAHAT UTAMA,
3335,111.507,"ISTIRAHAT UTAMA
[-on |f oo | EE
",ISTIRAHAT UTAMA,
3350,112.008,"ISTIRAHAT UTAMA
[-on |f oo | EE
",ISTIRAHAT UTAMA,
3365,112.507,"ISTIRAHAT UTAMA
[-an lf om | ED
",ISTIRAHAT UTAMA,
3380,113.007,"ISTIRAHAT UTAMA
[-an lf om | ED
",ISTIRAHAT UTAMA,
3395,113.507,"ISTIRAHAT UTAMA
[-an lf om | ED
",ISTIRAHAT UTAMA,
3410,114.007,"ISTIRAHAT UTAMA
[-an lf om | ED
",ISTIRAHAT UTAMA,
3425,114.506,"ISTIRAHAT UTAMA
[-an |f on | EEE
",ISTIRAHAT UTAMA,
3440,115.007,"ISTIRAHAT UTAMA
[-an |f on | EEE
",ISTIRAHAT UTAMA,
3455,115.506,"ISTIRAHAT UTAMA
[-an |f on | EEE
",ISTIRAHAT UTAMA,
3470,116.007,"ISTIRAHAT UTAMA
[-an |f on | EEE
",ISTIRAHAT UTAMA,
3485,116.506,"ISTIRAHAT UTAMA
[-an |f on | EE
",ISTIRAHAT UTAMA,
3500,117.007,"ISTIRAHAT UTAMA
[-an |f on | EE
",ISTIRAHAT UTAMA,
3515,117.506,"ISTIRAHAT UTAMA
[-an |f on | EE
",ISTIRAHAT UTAMA,
3530,118.007,"ISTIRAHAT UTAMA
[-an |f on | EE
",ISTIRAHAT UTAMA,
3545,118.506,"ISTIRAHAT UTAMA
[-an |f on | EEE
",ISTIRAHAT UTAMA,
3560,119.006,"ISTIRAHAT UTAMA
[-an |f on | EEE
",ISTIRAHAT UTAMA,
3575,119.506,"ISTIRAHAT UTAMA
[-an |f on | EEE
",ISTIRAHAT UTAMA,
3590,120.007,"ISTIRAHAT UTAMA
[-an |f on | EEE
",ISTIRAHAT UTAMA,
3605,120.506,"ISTIRAHAT UTAMA
[-an |f on | EEE
",ISTIRAHAT UTAMA,
3620,121.006,"ISTIRAHAT UTAMA
[-an |f on | EEE
",ISTIRAHAT UTAMA,
3635,121.506,"ISTIRAHAT UTAMA
[-an |f on | EEE
",ISTIRAHAT UTAMA,
3650,122.006,"ISTIRAHAT UTAMA
[-an |f oo | EEE
",ISTIRAHAT UTAMA,
3665,122.506,"ISTIRAHAT UTAMA
[-on |f oo | CED
",ISTIRAHAT UTAMA,
3680,123.006,"ISTIRAHAT UTAMA
[-on |f oo | CED
",ISTIRAHAT UTAMA,
3695,123.505,"ISTIRAHAT UTAMA
[-on |f oo | CED
",ISTIRAHAT UTAMA,
3710,124.006,"ISTIRAHAT UTAMA
[-on |f oo | CED
",ISTIRAHAT UTAMA,
3725,124.505,"ISTIRAHAT UTAMA
[-an |f on | EEE
",ISTIRAHAT UTAMA,
3740,125.005,"ISTIRAHAT UTAMA
[-an |f on | EEE
",ISTIRAHAT UTAMA,
3755,125.505,"ISTIRAHAT UTAMA
[-an |f on | EEE
",ISTIRAHAT UTAMA,
3770,126.006,"ISTIRAHAT UTAMA
[-an |f on | EEE
",ISTIRAHAT UTAMA,
3785,126.505,"ISTIRAHAT UTAMA
[-on |f oo | EEE
",ISTIRAHAT UTAMA,
3800,127.005,"ISTIRAHAT UTAMA
[-on |f on | EE
",ISTIRAHAT UTAMA,
3815,127.505,"ISTIRAHAT UTAMA
[-an |f os | EEE
",ISTIRAHAT UTAMA,
3830,128.006,"ISTIRAHAT UTAMA
[-an |f os | EEE
",ISTIRAHAT UTAMA,
3845,128.505,"ISTIRAHAT UTAMA
[-an |f on | EEE
",ISTIRAHAT UTAMA,
3860,129.005,"ISTIRAHAT UTAMA
[-an |f on | EEE
",ISTIRAHAT UTAMA,
3875,129.504,"ISTIRAHAT UTAMA
[-an |f on | EEE
",ISTIRAHAT UTAMA,
3890,130.005,"ISTIRAHAT UTAMA
[-an |f on | EEE
",ISTIRAHAT UTAMA,
3905,130.504,"ISTIRAHAT UTAMA
[-an |f on | EEE
",ISTIRAHAT UTAMA,
3920,131.005,"ISTIRAHAT UTAMA
[-an |f on | EEE
",ISTIRAHAT UTAMA,
3935,131.504,"ISTIRAHAT UTAMA
[-an |f on | EEE
",ISTIRAHAT UTAMA,
3950,132.005,"ISTIRAHAT UTAMA
[-an |f on | EE
",ISTIRAHAT UTAMA,
3965,132.504,"ISTIRAHAT UTAMA
[-an lf on | EE
",ISTIRAHAT UTAMA,
3980,133.004,"ISTIRAHAT UTAMA
[-an lf on | EE
",ISTIRAHAT UTAMA,
3995,133.504,"ISTIRAHAT UTAMA
[-an |f oo | ED
",ISTIRAHAT UTAMA,
4010,134.005,"ISTIRAHAT UTAMA
[-an |f oo | ED
",ISTIRAHAT UTAMA,
4025,134.504,"ISTIRAHAT UTAMA
[-on lf on | EEE
",ISTIRAHAT UTAMA,
4040,135.004,"ISTIRAHAT UTAMA
[<n |f oo | EEE
",ISTIRAHAT UTAMA,
4055,135.503,"ISTIRAHAT UTAMA
[-an |f oo | EEE
",ISTIRAHAT UTAMA,
4070,136.004,"ISTIRAHAT UTAMA
[-an |f oo | EEE
",ISTIRAHAT UTAMA,
4085,136.503,"ISTIRAHAT UTAMA
[-on |[ om | EE
",ISTIRAHAT UTAMA,
4100,137.004,"ISTIRAHAT UTAMA
[-on |[ om | EE
",ISTIRAHAT UTAMA,
4115,137.503,"ISTIRAHAT UTAMA
[-on |[ om | EE
",ISTIRAHAT UTAMA,
4130,138.003,"ISTIRAHAT UTAMA
[-on |[ om | EE
",ISTIRAHAT UTAMA,
4145,138.503,"ISTIRAHAT UTAMA
[-an |f on | EEE
",ISTIRAHAT UTAMA,
4160,139.004,"ISTIRAHAT UTAMA
[-an |f on | EEE
",ISTIRAHAT UTAMA,
4175,139.503,"ISTIRAHAT UTAMA
[-an |f on | EEE
",ISTIRAHAT UTAMA,
4190,140.003,"ISTIRAHAT UTAMA
[-an |f on | EEE
",ISTIRAHAT UTAMA,
4205,140.503,"ISTIRAHAT UTAMA
[-an |f on | EEE
",ISTIRAHAT UTAMA,
4220,141.003,"ISTIRAHAT UTAMA
[-an |f on | EEE
",ISTIRAHAT UTAMA,
4235,141.502,"ISTIRAHAT UTAMA
[-an |f on | EEE
",ISTIRAHAT UTAMA,
4250,142.003,"ISTIRAHAT UTAMA
[-an lf om | CE
",ISTIRAHAT UTAMA,
4265,142.502,"ISTIRAHAT UTAMA
[-an lf oo | EE
",ISTIRAHAT UTAMA,
4280,143.003,"ISTIRAHAT UTAMA
[-an lf oo | EE
",ISTIRAHAT UTAMA,
4295,143.502,"ISTIRAHAT UTAMA
[-an lf oo | EE
",ISTIRAHAT UTAMA,
4310,144.003,"ISTIRAHAT UTAMA
[-an lf oo | EE
",ISTIRAHAT UTAMA,
4325,144.502,"ISTIRAHAT UTAMA
[-an lf oo | EE
",ISTIRAHAT UTAMA,
4340,145.003,"ISTIRAHAT UTAMA
[-an lf oo | EE
",ISTIRAHAT UTAMA,
4355,145.502,"ISTIRAHAT UTAMA
2:08
.
[-an |f on | EEE
",ISTIRAHAT UTAMA,
4370,146.002,"ISTIRAHAT UTAMA
2:08
.
[-an |f on | EEE
",ISTIRAHAT UTAMA,
4385,146.502,"ISTIRAHAT UTAMA
[-an lf os | EEE
",ISTIRAHAT UTAMA,
4400,147.002,"ISTIRAHAT UTAMA
[-an lf os | EEE
",ISTIRAHAT UTAMA,
4415,147.502,"ISTIRAHAT UTAMA
[-an lf os | EEE
",ISTIRAHAT UTAMA,
4430,148.002,"ISTIRAHAT UTAMA
[-an lf os | EEE
",ISTIRAHAT UTAMA,
4445,148.502,"ISTIRAHAT UTAMA
[-an |f on | EEE
",ISTIRAHAT UTAMA,
4460,149.002,"ISTIRAHAT UTAMA
[-an |f on | EEE
",ISTIRAHAT UTAMA,
4475,149.501,"ISTIRAHAT UTAMA
[-an |f on | EEE
",ISTIRAHAT UTAMA,
4490,150.002,"ISTIRAHAT UTAMA
[-an |f on | EEE
",ISTIRAHAT UTAMA,
4505,150.502,"ISTIRAHAT UTAMA
[-on |f oo | EE
",ISTIRAHAT UTAMA,
4520,151.002,"ISTIRAHAT UTAMA
[-on |f oo | EE
",ISTIRAHAT UTAMA,
4535,151.501,"ISTIRAHAT UTAMA
[-on |f oo | EE
",ISTIRAHAT UTAMA,
4550,152.002,"ISTIRAHAT UTAMA
[-on lf oo | EE
",ISTIRAHAT UTAMA,
4565,152.501,"ISTIRAHAT UTAMA
[-on lf oo | EE
",ISTIRAHAT UTAMA,
4580,153.002,"ISTIRAHAT UTAMA
[-on lf oo | EE
",ISTIRAHAT UTAMA,
4595,153.501,"ISTIRAHAT UTAMA
[-on lf oo | EE
",ISTIRAHAT UTAMA,
4610,154.001,"ISTIRAHAT UTAMA
[-on lf oo | EE
",ISTIRAHAT UTAMA,
4625,154.501,"ISTIRAHAT UTAMA
[-on lf oo | EE
",ISTIRAHAT UTAMA,
4640,155.001,"ISTIRAHAT UTAMA
[-on lf oo | EE
",ISTIRAHAT UTAMA,
4655,155.5,"ISTIRAHAT UTAMA
[-an |f on | EEE
",ISTIRAHAT UTAMA,
4670,156.001,"ISTIRAHAT UTAMA
[-an |f on | EEE
",ISTIRAHAT UTAMA,
4685,156.5,"ISTIRAHAT UTAMA
[-an |f on | EEE
",ISTIRAHAT UTAMA,
4700,157.001,"ISTIRAHAT UTAMA
[-an |f on | EEE
",ISTIRAHAT UTAMA,
4715,157.5,"ISTIRAHAT UTAMA
[-an |f on | EEE
",ISTIRAHAT UTAMA,
4730,158.001,"ISTIRAHAT UTAMA
[-an |f on | EEE
",ISTIRAHAT UTAMA,
4746,158.527,"ISTIRAHAT UTAMA
[-an |f on | EEE
",ISTIRAHAT UTAMA,
4760,159.008,"ISTIRAHAT UTAMA
[-an |f on | EEE
",ISTIRAHAT UTAMA,
4775,159.543,"ISTIRAHAT UTAMA
[-an |f on | EEE
",ISTIRAHAT UTAMA,
4789,160.0,"ISTIRAHAT UTAMA
[-an |f on | EEE
",ISTIRAHAT UTAMA,
4803,160.549,"ISTIRAHAT UTAMA
[-an |f oo | EEE
",ISTIRAHAT UTAMA,
4816,161.007,"ISTIRAHAT UTAMA
[-an |f oo | EEE
",ISTIRAHAT UTAMA,
4831,161.507,"ISTIRAHAT UTAMA
[-an |f oo | EEE
",ISTIRAHAT UTAMA,
4846,162.007,"ISTIRAHAT UTAMA
[-an |f oo | EEE
",ISTIRAHAT UTAMA,
4862,162.543,"ISTIRAHAT UTAMA
[-an |f oo | EEE
",ISTIRAHAT UTAMA,
4877,163.034,"ISTIRAHAT UTAMA
[-an |f oo | EEE
",ISTIRAHAT UTAMA,
4891,163.506,"ISTIRAHAT UTAMA
[-an |f oo | EEE
",ISTIRAHAT UTAMA,
4906,164.007,"ISTIRAHAT UTAMA
[-an |f oo | EEE
",ISTIRAHAT UTAMA,
4921,164.506,"ISTIRAHAT UTAMA
[-an |f oo | EE
",ISTIRAHAT UTAMA,
4936,165.002,"ISTIRAHAT UTAMA
[-an |f oo | EE
",ISTIRAHAT UTAMA,
4951,165.506,"ISTIRAHAT UTAMA
1:48
.
[-an |f on | EEE
",ISTIRAHAT UTAMA,
4966,166.007,"ISTIRAHAT UTAMA
1:48
.
[-an |f on | EEE
",ISTIRAHAT UTAMA,
4981,166.506,"ISTIRAHAT UTAMA
[-an |f on | EEE
",ISTIRAHAT UTAMA,
4996,167.006,"ISTIRAHAT UTAMA
[-an |f on | EEE
",ISTIRAHAT UTAMA,
5011,167.506,"ISTIRAHAT UTAMA
[-an |f on | EEE
",ISTIRAHAT UTAMA,
5026,168.007,"ISTIRAHAT UTAMA
[-an |f on | EEE
",ISTIRAHAT UTAMA,
5041,168.505,"ISTIRAHAT UTAMA
[-an |f on | EEE
",ISTIRAHAT UTAMA,
5056,169.007,"ISTIRAHAT UTAMA
[-an |f on | EEE
",ISTIRAHAT UTAMA,
5071,169.505,"ISTIRAHAT UTAMA
[-an |f on | EEE
",ISTIRAHAT UTAMA,
5086,170.006,"ISTIRAHAT UTAMA
[-an |f on | EEE
",ISTIRAHAT UTAMA,
5101,170.505,"ISTIRAHAT UTAMA
[-an |f on | EEE
",ISTIRAHAT UTAMA,
5116,171.006,"ISTIRAHAT UTAMA
[-an |f on | EEE
",ISTIRAHAT UTAMA,
5131,171.505,"ISTIRAHAT UTAMA
[-an |f on | EEE
",ISTIRAHAT UTAMA,
5146,172.006,"ISTIRAHAT UTAMA
[-an |f on | EEE
",ISTIRAHAT UTAMA,
5161,172.505,"ISTIRAHAT UTAMA
[-an |f on | EE
",ISTIRAHAT UTAMA,
5176,173.006,"ISTIRAHAT UTAMA
[-an |f on | EE
",ISTIRAHAT UTAMA,
5191,173.505,"ISTIRAHAT UTAMA
[-an |f on | EE
",ISTIRAHAT UTAMA,
5206,174.006,"ISTIRAHAT UTAMA
[-an |f on | EE
",ISTIRAHAT UTAMA,
5221,174.505,"ISTIRAHAT UTAMA
[-an |f oo | CE
",ISTIRAHAT UTAMA,
5236,175.005,"ISTIRAHAT UTAMA
[-an |f oo | CE
",ISTIRAHAT UTAMA,
5251,175.505,"ISTIRAHAT UTAMA
[-an |f oo | CE
",ISTIRAHAT UTAMA,
5266,176.005,"ISTIRAHAT UTAMA
[-an |f oo | EEE
",ISTIRAHAT UTAMA,
5281,176.504,"ISTIRAHAT UTAMA
[-an |f oo | EEE
",ISTIRAHAT UTAMA,
5296,177.005,"ISTIRAHAT UTAMA
[-an |f oo | EEE
",ISTIRAHAT UTAMA,
5311,177.505,"ISTIRAHAT UTAMA
[-an |f oo | EEE
",ISTIRAHAT UTAMA,
5326,178.005,"ISTIRAHAT UTAMA
[-an |f oo | EEE
",ISTIRAHAT UTAMA,
5341,178.504,"ISTIRAHAT UTAMA
[-an |f oo | EEE
",ISTIRAHAT UTAMA,
5356,179.004,"ISTIRAHAT UTAMA
[-an |f on | EEE
",ISTIRAHAT UTAMA,
5371,179.504,"ISTIRAHAT UTAMA
[-an |f on | EEE
",ISTIRAHAT UTAMA,
5386,180.004,"ISTIRAHAT UTAMA
[-an |f on | EEE
",ISTIRAHAT UTAMA,
5401,180.504,"ISTIRAHAT UTAMA
[-an |f on | EEE
",ISTIRAHAT UTAMA,
5416,181.005,"ISTIRAHAT UTAMA
[-an |f on | EEE
",ISTIRAHAT UTAMA,
5431,181.503,"ISTIRAHAT UTAMA
[-an |f on | EEE
",ISTIRAHAT UTAMA,
5446,182.004,"ISTIRAHAT UTAMA
[-an |f on | EEE
",ISTIRAHAT UTAMA,
5461,182.503,"ISTIRAHAT UTAMA
[-an |f oo | EEE
",ISTIRAHAT UTAMA,
5476,183.004,"ISTIRAHAT UTAMA
[-an |f oo | EEE
",ISTIRAHAT UTAMA,
5491,183.503,"ISTIRAHAT UTAMA
[-an |f oo | EEE
",ISTIRAHAT UTAMA,
5506,184.004,"ISTIRAHAT UTAMA
[-an |f oo | EEE
",ISTIRAHAT UTAMA,
5521,184.503,"ISTIRAHAT UTAMA
[-an |f oo | EEE
",ISTIRAHAT UTAMA,
5536,185.004,"ISTIRAHAT UTAMA
[-an |f oo | EEE
",ISTIRAHAT UTAMA,
5551,185.503,"ISTIRAHAT UTAMA
[-an |f oo | EEE
",ISTIRAHAT UTAMA,
5566,186.003,"ISTIRAHAT UTAMA
[-an |f on | EEE
",ISTIRAHAT UTAMA,
5581,186.503,"ISTIRAHAT UTAMA
[-an |f on | EEE
",ISTIRAHAT UTAMA,
5596,187.003,"ISTIRAHAT UTAMA
[-an |f on | EEE
",ISTIRAHAT UTAMA,
5611,187.503,"ISTIRAHAT UTAMA
[-an |f on | EEE
",ISTIRAHAT UTAMA,
5626,188.003,"ISTIRAHAT UTAMA
[-an |f on | EEE
",ISTIRAHAT UTAMA,
5641,188.503,"ISTIRAHAT UTAMA
[-an |f on | EEE
",ISTIRAHAT UTAMA,
5656,189.003,"ISTIRAHAT UTAMA
[<n |f oo | EEE
",ISTIRAHAT UTAMA,
5671,189.502,"ISTIRAHAT UTAMA
[-an |f on | EEE
",ISTIRAHAT UTAMA,
5686,190.002,"ISTIRAHAT UTAMA
[-an |f on | EEE
",ISTIRAHAT UTAMA,
5701,190.502,"ISTIRAHAT UTAMA
[-an |f on | EEE
",ISTIRAHAT UTAMA,
5716,191.003,"ISTIRAHAT UTAMA
[-an |f on | EEE
",ISTIRAHAT UTAMA,
5731,191.502,"ISTIRAHAT UTAMA
[-an |f on | EEE
",ISTIRAHAT UTAMA,
5746,192.003,"ISTIRAHAT UTAMA
[-an |f on | EEE
",ISTIRAHAT UTAMA,
5761,192.502,"ISTIRAHAT UTAMA
[-on lf oo | EE
",ISTIRAHAT UTAMA,
5776,193.003,"ISTIRAHAT UTAMA
[-on lf oo | EE
",ISTIRAHAT UTAMA,
5791,193.502,"ISTIRAHAT UTAMA
[-on lf oo | EE
",ISTIRAHAT UTAMA,
5806,194.002,"ISTIRAHAT UTAMA
[-on lf oo | EE
",ISTIRAHAT UTAMA,
5821,194.502,"ISTIRAHAT UTAMA
[-on lf oo | EE
",ISTIRAHAT UTAMA,
5836,195.002,"ISTIRAHAT UTAMA
[-on lf oo | EE
",ISTIRAHAT UTAMA,
5851,195.501,"ISTIRAHAT UTAMA
[-on lf oo | EE
",ISTIRAHAT UTAMA,
5866,196.002,"ISTIRAHAT UTAMA
[-an |f on | EEE
",ISTIRAHAT UTAMA,
5881,196.501,"ISTIRAHAT UTAMA
[-an |f on | EEE
",ISTIRAHAT UTAMA,
5896,197.002,"ISTIRAHAT UTAMA
[-an |f on | EEE
",ISTIRAHAT UTAMA,
5911,197.501,"ISTIRAHAT UTAMA
[-an |f on | EEE
",ISTIRAHAT UTAMA,
5926,198.002,"ISTIRAHAT UTAMA
[-an |f on | EEE
",ISTIRAHAT UTAMA,
5941,198.501,"ISTIRAHAT UTAMA
[-an |f on | EEE
",ISTIRAHAT UTAMA,
5956,199.002,"ISTIRAHAT UTAMA
[-an |f on | EEE
",ISTIRAHAT UTAMA,
5971,199.501,"ISTIRAHAT UTAMA
[-an |f on | EEE
",ISTIRAHAT UTAMA,
5986,200.002,"ISTIRAHAT UTAMA
[-an |f on | EEE
",ISTIRAHAT UTAMA,
6001,200.501,"ISTIRAHAT UTAMA
[-an |f on | EEE
",ISTIRAHAT UTAMA,
6016,201.002,"ISTIRAHAT UTAMA
[-an |f on | EEE
",ISTIRAHAT UTAMA,
6031,201.501,"ISTIRAHAT UTAMA
[-an |f on | EEE
",ISTIRAHAT UTAMA,
6046,202.001,"ISTIRAHAT UTAMA
[-an |f on | EEE
",ISTIRAHAT UTAMA,
6061,202.501,"ISTIRAHAT UTAMA
[-an |f oo | EEE
",ISTIRAHAT UTAMA,
6076,203.002,"ISTIRAHAT UTAMA
[-an |f oo | EEE
",ISTIRAHAT UTAMA,
6091,203.501,"ISTIRAHAT UTAMA
[-an |f oo | EEE
",ISTIRAHAT UTAMA,
6106,204.001,"ISTIRAHAT UTAMA
[-an |f oo | EEE
",ISTIRAHAT UTAMA,
6121,204.5,"ISTIRAHAT UTAMA
[-an |f oo | EEE
",ISTIRAHAT UTAMA,
6136,205.001,"ISTIRAHAT UTAMA
[-an |f oo | EEE
",ISTIRAHAT UTAMA,
6151,205.5,"ISTIRAHAT UTAMA
1:08
.
[-an |f oo | EEE
",ISTIRAHAT UTAMA,
6166,206.001,"ISTIRAHAT UTAMA
1:08
.
[-on lf oo | EE
",ISTIRAHAT UTAMA,
6181,206.5,"ISTIRAHAT UTAMA
[-an |f oo | EEE
",ISTIRAHAT UTAMA,
6196,207.001,"ISTIRAHAT UTAMA
[-an |f oo | EEE
",ISTIRAHAT UTAMA,
6211,207.5,"ISTIRAHAT UTAMA
[-an |f oo | EEE
",ISTIRAHAT UTAMA,
6226,208.001,"ISTIRAHAT UTAMA
[-an |f oo | EEE
",ISTIRAHAT UTAMA,
6242,208.527,"ISTIRAHAT UTAMA
[-an |f oo | EEE
",ISTIRAHAT UTAMA,
6256,209.0,"ISTIRAHAT UTAMA
[-an |f oo | EEE
",ISTIRAHAT UTAMA,
6271,209.5,"ISTIRAHAT UTAMA
[-an |f on | EEE
",ISTIRAHAT UTAMA,
6286,210.0,"ISTIRAHAT UTAMA
[-an |f on | EEE
",ISTIRAHAT UTAMA,
6301,210.5,"ISTIRAHAT UTAMA
[-an |f on | EEE
",ISTIRAHAT UTAMA,
6316,211.0,"ISTIRAHAT UTAMA
[-an |f on | EEE
",ISTIRAHAT UTAMA,
6332,211.527,"ISTIRAHAT UTAMA
[-an |f on | EEE
",ISTIRAHAT UTAMA,
6346,212.0,"ISTIRAHAT UTAMA
[-an |f on | EEE
",ISTIRAHAT UTAMA,
6362,212.527,"ISTIRAHAT UTAMA
[-an |f on | EEE
",ISTIRAHAT UTAMA,
6376,213.0,"ISTIRAHAT UTAMA
[-an |f on | EE
",ISTIRAHAT UTAMA,
6392,213.527,"ISTIRAHAT UTAMA
[-an |f on | EE
",ISTIRAHAT UTAMA,
6406,214.0,"ISTIRAHAT UTAMA
[-an |f on | EE
",ISTIRAHAT UTAMA,
6422,214.527,"ISTIRAHAT UTAMA
[-an |f on | EE
",ISTIRAHAT UTAMA,
6436,215.0,"ISTIRAHAT UTAMA
[-an |f on | EE
",ISTIRAHAT UTAMA,
6452,215.526,"ISTIRAHAT UTAMA
0:58
.
[-an |f on | EE
",ISTIRAHAT UTAMA,
6466,216.0,"ISTIRAHAT UTAMA
0:58
.
[-an |f on | EEE
",ISTIRAHAT UTAMA,
6482,216.54,"ISTIRAHAT UTAMA
[-an |f on | EEE
",ISTIRAHAT UTAMA,
6497,217.04,"ISTIRAHAT UTAMA
[-an |f on | EEE
",ISTIRAHAT UTAMA,
6512,217.526,"ISTIRAHAT UTAMA
[-an |f on | EEE
",ISTIRAHAT UTAMA,
6527,218.026,"ISTIRAHAT UTAMA
[-an |f on | EEE
",ISTIRAHAT UTAMA,
6542,218.54,"ISTIRAHAT UTAMA
[-an |f on | EEE
",ISTIRAHAT UTAMA,
6557,219.026,"ISTIRAHAT UTAMA
[-an |f on | EEE
",ISTIRAHAT UTAMA,
6572,219.526,"ISTIRAHAT UTAMA
[-an |f on | EEE
",ISTIRAHAT UTAMA,
6587,220.04,"ISTIRAHAT UTAMA
[-an |f on | EEE
",ISTIRAHAT UTAMA,
6602,220.526,"ISTIRAHAT UTAMA
[-an |f on | EEE
",ISTIRAHAT UTAMA,
6617,221.026,"ISTIRAHAT UTAMA
[-an |f on | EEE
",ISTIRAHAT UTAMA,
6632,221.54,"ISTIRAHAT UTAMA
[-an |f on | EEE
",ISTIRAHAT UTAMA,
6647,222.039,"ISTIRAHAT UTAMA
[-an |f on | EEE
",ISTIRAHAT UTAMA,
6662,222.525,"ISTIRAHAT UTAMA
[-an |f on | EEE
",ISTIRAHAT UTAMA,
6677,223.039,"ISTIRAHAT UTAMA
[-an |f oo | EEE
",ISTIRAHAT UTAMA,
6692,223.54,"ISTIRAHAT UTAMA
[-an |f oo | EEE
",ISTIRAHAT UTAMA,
6707,224.039,"ISTIRAHAT UTAMA
[-an |f oo | EEE
",ISTIRAHAT UTAMA,
6722,224.539,"ISTIRAHAT UTAMA
0:49
.
[-an |f oo | EEE
",ISTIRAHAT UTAMA,
6737,225.039,"ISTIRAHAT UTAMA
0:49
.
[-an |f oo | EEE
",ISTIRAHAT UTAMA,
6752,225.538,"ISTIRAHAT UTAMA
0:48
.
[-an |f oo | EEE
",ISTIRAHAT UTAMA,
6767,226.039,"ISTIRAHAT UTAMA
0:48
.
[<n |f oo | EEE
",ISTIRAHAT UTAMA,
6782,226.538,"ISTIRAHAT UTAMA
[-an |f on | EEE
",ISTIRAHAT UTAMA,
6797,227.038,"ISTIRAHAT UTAMA
[-an |f on | EEE
",ISTIRAHAT UTAMA,
6812,227.538,"ISTIRAHAT UTAMA
0:46
.
[-an |f on | EEE
",ISTIRAHAT UTAMA,
6827,228.038,"ISTIRAHAT UTAMA
0:46
.
[-an |f on | EEE
",ISTIRAHAT UTAMA,
6842,228.538,"ISTIRAHAT UTAMA
[-an |f on | EEE
",ISTIRAHAT UTAMA,
6857,229.038,"ISTIRAHAT UTAMA
[-an |f on | EEE
",ISTIRAHAT UTAMA,
6872,229.538,"ISTIRAHAT UTAMA
0:44
.
[-an |f on | EEE
",ISTIRAHAT UTAMA,
6887,230.038,"ISTIRAHAT UTAMA
0:44
.
[-an |f on | EEE
",ISTIRAHAT UTAMA,
6902,230.538,"ISTIRAHAT UTAMA
[-an |f on | EEE
",ISTIRAHAT UTAMA,
6917,231.038,"ISTIRAHAT UTAMA
[-an |f on | EEE
",ISTIRAHAT UTAMA,
6932,231.538,"ISTIRAHAT UTAMA
[-an |f on | EEE
",ISTIRAHAT UTAMA,
6947,232.038,"ISTIRAHAT UTAMA
[-an |f on | EEE
",ISTIRAHAT UTAMA,
6962,232.538,"ISTIRAHAT UTAMA
[-an |f on | EEE
",ISTIRAHAT UTAMA,
6977,233.038,"ISTIRAHAT UTAMA
[-an |f on | EEE
",ISTIRAHAT UTAMA,
6992,233.537,"ISTIRAHAT UTAMA
0:40
.
[-an |f on | EEE
",ISTIRAHAT UTAMA,
7007,234.037,"ISTIRAHAT UTAMA
0:40
.
[-an |f on | EEE
",ISTIRAHAT UTAMA,
7022,234.537,"ISTIRAHAT UTAMA
[-an |f on | EEE
",ISTIRAHAT UTAMA,
7037,235.037,"ISTIRAHAT UTAMA
[-an |f on | EEE
",ISTIRAHAT UTAMA,
7052,235.537,"ISTIRAHAT UTAMA
0:38
.
[-an |f on | EEE
",ISTIRAHAT UTAMA,
7067,236.037,"ISTIRAHAT UTAMA
0:38
.
[-an |f on | EEE
",ISTIRAHAT UTAMA,
7082,236.537,"ISTIRAHAT UTAMA
[-an lf oo | ED
",ISTIRAHAT UTAMA,
7097,237.037,"ISTIRAHAT UTAMA
[-on lf oo | EEE
",ISTIRAHAT UTAMA,
7112,237.537,"ISTIRAHAT UTAMA
[-on lf oo | EEE
",ISTIRAHAT UTAMA,
7127,238.038,"ISTIRAHAT UTAMA
[-on lf oo | EE
",ISTIRAHAT UTAMA,
7142,238.536,"ISTIRAHAT UTAMA
[-on lf oo | EE
",ISTIRAHAT UTAMA,
7157,239.036,"ISTIRAHAT UTAMA
[-on lf oo | EE
",ISTIRAHAT UTAMA,
7172,239.536,"ISTIRAHAT UTAMA
[-an |f on | EEE
",ISTIRAHAT UTAMA,
7187,240.036,"ISTIRAHAT UTAMA
[-an |f oo | EEE
",ISTIRAHAT UTAMA,
7202,240.536,"ISTIRAHAT UTAMA
[-an |f oo | EEE
",ISTIRAHAT UTAMA,
7217,241.036,"ISTIRAHAT UTAMA
[-an |f oo | EEE
",ISTIRAHAT UTAMA,
7232,241.536,"ISTIRAHAT UTAMA
[-an |f oo | EEE
",ISTIRAHAT UTAMA,
7247,242.036,"ISTIRAHAT UTAMA
[-an |f oo | EEE
",ISTIRAHAT UTAMA,
7262,242.536,"ISTIRAHAT UTAMA
[-an |f oo | EEE
",ISTIRAHAT UTAMA,
7277,243.036,"ISTIRAHAT UTAMA
[-an |f on | EEE
",ISTIRAHAT UTAMA,
7292,243.536,"ISTIRAHAT UTAMA
[-an |f on | EEE
",ISTIRAHAT UTAMA,
7307,244.038,"ISTIRAHAT UTAMA
[-an |f on | EEE
",ISTIRAHAT UTAMA,
7322,244.537,"ISTIRAHAT UTAMA
[-an |f on | EEE
",ISTIRAHAT UTAMA,
7336,245.008,"ISTIRAHAT UTAMA
[-an |f on | EEE
",ISTIRAHAT UTAMA,
7351,245.508,"ISTIRAHAT UTAMA
0:28
.
[-an |f on | EEE
",ISTIRAHAT UTAMA,
7367,246.035,"ISTIRAHAT UTAMA
0:28
.
[-an |f on | EEE
",ISTIRAHAT UTAMA,
7381,246.508,"ISTIRAHAT UTAMA
[-an |f on | EEE
",ISTIRAHAT UTAMA,
7397,247.035,"ISTIRAHAT UTAMA
[-an |f on | EEE
",ISTIRAHAT UTAMA,
7412,247.535,"ISTIRAHAT UTAMA
[-an |f on | EEE
",ISTIRAHAT UTAMA,
7427,248.035,"ISTIRAHAT UTAMA
[-an |f on | EEE
",ISTIRAHAT UTAMA,
7442,248.535,"ISTIRAHAT UTAMA
[-an |f on | EEE
",ISTIRAHAT UTAMA,
7457,249.035,"ISTIRAHAT UTAMA
[-an |f on | EEE
",ISTIRAHAT UTAMA,
7472,249.535,"ISTIRAHAT UTAMA
[-an |f on | EEE
",ISTIRAHAT UTAMA,
7487,250.035,"ISTIRAHAT UTAMA
[-an |f on | EEE
",ISTIRAHAT UTAMA,
7501,250.508,"ISTIRAHAT UTAMA
[-an |f on | EEE
",ISTIRAHAT UTAMA,
7516,251.008,"ISTIRAHAT UTAMA
[-an |f on | EEE
",ISTIRAHAT UTAMA,
7532,251.534,"ISTIRAHAT UTAMA
[-an |f on | EEE
",ISTIRAHAT UTAMA,
7547,252.035,"ISTIRAHAT UTAMA
[-an |f on | EEE
",ISTIRAHAT UTAMA,
7561,252.507,"ISTIRAHAT UTAMA
[-an |f on | EEE
",ISTIRAHAT UTAMA,
7577,253.034,"ISTIRAHAT UTAMA
[-an |f on | EEE
",ISTIRAHAT UTAMA,
7591,253.507,"ISTIRAHAT UTAMA
[-an |f on | EEE
",ISTIRAHAT UTAMA,
7607,254.034,"ISTIRAHAT UTAMA
[-an |f on | EEE
",ISTIRAHAT UTAMA,
7621,254.506,"ISTIRAHAT UTAMA
[-an |f on | EEE
",ISTIRAHAT UTAMA,
7637,255.034,"ISTIRAHAT UTAMA
[-an |f on | EEE
",ISTIRAHAT UTAMA,
7651,255.506,"ISTIRAHAT UTAMA
0:18
.
[-an |f on | EEE
",ISTIRAHAT UTAMA,
7666,256.007,"ISTIRAHAT UTAMA
0:18
.
[-an |f on | EEE
",ISTIRAHAT UTAMA,
7682,256.534,"ISTIRAHAT UTAMA
[-an |f on | EEE
",ISTIRAHAT UTAMA,
7697,257.034,"ISTIRAHAT UTAMA
[-an |f on | EEE
",ISTIRAHAT UTAMA,
7712,257.534,"ISTIRAHAT UTAMA
[-an |f on | EEE
",ISTIRAHAT UTAMA,
7726,258.007,"ISTIRAHAT UTAMA
[-an |f on | EEE
",ISTIRAHAT UTAMA,
7742,258.534,"ISTIRAHAT UTAMA
[-an |f on | EEE
",ISTIRAHAT UTAMA,
7757,259.034,"ISTIRAHAT UTAMA
[-an |f on | EEE
",ISTIRAHAT UTAMA,
7772,259.534,"ISTIRAHAT UTAMA
[-an |f on | EEE
",ISTIRAHAT UTAMA,
7787,260.033,"ISTIRAHAT UTAMA
[-an |f on | EEE
",ISTIRAHAT UTAMA,
7802,260.533,"ISTIRAHAT UTAMA
[-an |f on | EEE
",ISTIRAHAT UTAMA,
7817,261.033,"ISTIRAHAT UTAMA
[-an |f on | EEE
",ISTIRAHAT UTAMA,
7831,261.506,"ISTIRAHAT UTAMA
[-an |f on | EEE
",ISTIRAHAT UTAMA,
7847,262.033,"ISTIRAHAT UTAMA
[-an |f on | EEE
",ISTIRAHAT UTAMA,
7861,262.505,"ISTIRAHAT UTAMA
[-an |f on | EEE
",ISTIRAHAT UTAMA,
7876,263.006,"ISTIRAHAT UTAMA
[-an |f on | EEE
",ISTIRAHAT UTAMA,
7891,263.505,"ISTIRAHAT UTAMA
[-an |f on | EEE
",ISTIRAHAT UTAMA,
7906,264.006,"ISTIRAHAT UTAMA
[-an |f on | EEE
",ISTIRAHAT UTAMA,
7921,264.505,"ISTIRAHAT UTAMA
0:09
.
[-an |f on | EEE
",ISTIRAHAT UTAMA,
7936,265.006,"ISTIRAHAT UTAMA
0:09
.
[-an |f on | EEE
",ISTIRAHAT UTAMA,
7951,265.505,"ISTIRAHAT UTAMA
0:08
.
[-an |f on | EEE
",ISTIRAHAT UTAMA,
7966,266.006,"ISTIRAHAT UTAMA
0:08
.
[-an |f on | EEE
",ISTIRAHAT UTAMA,
7981,266.505,"ISTIRAHAT UTAMA
[-an |f on | EEE
",ISTIRAHAT UTAMA,
7996,267.006,"ISTIRAHAT UTAMA
[-an |f on | EEE
",ISTIRAHAT UTAMA,
8011,267.504,"ISTIRAHAT UTAMA
0:06
.
[-an |f on | EEE
",ISTIRAHAT UTAMA,
8026,268.005,"ISTIRAHAT UTAMA
0:06
.
[-an |f on | EEE
",ISTIRAHAT UTAMA,
8041,268.505,"ISTIRAHAT UTAMA
[-an |f on | EEE
",ISTIRAHAT UTAMA,
8056,269.005,"ISTIRAHAT UTAMA
[-an |f on | EEE
",ISTIRAHAT UTAMA,
8071,269.504,"ISTIRAHAT UTAMA
0:04
.
[-an |f on | EEE
",ISTIRAHAT UTAMA,
8086,270.005,"ISTIRAHAT UTAMA
0:04
.
[-on lf oo | EE
",ISTIRAHAT UTAMA,
8101,270.504,"ISTIRAHAT UTAMA
[-an |f oo | EEE
",ISTIRAHAT UTAMA,
8116,271.005,"ISTIRAHAT UTAMA
[-an |f oo | EEE
",ISTIRAHAT UTAMA,
8131,271.504,"ISTIRAHAT UTAMA
[-an |f oo | EEE
",ISTIRAHAT UTAMA,
8146,272.004,"ISTIRAHAT UTAMA
[-an |f oo | EEE
",ISTIRAHAT UTAMA,
8161,272.504,"ISTIRAHAT UTAMA
[-an |f oo | EEE
",ISTIRAHAT UTAMA,
8176,273.005,"ISTIRAHAT UTAMA
[-an |f oo | EEE
",ISTIRAHAT UTAMA,
8179,273.101,"ISTIRAHAT UTAMA
[-an |f oo | EEE
",ISTIRAHAT UTAMA,
8181,273.17,"ISTIRAHAT UTAMA
[<n |f oo | EEE
",ISTIRAHAT UTAMA,
8182,273.198,"ISTIRAHAT UTAMA
[-an |f on | EEE
",ISTIRAHAT UTAMA,
8183,273.227,"BERSIAP
(5 )
Nas
",BERSIAP,
8187,273.365,"BERSIAP
(s)
",BERSIAP,
8188,273.392,"ra
ts,
",UNKNOWN,
8189,273.434,"ra
ts,
",UNKNOWN,
8191,273.503,"ra
ts,
",UNKNOWN,
8206,274.004,"ra
ts,
",UNKNOWN,
8221,274.503,"(aX
Ss,
",UNKNOWN,
8236,275.004,"(ay
Ss,
",UNKNOWN,
8251,275.503,"ra
Sa,
",UNKNOWN,
8266,276.003,"ra
Sa,
",UNKNOWN,
8281,276.503,">)
Ss,
",UNKNOWN,
8282,276.531,"BERSIAP
(>
ar
",BERSIAP,
8284,276.6,"BERSIAP
(>
/
",BERSIAP,
8288,276.739,"BERSIAP
(>
ar
",BERSIAP,
8296,277.003,"BERSIAP
(>
ar
",BERSIAP,
8311,277.503,"BERSIAP
( ay
ar
",BERSIAP,
8326,278.003,"BERSIAP
( ~~
ar
",BERSIAP,
8329,278.1,"BERSIAP
( ~~
ar
",BERSIAP,
8331,278.169,"BERSIAP
( ~~
ar
",BERSIAP,
8332,278.197,"BERSIAP
( ~~
ar
",BERSIAP,
8333,278.239,"NGEED
~
1
TURUN
",NGEED,TURUN
8341,278.503,"NGEED
~
1
TURUN
",NGEED,TURUN
8356,279.003,"NGEED
~
1
TURUN
",NGEED,TURUN
8371,279.502,"NGEED
2 \
TURUN
",NGEED,TURUN
8386,280.003,"NGEED
2 \
TURUN
",NGEED,TURUN
8389,280.099,"NGEED
2 \
TURUN
",NGEED,TURUN
8391,280.169,"NGEED
2 \
TURUN
",NGEED,TURUN
8392,280.197,"NGEED
2 \
TURUN
",NGEED,TURUN
8393,280.239,"NGEED
3)
",NGEED,
8401,280.503,"NGEED
3)
",NGEED,
8416,281.003,"NGEED
3)
",NGEED,
8419,281.099,"NGEED
3)
",NGEED,
8421,281.169,"NGEED
3)
",NGEED,
8422,281.197,"NGEED
3)
",NGEED,
8423,281.239,"NGEED
+)
TAHAN
",NGEED,TAHAN
8431,281.502,"NGEED
>
TAHAN
",NGEED,TAHAN
8446,282.003,"NGEED
>
TAHAN
",NGEED,TAHAN
8461,282.502,"NGEED
TAHAN
",NGEED,TAHAN
8476,283.003,"NGEED
TAHAN
",NGEED,TAHAN
8483,283.238,"NGEED
TAHAN
",NGEED,TAHAN
8484,283.266,"| NGEED
",NGEED,
8485,283.294,"NGEED
",NGEED,
8487,283.363,"NGEED
",NGEED,
8491,283.502,"NGEED
Y
",NGEED,
8506,284.003,"NGEED
Y
",NGEED,
8509,284.099,"NGEED
Y
",NGEED,
8511,284.168,"NGEED
Y
",NGEED,
8512,284.196,"NGEED
Y
",NGEED,
8513,284.238,"NGEED
YD)
NAIK
",NGEED,NAIK
8521,284.502,"NGEED
(2)
NAIK
",NGEED,NAIK
8536,285.003,"NGEED
(2)
NAIK
",NGEED,NAIK
8543,285.238,"NGEED
(2)
NAIK
",NGEED,NAIK
8544,285.266,"NGEED
(2)
",NGEED,
8545,285.293,"NGEED
(2)
",NGEED,
8547,285.363,"NGEED
",NGEED,
8551,285.502,"NGEED
",NGEED,
8566,286.002,"NGEED
",NGEED,
8569,286.099,"NGEED
",NGEED,
8571,286.168,"NGEED
",NGEED,
8572,286.196,"NGEED
",NGEED,
8573,286.238,"BERDIRI RILEKS
(g
ey,
",BERDIRI RILEKS,
8581,286.501,"BERDIRI RILEKS
fo»
| 8 |
Nee,
",BERDIRI RILEKS,
8596,287.002,"BERDIRI RILEKS
(— 8 )
Ne,
",BERDIRI RILEKS,
8611,287.501,"BERDIRI RILEKS
(— 7)
Le)
",BERDIRI RILEKS,
8626,288.002,"BERDIRI RILEKS
( 7)
Le
",BERDIRI RILEKS,
8641,288.502,"BERDIRI RILEKS
(— 6 )
Ne,
",BERDIRI RILEKS,
8656,289.002,"BERDIRI RILEKS
(— 6 )
Ne,
",BERDIRI RILEKS,
8671,289.501,"BERDIRI RILEKS
(— 5
|
ey,
",BERDIRI RILEKS,
8686,290.001,"BERDIRI RILEKS
(5
V7
",BERDIRI RILEKS,
8701,290.501,"BERDIRI RILEKS
f.»
4 |
Vey
",BERDIRI RILEKS,
8716,291.002,"BERDIRI RILEKS
f.»
4 |
Vey
",BERDIRI RILEKS,
8731,291.501,"BERDIRI RILEKS
(3
Ve /
",BERDIRI RILEKS,
8746,292.001,"BERDIRI RILEKS
(3
Ve /
",BERDIRI RILEKS,
8761,292.501,"BERDIRI RILEKS
(2
Ve /
",BERDIRI RILEKS,
8776,293.002,"BERDIRI RILEKS
(2
Ve /
",BERDIRI RILEKS,
8791,293.501,"BERDIRI RILEKS
(1
Ve /
",BERDIRI RILEKS,
8806,294.001,"BERDIRI RILEKS
(1
Ve /
",BERDIRI RILEKS,
8809,294.097,"BERDIRI RILEKS
(1
Ve /
",BERDIRI RILEKS,
8811,294.167,"BERDIRI RILEKS
(1
Ve /
",BERDIRI RILEKS,
8812,294.195,"BERDIRI RILEKS
(1
Ve /
",BERDIRI RILEKS,
8813,294.237,"NGEED
~
1
TURUN
",NGEED,TURUN
8821,294.5,"NGEED
~
1
TURUN
",NGEED,TURUN
8836,295.001,"NGEED
~
1
TURUN
",NGEED,TURUN
8851,295.5,"NGEED
2 \
TURUN
",NGEED,TURUN
8866,296.0,"NGEED
2
TURUN
",NGEED,TURUN
8869,296.097,"NGEED
2
TURUN
",NGEED,TURUN
8871,296.167,"NGEED
2
TURUN
",NGEED,TURUN
8872,296.195,"NGEED
2
TURUN
",NGEED,TURUN
8873,296.236,"NGEED
3)
",NGEED,
8881,296.5,"NGEED
3)
",NGEED,
8896,297.0,"NGEED
3)
",NGEED,
8903,297.236,"NGEED
3)
",NGEED,
8904,297.264,"NGEED
+)
TAHAN
",NGEED,TAHAN
8905,297.291,"NGEED
+)
TAHAN
",NGEED,TAHAN
8907,297.362,"NGEED
+)
TAHAN
",NGEED,TAHAN
8911,297.5,"NGEED
>
TAHAN
",NGEED,TAHAN
8926,298.0,"NGEED
>
TAHAN
",NGEED,TAHAN
8941,298.501,"NGEED
TAHAN
",NGEED,TAHAN
8956,299.0,"NGEED
TAHAN
",NGEED,TAHAN
8963,299.236,"NGEED
TAHAN
",NGEED,TAHAN
8964,299.263,"NGEED
NAIK )
",NGEED,NAIK
8965,299.291,"NGEED
",NGEED,
8967,299.362,"NGEED
",NGEED,
8971,299.5,"NGEED
Y
",NGEED,
8986,300.0,"NGEED
Y
",NGEED,
8993,300.235,"NGEED
Y)
",NGEED,
8994,300.263,"NGEED
QD
NAIK
",NGEED,NAIK
8995,300.291,"NGEED
)
NAIK
",NGEED,NAIK
8997,300.361,"NGEED
(z)
NAIK
",NGEED,NAIK
9001,300.5,"NGEED
(2)
NAIK
",NGEED,NAIK
9016,301.0,"NGEED
(2)
NAIK
",NGEED,NAIK
9020,301.138,"NGEED
(2)
NAIK
",NGEED,NAIK
9022,301.194,"NGEED
(2)
NAIK
",NGEED,NAIK
9023,301.235,"NGEED
(2)
NAIK
",NGEED,NAIK
9024,301.263,"NGEED
(2)
",NGEED,
9032,301.527,"NGEED
",NGEED,
9046,302.0,"NGEED
",NGEED,
9054,302.263,"NGEED
",NGEED,
9055,302.305,"BERDIRI RILEKS
(g
ey,
",BERDIRI RILEKS,
9056,302.332,"BERDIRI RILEKS
(g
Ye
",BERDIRI RILEKS,
9058,302.402,"BERDIRI RILEKS
(g
Yey
",BERDIRI RILEKS,
9062,302.527,"BERDIRI RILEKS
(g
Yey
",BERDIRI RILEKS,
9076,303.0,"BERDIRI RILEKS
~~,
8 |
Ne,
",BERDIRI RILEKS,
9092,303.527,"BERDIRI RILEKS
{om
| 7 |
aes
",BERDIRI RILEKS,
9107,304.027,"BERDIRI RILEKS
{om
| 7 |
aes
",BERDIRI RILEKS,
9122,304.527,"BERDIRI RILEKS
(6
Ve /
",BERDIRI RILEKS,
9137,305.026,"BERDIRI RILEKS
(6
Ve /
",BERDIRI RILEKS,
9152,305.526,"BERDIRI RILEKS
(5 )
V7
",BERDIRI RILEKS,
9167,306.026,"BERDIRI RILEKS
(5 )
V7
",BERDIRI RILEKS,
9182,306.526,"BERDIRI RILEKS
f.»
4 |
Vey
",BERDIRI RILEKS,
9197,307.026,"BERDIRI RILEKS
fa»
4 |
Vey
",BERDIRI RILEKS,
9212,307.526,"BERDIRI RILEKS
(3
Ve /
",BERDIRI RILEKS,
9227,308.026,"BERDIRI RILEKS
(3
Ve /
",BERDIRI RILEKS,
9242,308.526,"BERDIRI RILEKS
(2
Ve /
",BERDIRI RILEKS,
9257,309.026,"BERDIRI RILEKS
(2
Ve /
",BERDIRI RILEKS,
9272,309.526,"BERDIRI RILEKS
(1
Ve /
",BERDIRI RILEKS,
9287,310.026,"BERDIRI RILEKS
(1
Ve /
",BERDIRI RILEKS,
9294,310.262,"BERDIRI RILEKS
( 1)
4 /
",BERDIRI RILEKS,
9295,310.304,"AGEM KANAN
~
1
TURUN
",AGEM KANAN,TURUN
9296,310.331,"AGEM KANAN
~
1
TURUN
",AGEM KANAN,TURUN
9298,310.401,"AGEM KANAN
~
1
TURUN
",AGEM KANAN,TURUN
9302,310.526,"AGEM KANAN
~
1
TURUN
",AGEM KANAN,TURUN
9317,311.026,"AGEM KANAN
~
1
TURUN
",AGEM KANAN,TURUN
9332,311.54,"AGEM KANAN
2
TURUN
",AGEM KANAN,TURUN
9347,312.025,"AGEM KANAN
2
TURUN
",AGEM KANAN,TURUN
9354,312.261,"AGEM KANAN
2 \
TURUN
",AGEM KANAN,TURUN
9355,312.303,"AGEM KANAN
TURUN
",AGEM KANAN,TURUN
9356,312.331,"AGEM KANAN
3)
",AGEM KANAN,
9358,312.4,"AGEM KANAN
3)
",AGEM KANAN,
9362,312.525,"AGEM KANAN
3)
",AGEM KANAN,
9377,313.039,"AGEM KANAN
3)
",AGEM KANAN,
9384,313.261,"AGEM KANAN
3)
",AGEM KANAN,
9385,313.303,"AGEM KANAN
+)
TAHAN
",AGEM KANAN,TAHAN
9386,313.331,"AGEM KANAN
4)
TAHAN
",AGEM KANAN,TAHAN
9388,313.4,"AGEM KANAN
+)
TAHAN
",AGEM KANAN,TAHAN
9392,313.525,"AGEM KANAN
>
TAHAN
",AGEM KANAN,TAHAN
9407,314.025,"AGEM KANAN
>
TAHAN
",AGEM KANAN,TAHAN
9422,314.525,"AGEM KANAN
TAHAN )
",AGEM KANAN,TAHAN
9437,315.025,"AGEM KANAN
TAHAN )
",AGEM KANAN,TAHAN
9444,315.262,"AGEM KANAN
TAHAN )
",AGEM KANAN,TAHAN
9445,315.303,"AGEM KANAN
",AGEM KANAN,
9446,315.33,"AGEM KANAN
",AGEM KANAN,
9448,315.401,"AGEM KANAN
",AGEM KANAN,
9452,315.525,"AGEM KANAN
Y)
",AGEM KANAN,
9467,316.025,"AGEM KANAN
Y
",AGEM KANAN,
9474,316.261,"AGEM KANAN
Y
",AGEM KANAN,
9475,316.302,"AGEM KANAN
2D
NAIK
",AGEM KANAN,NAIK
9476,316.33,"AGEM KANAN
)
NAIK
",AGEM KANAN,NAIK
9478,316.401,"AGEM KANAN
(z)
NAIK
",AGEM KANAN,NAIK
9482,316.539,"AGEM KANAN
(2)
NAIK
",AGEM KANAN,NAIK
9497,317.025,"AGEM KANAN
(2)
NAIK
",AGEM KANAN,NAIK
9504,317.261,"AGEM KANAN
(2)
NAIK
",AGEM KANAN,NAIK
9505,317.303,"AGEM KANAN
(2)
",AGEM KANAN,
9506,317.33,"AGEM KANAN
(2)
",AGEM KANAN,
9508,317.4,"AGEM KANAN
(8)
",AGEM KANAN,
9512,317.525,"AGEM KANAN
",AGEM KANAN,
9527,318.038,"AGEM KANAN
",AGEM KANAN,
9534,318.26,"AGEM KANAN
",AGEM KANAN,
9535,318.302,"BERDIRI RILEKS
%
",BERDIRI RILEKS,
9536,318.33,"BERDIRI RILEKS
_,
| 8
Yo?
",BERDIRI RILEKS,
9538,318.4,"BERDIRI RILEKS
_
| 8
Yo?
",BERDIRI RILEKS,
9542,318.538,"BERDIRI RILEKS
_
| 8
Yo?
",BERDIRI RILEKS,
9557,319.024,"BERDIRI RILEKS
(g
47
",BERDIRI RILEKS,
9572,319.538,"BERDIRI RILEKS
fm
| 7 |
X27
",BERDIRI RILEKS,
9587,320.038,"BERDIRI RILEKS
fom
| 7 |
ae
",BERDIRI RILEKS,
9602,320.538,"BERDIRI RILEKS
(6
Ve /
",BERDIRI RILEKS,
9617,321.038,"BERDIRI RILEKS
(6
V7
",BERDIRI RILEKS,
9632,321.538,"BERDIRI RILEKS
(5
ue /
",BERDIRI RILEKS,
9647,322.038,"BERDIRI RILEKS
(5
ue /
",BERDIRI RILEKS,
9662,322.538,"BERDIRI RILEKS
a
! 4 |
Vey
",BERDIRI RILEKS,
9677,323.037,"BERDIRI RILEKS
a
! 4 |
Vey
",BERDIRI RILEKS,
9692,323.538,"BERDIRI RILEKS
(3
V7
",BERDIRI RILEKS,
9707,324.038,"BERDIRI RILEKS
(3
Ve /
",BERDIRI RILEKS,
9722,324.537,"BERDIRI RILEKS
(2
Ve /
",BERDIRI RILEKS,
9737,325.039,"BERDIRI RILEKS
(2
Ve /
",BERDIRI RILEKS,
9752,325.538,"BERDIRI RILEKS
(1
VF /
",BERDIRI RILEKS,
9767,326.037,"BERDIRI RILEKS
(1
VF /
",BERDIRI RILEKS,
9774,326.259,"BERDIRI RILEKS
(1
VF /
",BERDIRI RILEKS,
9775,326.302,"BERDIRI RILEKS
(1
VF /
",BERDIRI RILEKS,
9776,326.329,"AGEM KANAN
~
1
TURUN
",AGEM KANAN,TURUN
9778,326.398,"AGEM KANAN
~
1
TURUN
",AGEM KANAN,TURUN
9782,326.537,"AGEM KANAN
~
1
TURUN
",AGEM KANAN,TURUN
9797,327.037,"AGEM KANAN
~
1
TURUN
",AGEM KANAN,TURUN
9812,327.537,"AGEM KANAN
2
TURUN
",AGEM KANAN,TURUN
9827,328.037,"AGEM KANAN
2
TURUN
",AGEM KANAN,TURUN
9834,328.259,"AGEM KANAN
2
TURUN
",AGEM KANAN,TURUN
9835,328.302,"AGEM KANAN
2
TURUN
",AGEM KANAN,TURUN
9836,328.328,"AGEM KANAN
3)
",AGEM KANAN,
9838,328.398,"AGEM KANAN
3)
",AGEM KANAN,
9842,328.538,"AGEM KANAN
3)
",AGEM KANAN,
9857,329.037,"AGEM KANAN
3)
",AGEM KANAN,
9864,329.259,"AGEM KANAN
3)
",AGEM KANAN,
9865,329.301,"AGEM KANAN
+)
TAHAN
",AGEM KANAN,TAHAN
9866,329.328,"AGEM KANAN
+)
TAHAN
",AGEM KANAN,TAHAN
9868,329.398,"AGEM KANAN
+)
TAHAN
",AGEM KANAN,TAHAN
9872,329.537,"AGEM KANAN
+)
TAHAN
",AGEM KANAN,TAHAN
9887,330.038,"AGEM KANAN
+)
TAHAN
",AGEM KANAN,TAHAN
9902,330.538,"AGEM KANAN
TAHAN )
",AGEM KANAN,TAHAN
9917,331.036,"AGEM KANAN
TAHAN )
",AGEM KANAN,TAHAN
9924,331.259,"AGEM KANAN
TAHAN )
",AGEM KANAN,TAHAN
9925,331.301,"AGEM KANAN
TAHAN )
",AGEM KANAN,TAHAN
9926,331.328,"AGEM KANAN
q NAIK )
",AGEM KANAN,NAIK
9927,331.369,"AGEM KANAN
",AGEM KANAN,
9928,331.397,"AGEM KANAN
",AGEM KANAN,
9932,331.536,"AGEM KANAN
3
",AGEM KANAN,
9947,332.036,"AGEM KANAN
oS
",AGEM KANAN,
9954,332.259,"AGEM KANAN
oS
",AGEM KANAN,
9955,332.3,"AGEM KANAN
QD
NAIK
",AGEM KANAN,NAIK
9956,332.328,"AGEM KANAN
YD
NAIK
",AGEM KANAN,NAIK
9958,332.397,"AGEM KANAN
(Z)
NAIK
",AGEM KANAN,NAIK
9962,332.536,"AGEM KANAN
(2)
NAIK
",AGEM KANAN,NAIK
9977,333.036,"AGEM KANAN
(2)
NAIK
",AGEM KANAN,NAIK
9984,333.273,"AGEM KANAN
(2)
NAIK
",AGEM KANAN,NAIK
9985,333.3,"AGEM KANAN
(2)
NAIK
",AGEM KANAN,NAIK
9986,333.328,"AGEM KANAN
(2)
",AGEM KANAN,
9988,333.397,"AGEM KANAN
(2)
",AGEM KANAN,
9992,333.536,"AGEM KANAN
",AGEM KANAN,
10007,334.037,"| AGEM KANAN
",AGEM KANAN,
10014,334.258,"| AGEM KANAN
",AGEM KANAN,
10015,334.3,"BERDIRI RILEKS
(g
\e/
",BERDIRI RILEKS,
10016,334.327,"BERDIRI RILEKS
fs
Le)
",BERDIRI RILEKS,
10018,334.397,"BERDIRI RILEKS
fs
Le)
",BERDIRI RILEKS,
10022,334.536,"BERDIRI RILEKS
fs
Le)
",BERDIRI RILEKS,
10037,335.036,"BERDIRI RILEKS
(g
ew,
",BERDIRI RILEKS,
10052,335.536,"BERDIRI RILEKS
(7)
Ke
",BERDIRI RILEKS,
10067,336.035,"BERDIRI RILEKS
(7)
Ke
",BERDIRI RILEKS,
10082,336.536,"BERDIRI RILEKS
(6
ey,
",BERDIRI RILEKS,
10097,337.036,"BERDIRI RILEKS
(6
ey,
",BERDIRI RILEKS,
10112,337.535,"BERDIRI RILEKS
(5)
VP /
",BERDIRI RILEKS,
10127,338.035,"BERDIRI RILEKS
(5)
VP /
",BERDIRI RILEKS,
10142,338.535,"BERDIRI RILEKS
fa»
4 |
Vey
",BERDIRI RILEKS,
10157,339.036,"BERDIRI RILEKS
fa»
4 |
Vey
",BERDIRI RILEKS,
10172,339.535,"BERDIRI RILEKS
(3
7
",BERDIRI RILEKS,
10187,340.035,"BERDIRI RILEKS
(3
7
",BERDIRI RILEKS,
10202,340.535,"BERDIRI RILEKS
(2
4 /
",BERDIRI RILEKS,
10217,341.035,"BERDIRI RILEKS
(2
4 /
",BERDIRI RILEKS,
10232,341.535,"BERDIRI RILEKS
( 1)
4 /
",BERDIRI RILEKS,
10247,342.035,"BERDIRI RILEKS
( 1)
4 /
",BERDIRI RILEKS,
10254,342.271,"BERDIRI RILEKS
( 1)
4 /
",BERDIRI RILEKS,
10255,342.299,"BERDIRI RILEKS
( 1)
4 /
",BERDIRI RILEKS,
10256,342.326,"AGEM KIRI
~
1
TURUN
",AGEM KIRI,TURUN
10258,342.396,"AGEM KIRI
~
1
TURUN
",AGEM KIRI,TURUN
10262,342.535,"AGEM KIRI
~
1
TURUN
",AGEM KIRI,TURUN
10277,343.035,"AGEM KIRI
~
1
TURUN
",AGEM KIRI,TURUN
10292,343.535,"AGEM KIRI
2
TURUN
",AGEM KIRI,TURUN
10307,344.035,"AGEM KIRI
2
TURUN
",AGEM KIRI,TURUN
10314,344.271,"AGEM KIRI
2
TURUN
",AGEM KIRI,TURUN
10316,344.326,"AGEM KIRI
TURUN
",AGEM KIRI,TURUN
10317,344.368,"AGEM KIRI
3)
",AGEM KIRI,
10318,344.396,"AGEM KIRI
3)
",AGEM KIRI,
10322,344.535,"AGEM KIRI
3)
",AGEM KIRI,
10337,345.035,"AGEM KIRI
3)
",AGEM KIRI,
10344,345.27,"AGEM KIRI
3)
",AGEM KIRI,
10345,345.298,"AGEM KIRI
3)
",AGEM KIRI,
10346,345.326,"AGEM KIRI
+)
TAHAN
",AGEM KIRI,TAHAN
10348,345.396,"AGEM KIRI
+)
TAHAN
",AGEM KIRI,TAHAN
10352,345.534,"AGEM KIRI
+)
TAHAN
",AGEM KIRI,TAHAN
10367,346.034,"AGEM KIRI
+)
TAHAN
",AGEM KIRI,TAHAN
10382,346.534,"AGEM KIRI
TAHAN )
",AGEM KIRI,TAHAN
10397,347.034,"AGEM KIRI
TAHAN )
",AGEM KIRI,TAHAN
10404,347.27,"AGEM KIRI
TAHAN )
",AGEM KIRI,TAHAN
10405,347.298,"AGEM KIRI
TAHAN )
",AGEM KIRI,TAHAN
10406,347.325,"AGEM KIRI
NAIK )
",AGEM KIRI,NAIK
10407,347.367,"AGEM KIRI
",AGEM KIRI,
10408,347.395,"AGEM KIRI
",AGEM KIRI,
10412,347.534,"AGEM KIRI
Y
",AGEM KIRI,
10427,348.035,"| AGEM KIRI
Y
",AGEM KIRI,
10434,348.27,"| AGEM KIRI
Y
",AGEM KIRI,
10435,348.298,"| AGEM KIRI
YD
NAIK
",AGEM KIRI,NAIK
10436,348.34,"AGEM KIRI
(Z)
NAIK
",AGEM KIRI,NAIK
10438,348.395,"AGEM KIRI
(Z)
NAIK
",AGEM KIRI,NAIK
10442,348.534,"AGEM KIRI
(2)
NAIK
",AGEM KIRI,NAIK
10457,349.034,"AGEM KIRI
(2)
NAIK
",AGEM KIRI,NAIK
10464,349.27,"AGEM KIRI
(2)
NAIK
",AGEM KIRI,NAIK
10465,349.298,"AGEM KIRI
(2)
NAIK
",AGEM KIRI,NAIK
10466,349.325,"AGEM KIRI
(8)
",AGEM KIRI,
10468,349.395,"AGEM KIRI
(2)
",AGEM KIRI,
10472,349.533,"AGEM KIRI
",AGEM KIRI,
10487,350.034,"AGEM KIRI
",AGEM KIRI,
10494,350.27,"AGEM KIRI
",AGEM KIRI,
10495,350.297,"AGEM KIRI
",AGEM KIRI,
10496,350.339,"BERDIRI RILEKS
(sg
ye
",BERDIRI RILEKS,
10498,350.395,"BERDIRI RILEKS
(sg
Ye
",BERDIRI RILEKS,
10502,350.533,"BERDIRI RILEKS
(g
ye /
",BERDIRI RILEKS,
10517,351.033,"BERDIRI RILEKS
(— 8 )
Nae,
",BERDIRI RILEKS,
10532,351.533,"BERDIRI RILEKS
(— 7)
Le
",BERDIRI RILEKS,
10547,352.033,"BERDIRI RILEKS
(— 7)
Le
",BERDIRI RILEKS,
10562,352.533,"BERDIRI RILEKS
( 6 )
Ne,
",BERDIRI RILEKS,
10576,353.006,"BERDIRI RILEKS
( 6 )
Nw,
",BERDIRI RILEKS,
10592,353.533,"BERDIRI RILEKS
(— s \
|
ae,
",BERDIRI RILEKS,
10607,354.033,"BERDIRI RILEKS
(5)
V7
",BERDIRI RILEKS,
10621,354.505,"BERDIRI RILEKS
f.»
4 |
Vey
",BERDIRI RILEKS,
10637,355.033,"BERDIRI RILEKS
f.»
4 |
Vey
",BERDIRI RILEKS,
10652,355.532,"BERDIRI RILEKS
(3
Ve /
",BERDIRI RILEKS,
10667,356.034,"BERDIRI RILEKS
(3
V7
",BERDIRI RILEKS,
10681,356.505,"BERDIRI RILEKS
(2
V7
",BERDIRI RILEKS,
10696,357.005,"BERDIRI RILEKS
(2
V7
",BERDIRI RILEKS,
10711,357.505,"BERDIRI RILEKS
(1
Ve /
",BERDIRI RILEKS,
10726,358.006,"BERDIRI RILEKS
(1
Ve /
",BERDIRI RILEKS,
10734,358.269,"BERDIRI RILEKS
(1
Ve /
",BERDIRI RILEKS,
10735,358.296,"BERDIRI RILEKS
(1
Ve /
",BERDIRI RILEKS,
10736,358.338,"AGEM KIRI
~
1
TURUN
",AGEM KIRI,TURUN
10738,358.394,"AGEM KIRI
~
1
TURUN
",AGEM KIRI,TURUN
10742,358.532,"AGEM KIRI
~
1
TURUN
",AGEM KIRI,TURUN
10756,359.005,"AGEM KIRI
~
1
TURUN
",AGEM KIRI,TURUN
10771,359.505,"AGEM KIRI
2
TURUN
",AGEM KIRI,TURUN
10786,360.005,"AGEM KIRI
2 \
TURUN
",AGEM KIRI,TURUN
10793,360.226,"AGEM KIRI
2 \
TURUN
",AGEM KIRI,TURUN
10795,360.296,"AGEM KIRI
2 \
TURUN
",AGEM KIRI,TURUN
10796,360.337,"AGEM KIRI
2 \
TURUN
",AGEM KIRI,TURUN
10797,360.365,"AGEM KIRI
3)
",AGEM KIRI,
10801,360.504,"AGEM KIRI
3)
",AGEM KIRI,
10816,361.005,"AGEM KIRI
3)
",AGEM KIRI,
10823,361.24,"AGEM KIRI
3)
",AGEM KIRI,
10825,361.296,"AGEM KIRI
3)
",AGEM KIRI,
10826,361.337,"AGEM KIRI
3)
",AGEM KIRI,
10827,361.365,"AGEM KIRI
+)
TAHAN
",AGEM KIRI,TAHAN
10831,361.504,"AGEM KIRI
+)
TAHAN
",AGEM KIRI,TAHAN
10846,362.005,"AGEM KIRI
>
TAHAN
",AGEM KIRI,TAHAN
10861,362.504,"AGEM KIRI
TAHAN )
",AGEM KIRI,TAHAN
10876,363.004,"AGEM KIRI
TAHAN )
",AGEM KIRI,TAHAN
10883,363.226,"AGEM KIRI
TAHAN )
",AGEM KIRI,TAHAN
10885,363.295,"AGEM KIRI
TAHAN )
",AGEM KIRI,TAHAN
10886,363.337,"AGEM KIRI
TAHAN )
",AGEM KIRI,TAHAN
10887,363.365,"AGEM KIRI
",AGEM KIRI,
10891,363.504,"AGEM KIRI
Y)
",AGEM KIRI,
10906,364.005,"AGEM KIRI
Y
",AGEM KIRI,
10913,364.226,"AGEM KIRI
3
",AGEM KIRI,
10915,364.295,"AGEM KIRI
3
",AGEM KIRI,
10916,364.337,"AGEM KIRI
3
",AGEM KIRI,
10917,364.365,"AGEM KIRI
2D
NAIK
",AGEM KIRI,NAIK
10921,364.504,"AGEM KIRI
(2)
NAIK
",AGEM KIRI,NAIK
10936,365.004,"AGEM KIRI
(2)
NAIK
",AGEM KIRI,NAIK
10943,365.226,"AGEM KIRI
(2)
NAIK
",AGEM KIRI,NAIK
10945,365.295,"AGEM KIRI
(2)
NAIK
",AGEM KIRI,NAIK
10946,365.337,"AGEM KIRI
(2)
NAIK
",AGEM KIRI,NAIK
10947,365.365,"AGEM KIRI
(2)
",AGEM KIRI,
10951,365.504,"AGEM KIRI
",AGEM KIRI,
10966,366.005,"AGEM KIRI
",AGEM KIRI,
10973,366.225,"AGEM KIRI
",AGEM KIRI,
10976,366.337,"AGEM KIRI
",AGEM KIRI,
10977,366.367,"STIMULUS
",UNKNOWN,
10978,366.455,"Berdiri Fokus
Mata Terbuka
(30 Detik)
",BERDIRI FOKUS MATA TERBUKA,
10980,366.519,"Berdiri Fokus
Mata Terbuka
(30 Detik)
",BERDIRI FOKUS MATA TERBUKA,
10995,367.004,"Berdiri Fokus
Mata Terbuka
(30 Detik)
",BERDIRI FOKUS MATA TERBUKA,
11010,367.503,"Berdiri Fokus
Mata Terbuka
(30 Detik)
",BERDIRI FOKUS MATA TERBUKA,
11025,368.004,"Berdiri Fokus
Mata Terbuka
(30 Detik)
",BERDIRI FOKUS MATA TERBUKA,
11040,368.503,"Berdiri Fokus
Mata Terbuka
(30 Detik)
",BERDIRI FOKUS MATA TERBUKA,
11055,369.003,"Berdiri Fokus
Mata Terbuka
(30 Detik)
",BERDIRI FOKUS MATA TERBUKA,
11070,369.503,"Berdiri Fokus
Mata Terbuka
(30 Detik)
",BERDIRI FOKUS MATA TERBUKA,
11085,370.003,"Berdiri Fokus
Mata Terbuka
(30 Detik)
",BERDIRI FOKUS MATA TERBUKA,
11100,370.503,"Berdiri Fokus
Mata Terbuka
(30 Detik)
",BERDIRI FOKUS MATA TERBUKA,
11115,371.002,"Berdiri Fokus
Mata Terbuka
(30 Detik)
",BERDIRI FOKUS MATA TERBUKA,
11130,371.503,"Berdiri Fokus
Mata Terbuka
(30 Detik)
",BERDIRI FOKUS MATA TERBUKA,
11145,372.003,"Berdiri Fokus
Mata Terbuka
(30 Detik)
",BERDIRI FOKUS MATA TERBUKA,
11160,372.502,"Berdiri Fokus
Mata Terbuka
(30 Detik)
",BERDIRI FOKUS MATA TERBUKA,
11175,373.003,"Berdiri Fokus
Mata Terbuka
(30 Detik)
",BERDIRI FOKUS MATA TERBUKA,
11190,373.502,"Berdiri Fokus
Mata Terbuka
(30 Detik)
",BERDIRI FOKUS MATA TERBUKA,
11205,374.003,"Berdiri Fokus
Mata Terbuka
(30 Detik)
",BERDIRI FOKUS MATA TERBUKA,
11220,374.502,"Berdiri Fokus
Mata Terbuka
(30 Detik)
",BERDIRI FOKUS MATA TERBUKA,
11235,375.002,"Berdiri Fokus
Mata Terbuka
(30 Detik)
",BERDIRI FOKUS MATA TERBUKA,
11250,375.502,"Berdiri Fokus
Mata Terbuka
(30 Detik)
",BERDIRI FOKUS MATA TERBUKA,
11265,376.002,"Berdiri Fokus
Mata Terbuka
(30 Detik)
",BERDIRI FOKUS MATA TERBUKA,
11280,376.502,"Berdiri Fokus
Mata Terbuka
(30 Detik)
",BERDIRI FOKUS MATA TERBUKA,
11295,377.002,"Berdiri Fokus
Mata Terbuka
(30 Detik)
",BERDIRI FOKUS MATA TERBUKA,
11310,377.502,"Berdiri Fokus
Mata Terbuka
(30 Detik)
",BERDIRI FOKUS MATA TERBUKA,
11325,378.002,"Berdiri Fokus
Mata Terbuka
(30 Detik)
",BERDIRI FOKUS MATA TERBUKA,
11340,378.502,"Berdiri Fokus
Mata Terbuka
(30 Detik)
",BERDIRI FOKUS MATA TERBUKA,
11355,379.002,"Berdiri Fokus
Mata Terbuka
(30 Detik)
",BERDIRI FOKUS MATA TERBUKA,
11371,379.529,"Berdiri Fokus
Mata Terbuka
(30 Detik)
",BERDIRI FOKUS MATA TERBUKA,
11386,380.029,"Berdiri Fokus
Mata Terbuka
(30 Detik)
",BERDIRI FOKUS MATA TERBUKA,
11401,380.529,"Berdiri Fokus
Mata Terbuka
(30 Detik)
",BERDIRI FOKUS MATA TERBUKA,
11416,381.03,"Berdiri Fokus
Mata Terbuka
(30 Detik)
",BERDIRI FOKUS MATA TERBUKA,
11431,381.524,"Berdiri Fokus
Mata Terbuka
(30 Detik)
",BERDIRI FOKUS MATA TERBUKA,
11446,382.029,"Berdiri Fokus
Mata Terbuka
(30 Detik)
",BERDIRI FOKUS MATA TERBUKA,
11461,382.536,"Berdiri Fokus
Mata Terbuka
(30 Detik)
",BERDIRI FOKUS MATA TERBUKA,
11476,383.035,"Berdiri Fokus
Mata Terbuka
(30 Detik)
",BERDIRI FOKUS MATA TERBUKA,
11490,383.508,"Berdiri Fokus
Mata Terbuka
(30 Detik)
",BERDIRI FOKUS MATA TERBUKA,
11505,384.009,"Berdiri Fokus
Mata Terbuka
(30 Detik)
",BERDIRI FOKUS MATA TERBUKA,
11521,384.535,"Berdiri Fokus
Mata Terbuka
(30 Detik)
",BERDIRI FOKUS MATA TERBUKA,
11535,385.008,"Berdiri Fokus
Mata Terbuka
(30 Detik)
",BERDIRI FOKUS MATA TERBUKA,
11550,385.508,"Berdiri Fokus
Mata Terbuka
(30 Detik)
",BERDIRI FOKUS MATA TERBUKA,
11566,386.035,"Berdiri Fokus
Mata Terbuka
(30 Detik)
",BERDIRI FOKUS MATA TERBUKA,
11580,386.508,"Berdiri Fokus
Mata Terbuka
(30 Detik)
",BERDIRI FOKUS MATA TERBUKA,
11595,387.007,"Berdiri Fokus
Mata Terbuka
(30 Detik)
",BERDIRI FOKUS MATA TERBUKA,
11610,387.507,"Berdiri Fokus
Mata Terbuka
(30 Detik)
",BERDIRI FOKUS MATA TERBUKA,
11625,388.008,"Berdiri Fokus
Mata Terbuka
(30 Detik)
",BERDIRI FOKUS MATA TERBUKA,
11640,388.507,"Berdiri Fokus
Mata Terbuka
(30 Detik)
",BERDIRI FOKUS MATA TERBUKA,
11656,389.035,"Berdiri Fokus
Mata Terbuka
(30 Detik)
",BERDIRI FOKUS MATA TERBUKA,
11670,389.507,"Berdiri Fokus
Mata Terbuka
(30 Detik)
",BERDIRI FOKUS MATA TERBUKA,
11686,390.034,"Berdiri Fokus
Mata Terbuka
(30 Detik)
",BERDIRI FOKUS MATA TERBUKA,
11701,390.534,"Berdiri Fokus
Mata Terbuka
(30 Detik)
",BERDIRI FOKUS MATA TERBUKA,
11716,391.034,"Berdiri Fokus
Mata Terbuka
(30 Detik)
",BERDIRI FOKUS MATA TERBUKA,
11730,391.506,"Berdiri Fokus
Mata Terbuka
(30 Detik)
",BERDIRI FOKUS MATA TERBUKA,
11745,392.007,"Berdiri Fokus
Mata Terbuka
(30 Detik)
",BERDIRI FOKUS MATA TERBUKA,
11761,392.535,"Berdiri Fokus
Mata Terbuka
(30 Detik)
",BERDIRI FOKUS MATA TERBUKA,
11775,393.007,"Berdiri Fokus
Mata Terbuka
(30 Detik)
",BERDIRI FOKUS MATA TERBUKA,
11790,393.507,"Berdiri Fokus
Mata Terbuka
(30 Detik)
",BERDIRI FOKUS MATA TERBUKA,
11805,394.007,"Berdiri Fokus
Mata Terbuka
(30 Detik)
",BERDIRI FOKUS MATA TERBUKA,
11820,394.507,"Berdiri Fokus
Mata Terbuka
(30 Detik)
",BERDIRI FOKUS MATA TERBUKA,
11836,395.033,"Berdiri Fokus
Mata Terbuka
(30 Detik)
",BERDIRI FOKUS MATA TERBUKA,
11851,395.534,"Berdiri Fokus
Mata Terbuka
(30 Detik)
",BERDIRI FOKUS MATA TERBUKA,
11865,396.007,"Berdiri Fokus
Mata Terbuka
(30 Detik)
",BERDIRI FOKUS MATA TERBUKA,
11872,396.228,"Berdiri Fokus
Mata Terbuka
(30 Detik)
",BERDIRI FOKUS MATA TERBUKA,
11876,396.367,"Berdiri Fokus
Mata Terbuka
(30 Detik)
",BERDIRI FOKUS MATA TERBUKA,
11878,396.437,"Berdiri Fokus
Mata Terbuka
(30 Detik)
",BERDIRI FOKUS MATA TERBUKA,
11879,396.464,"Berdiri Fokus
Mata Terbuka
(30 Detik)
",BERDIRI FOKUS MATA TERBUKA,
11880,396.506,"Berdiri
Istirahat
(15 Detik)
",BERDIRI ISTIRAHAT,
11895,397.006,"Berdiri
Istirahat
(15 Detik)
",BERDIRI ISTIRAHAT,
11910,397.505,"Berdiri
Istirahat
(15 Detik)
",BERDIRI ISTIRAHAT,
11924,398.021,"Berdiri
Istirahat
(15 Detik)
",BERDIRI ISTIRAHAT,
11940,398.527,"Berdiri
Istirahat
(15 Detik)
",BERDIRI ISTIRAHAT,
11955,399.04,"Berdiri
Istirahat
(15 Detik)
",BERDIRI ISTIRAHAT,
11970,399.526,"Berdiri
Istirahat
(15 Detik)
",BERDIRI ISTIRAHAT,
11985,400.04,"Berdiri
Istirahat
(15 Detik)
",BERDIRI ISTIRAHAT,
12000,400.526,"Berdiri
Istirahat
(15 Detik)
",BERDIRI ISTIRAHAT,
12015,401.026,"Berdiri
Istirahat
(15 Detik)
",BERDIRI ISTIRAHAT,
12030,401.526,"Berdiri
Istirahat
(15 Detik)
",BERDIRI ISTIRAHAT,
12045,402.026,"Berdiri
Istirahat
(15 Detik)
",BERDIRI ISTIRAHAT,
12060,402.525,"Berdiri
Istirahat
(15 Detik)
",BERDIRI ISTIRAHAT,
12074,403.005,"Berdiri
Istirahat
(15 Detik)
",BERDIRI ISTIRAHAT,
12090,403.532,"Berdiri
Istirahat
(15 Detik)
",BERDIRI ISTIRAHAT,
12104,404.005,"Berdiri
Istirahat
(15 Detik)
",BERDIRI ISTIRAHAT,
12119,404.504,"Berdiri
Istirahat
(15 Detik)
",BERDIRI ISTIRAHAT,
12134,405.005,"Berdiri
Istirahat
(15 Detik)
",BERDIRI ISTIRAHAT,
12149,405.504,"Berdiri
Istirahat
(15 Detik)
",BERDIRI ISTIRAHAT,
12164,406.005,"Berdiri
Istirahat
(15 Detik)
",BERDIRI ISTIRAHAT,
12179,406.504,"Berdiri
Istirahat
(15 Detik)
",BERDIRI ISTIRAHAT,
12194,407.005,"Berdiri
Istirahat
(15 Detik)
",BERDIRI ISTIRAHAT,
12209,407.505,"Berdiri
Istirahat
(15 Detik)
",BERDIRI ISTIRAHAT,
12224,408.005,"Berdiri
Istirahat
(15 Detik)
",BERDIRI ISTIRAHAT,
12239,408.504,"Berdiri
Istirahat
(15 Detik)
",BERDIRI ISTIRAHAT,
12254,409.005,"Berdiri
Istirahat
(15 Detik)
",BERDIRI ISTIRAHAT,
12269,409.504,"Berdiri
Istirahat
(15 Detik)
",BERDIRI ISTIRAHAT,
12284,410.004,"Berdiri
Istirahat
(15 Detik)
",BERDIRI ISTIRAHAT,
12299,410.503,"Berdiri
Istirahat
(15 Detik)
",BERDIRI ISTIRAHAT,
12314,411.004,"Berdiri
Istirahat
(15 Detik)
",BERDIRI ISTIRAHAT,
12329,411.504,"Berdiri
Istirahat
(15 Detik)
",BERDIRI ISTIRAHAT,
12330,411.531,"Berdiri
Istirahat
(15 Detik)
",BERDIRI ISTIRAHAT,
12331,411.559,"Berdiri
Mata Tertutup
(30 Detik)
",BERDIRI MATA TERTUTUP,
12332,411.601,"Berdiri
Mata Tertutup
(30 Detik)
",BERDIRI MATA TERTUTUP,
12336,411.74,"Berdiri
Mata Tertutup
(30 Detik)
",BERDIRI MATA TERTUTUP,
12344,412.004,"Berdiri
Mata Tertutup
(30 Detik)
",BERDIRI MATA TERTUTUP,
12359,412.503,"Berdiri
Mata Tertutup
(30 Detik)
",BERDIRI MATA TERTUTUP,
12374,413.004,"Berdiri
Mata Tertutup
(30 Detik)
",BERDIRI MATA TERTUTUP,
12389,413.503,"Berdiri
Mata Tertutup
(30 Detik)
",BERDIRI MATA TERTUTUP,
12404,414.004,"Berdiri
Mata Tertutup
(30 Detik)
",BERDIRI MATA TERTUTUP,
12419,414.503,"Berdiri
Mata Tertutup
(30 Detik)
",BERDIRI MATA TERTUTUP,
12434,415.004,"Berdiri
Mata Tertutup
(30 Detik)
",BERDIRI MATA TERTUTUP,
12449,415.503,"Berdiri
Mata Tertutup
(30 Detik)
",BERDIRI MATA TERTUTUP,
12464,416.003,"Berdiri
Mata Tertutup
(30 Detik)
",BERDIRI MATA TERTUTUP,
12479,416.502,"Berdiri
Mata Tertutup
(30 Detik)
",BERDIRI MATA TERTUTUP,
12494,417.003,"Berdiri
Mata Tertutup
(30 Detik)
",BERDIRI MATA TERTUTUP,
12509,417.503,"Berdiri
Mata Tertutup
(30 Detik)
",BERDIRI MATA TERTUTUP,
12524,418.003,"Berdiri
Mata Tertutup
(30 Detik)
",BERDIRI MATA TERTUTUP,
12539,418.502,"Berdiri
Mata Tertutup
(30 Detik)
",BERDIRI MATA TERTUTUP,
12554,419.002,"Berdiri
Mata Tertutup
(30 Detik)
",BERDIRI MATA TERTUTUP,
12569,419.502,"Berdiri
Mata Tertutup
(30 Detik)
",BERDIRI MATA TERTUTUP,
12584,420.003,"Berdiri
Mata Tertutup
(30 Detik)
",BERDIRI MATA TERTUTUP,
12599,420.502,"Berdiri
Mata Tertutup
(30 Detik)
",BERDIRI MATA TERTUTUP,
12614,421.002,"Berdiri
Mata Tertutup
(30 Detik)
",BERDIRI MATA TERTUTUP,
12629,421.502,"Berdiri
Mata Tertutup
(30 Detik)
",BERDIRI MATA TERTUTUP,
12644,422.003,"Berdiri
Mata Tertutup
(30 Detik)
",BERDIRI MATA TERTUTUP,
12659,422.502,"Berdiri
Mata Tertutup
(30 Detik)
",BERDIRI MATA TERTUTUP,
12674,423.003,"Berdiri
Mata Tertutup
(30 Detik)
",BERDIRI MATA TERTUTUP,
12689,423.502,"Berdiri
Mata Tertutup
(30 Detik)
",BERDIRI MATA TERTUTUP,
12704,424.002,"Berdiri
Mata Tertutup
(30 Detik)
",BERDIRI MATA TERTUTUP,
12719,424.501,"Berdiri
Mata Tertutup
(30 Detik)
",BERDIRI MATA TERTUTUP,
12734,425.002,"Berdiri
Mata Tertutup
(30 Detik)
",BERDIRI MATA TERTUTUP,
12749,425.501,"Berdiri
Mata Tertutup
(30 Detik)
",BERDIRI MATA TERTUTUP,
12764,426.002,"Berdiri
Mata Tertutup
(30 Detik)
",BERDIRI MATA TERTUTUP,
12779,426.501,"Berdiri
Mata Tertutup
(30 Detik)
",BERDIRI MATA TERTUTUP,
12794,427.001,"Berdiri
Mata Tertutup
(30 Detik)
",BERDIRI MATA TERTUTUP,
12809,427.501,"Berdiri
Mata Tertutup
(30 Detik)
",BERDIRI MATA TERTUTUP,
12824,428.001,"Berdiri
Mata Tertutup
(30 Detik)
",BERDIRI MATA TERTUTUP,
12839,428.501,"Berdiri
Mata Tertutup
(30 Detik)
",BERDIRI MATA TERTUTUP,
12854,429.001,"Berdiri
Mata Tertutup
(30 Detik)
",BERDIRI MATA TERTUTUP,
12869,429.501,"Berdiri
Mata Tertutup
(30 Detik)
",BERDIRI MATA TERTUTUP,
12884,430.001,"Berdiri
Mata Tertutup
(30 Detik)
",BERDIRI MATA TERTUTUP,
12899,430.5,"Berdiri
Mata Tertutup
(30 Detik)
",BERDIRI MATA TERTUTUP,
12914,431.001,"Berdiri
Mata Tertutup
(30 Detik)
",BERDIRI MATA TERTUTUP,
12929,431.501,"Berdiri
Mata Tertutup
(30 Detik)
",BERDIRI MATA TERTUTUP,
12944,432.001,"Berdiri
Mata Tertutup
(30 Detik)
",BERDIRI MATA TERTUTUP,
12959,432.5,"Berdiri
Mata Tertutup
(30 Detik)
",BERDIRI MATA TERTUTUP,
12974,433.001,"Berdiri
Mata Tertutup
(30 Detik)
",BERDIRI MATA TERTUTUP,
12989,433.5,"Berdiri
Mata Tertutup
(30 Detik)
",BERDIRI MATA TERTUTUP,
13004,434.0,"Berdiri
Mata Tertutup
(30 Detik)
",BERDIRI MATA TERTUTUP,
13019,434.5,"Berdiri
Mata Tertutup
(30 Detik)
",BERDIRI MATA TERTUTUP,
13034,435.0,"Berdiri
Mata Tertutup
(30 Detik)
",BERDIRI MATA TERTUTUP,
13049,435.5,"Berdiri
Mata Tertutup
(30 Detik)
",BERDIRI MATA TERTUTUP,
13064,436.0,"Berdiri
Mata Tertutup
(30 Detik)
",BERDIRI MATA TERTUTUP,
13079,436.5,"Berdiri
Mata Tertutup
(30 Detik)
",BERDIRI MATA TERTUTUP,
13094,437.001,"Berdiri
Mata Tertutup
(30 Detik)
",BERDIRI MATA TERTUTUP,
13110,437.527,"Berdiri
Mata Tertutup
(30 Detik)
",BERDIRI MATA TERTUTUP,
13125,438.041,"Berdiri
Mata Tertutup
(30 Detik)
",BERDIRI MATA TERTUTUP,
13140,438.527,"Berdiri
Mata Tertutup
(30 Detik)
",BERDIRI MATA TERTUTUP,
13155,439.041,"Berdiri
Mata Tertutup
(30 Detik)
",BERDIRI MATA TERTUTUP,
13170,439.541,"Berdiri
Mata Tertutup
(30 Detik)
",BERDIRI MATA TERTUTUP,
13185,440.027,"Berdiri
Mata Tertutup
(30 Detik)
",BERDIRI MATA TERTUTUP,
13200,440.527,"Berdiri
Mata Tertutup
(30 Detik)
",BERDIRI MATA TERTUTUP,
13214,441.0,"Berdiri
Mata Tertutup
(30 Detik)
",BERDIRI MATA TERTUTUP,
