participant_id,task,phase,channel,hemisphere,n_windows,offset_change_db,exponent_change,global_offset_db,is_simulated,theta_periodic_db,theta_relative_db,mu_periodic_db,mu_relative_db,beta_periodic_db,beta_relative_db,noise_floor_db
P14,NGEED,PRA,Fp1,kiri,2,-4.841590193090077,-0.5942721224041263,-7.599597381286727,False,-0.6780367765300621,-1.2286381847845818,2.4237251235916624,0.9685957958005762,-1.6707598646297448,-1.1010975081559673,4.228326661389408
P14,NGEED,PRA,F3,kiri,2,-7.958400384131457,-0.6137773070885153,-7.599597381286727,False,3.3321657497363333,2.781564341481814,3.2064156816858858,1.7512863538947996,-1.2234312745375318,-0.6537689180637543,4.228326661389408
P14,NGEED,PRA,C3,kiri,2,-7.240794378441997,-0.6573299680034854,-7.599597381286727,False,3.5599976932890742,3.009396285034555,1.6283377284424871,0.17320840065140097,-1.5429016811023217,-0.9732393246285442,4.228326661389408
P14,NGEED,PRA,P3,kiri,2,-12.081030572741236,-0.9297894003170181,-7.599597381286727,False,0.9126112299837064,0.3620098217291867,0.046162569443605854,-1.4089667583474803,-0.9792136961431677,-0.40955133966939017,4.228326661389408
P14,NGEED,PRA,O1,kiri,2,-2.1198389103929927,-0.050931086963040384,-7.599597381286727,False,-2.372064735165178,-2.922666143419698,1.2819209271396854,-0.17320840065140075,0.3843180772077892,0.9539804336815667,4.228326661389408
P14,NGEED,PRA,F7,kiri,2,-1.1069932796062432,-0.3281791863223378,-7.599597381286727,False,-2.9631495451110323,-3.5137509533655518,2.6052307779362014,1.1501014501451152,0.5437900346713215,1.113452391145099,4.228326661389408
P14,NGEED,PRA,T3,kiri,2,-13.522768919556043,-1.0765396241466976,-7.599597381286727,False,4.600618500601912,4.050017092347392,0.445000669512023,-1.0101286582790632,-0.16011101680438733,0.40955133966939017,4.228326661389408
P14,NGEED,PRA,T5,kiri,2,-8.24448050642494,-0.5441634447733559,-7.599597381286727,False,0.18859158652533292,-0.3620098217291867,-0.4130364798869479,-1.868165807678034,0.5889125999085404,1.158574956382318,4.228326661389408
P14,NGEED,PRA,Fp2,kanan,2,9.7008655757159,0.8035775073844915,2.9640186409876312,False,-0.3067122586354798,-0.11904844947328908,-3.1238603623705146,-3.008182493046813,0.32096495617450316,-0.08691315121788701,4.228326661389408
P14,NGEED,PRA,F4,kanan,2,19.235674988217,1.662852985865881,2.9640186409876312,False,0.4160141398224926,0.6036779489846833,1.401409003589869,1.5170868729135707,1.1864419818994933,0.7785638745071032,4.228326661389408
P14,NGEED,PRA,C4,kanan,2,4.68360484105534,0.35616104677680616,2.9640186409876312,False,3.762479781936261,3.9501435910984517,2.418964380747326,2.5346422500710277,-0.5396436872502536,-0.9475217946426437,4.228326661389408
P14,NGEED,PRA,P4,kanan,2,-3.9945063232792855,-0.21389742146637247,2.9640186409876312,False,-1.2279868355340517,-1.040323026371861,1.6393547651511506,1.7550326344748524,-0.3640945038661524,-0.7719726112585426,4.228326661389408
P14,NGEED,PRA,O2,kanan,2,-0.9097037002522779,-0.1693712161789125,2.9640186409876312,False,1.7069901808430288,1.8946539900052195,-0.025056529386061344,0.09062133993764036,0.5424155381776152,0.13453743078522507,4.228326661389408
P14,NGEED,PRA,F8,kanan,2,9.237507606501989,0.6729844950686181,2.9640186409876312,False,-0.1867911362174235,0.0008726729447672277,-2.163211692483678,-2.0475338231599762,-0.36661494428103236,-0.7744930516734225,4.228326661389408
P14,NGEED,PRA,T4,kanan,2,1.2444324409199226,0.27879761633858924,2.9640186409876312,False,-2.3278790405484218,-2.140215231386231,-2.8230965418767653,-2.7074186725530636,0.9413216002815119,0.5334434928891217,4.228326661389408
P14,NGEED,PRA,T6,kanan,2,-0.623387554193302,-0.024638896246417685,2.9640186409876312,False,-0.18853648210695795,-0.0008726729447672277,-0.20629920926134207,-0.09062133993764036,0.4947912586102772,0.08691315121788701,4.228326661389408
P14,NGEED,TURUN,Fp1,kiri,2,-14.575005407941566,-1.2926246002937734,-9.675796136132696,False,2.204826172963199,0.5217424339797339,0.3531444585371321,-0.5542984656320558,1.1623904250178922,-0.24481463298751183,4.228326661389408
P14,NGEED,TURUN,F3,kiri,2,-8.9245816264678,-0.7350543178351423,-9.675796136132696,False,1.1613413050037313,-0.5217424339797339,1.6759236951606071,0.7684807709914192,0.531996531903613,-0.8752085261017911,4.228326661389408
P14,NGEED,TURUN,C3,kiri,2,-10.736766618600253,-0.9561471866804792,-9.675796136132696,False,-0.6127398672204398,-2.2958236062039052,2.8496794838339845,1.9422365596647966,0.8367816519898402,-0.5704234060155638,4.228326661389408
P14,NGEED,TURUN,P3,kiri,2,-5.938847927858637,-0.3111628455203199,-9.675796136132696,False,2.269498909261276,0.5864151702778109,1.2981032759093993,0.3906603517402114,2.9466744631827515,1.5394694051773474,4.228326661389408
P14,NGEED,TURUN,O1,kiri,2,-3.25378767569406,-0.37874041779063705,-9.675796136132696,False,-3.5246027196362406,-5.207686458619706,0.7539324048231819,-0.153510519346006,1.1299663402625406,-0.27723871774286346,4.228326661389408
P14,NGEED,TURUN,F7,kiri,2,-3.843559158439236,-0.36794718152136485,-9.675796136132696,False,-4.069970432433221,-5.753054171416687,-0.5970769416884085,-1.5045198658575965,1.652019690992916,0.24481463298751183,4.228326661389408
P14,NGEED,TURUN,T3,kiri,2,-10.427010645797594,-0.664710829031631,-9.675796136132696,False,3.106533223463732,1.423449484480267,0.5035596325036433,-0.4038832916655446,3.1030844720157464,1.6958794140103424,4.228326661389408
P14,NGEED,TURUN,T5,kiri,2,-11.428904138941123,-0.7262837708035801,-9.675796136132696,False,3.974173056472703,2.291089317489238,1.060953443515194,0.153510519346006,3.1458099215005486,1.7386048634951445,4.228326661389408
P14,NGEED,TURUN,Fp2,kanan,2,-11.869606402820612,-1.0518485226145762,-6.923814182381385,False,-1.810960326879787,-0.19884223754884522,-1.2613767058953833,-0.867355912880881,1.2527366133279074,-0.08397058031152782,4.228326661389408
P14,NGEED,TURUN,F4,kanan,2,-5.71752169200459,-0.28957491889400355,-6.923814182381385,False,-0.8912178392187786,0.7209002501121631,4.535163362121796,4.929184155136299,1.3871316309816701,0.050424437342234896,4.228326661389408
P14,NGEED,TURUN,C4,kanan,2,-8.13010667275818,-0.6705069114115872,-6.923814182381385,False,2.1083065994695493,3.720424688800491,0.8464772784355983,1.2404980714501006,-0.33425516246736453,-1.6709623561067999,4.228326661389408
P14,NGEED,TURUN,P4,kanan,2,-1.4103632874091243,-0.1351992528351389,-6.923814182381385,False,-4.160489947266781,-2.548371857935839,0.47333511986637866,0.867355912880881,0.9258998827875562,-0.41080731085187905,4.228326661389408
P14,NGEED,TURUN,O2,kanan,2,-2.067396656941707,-0.3347949985410166,-6.923814182381385,False,-1.4132758517820965,0.19884223754884522,-2.1056554569468293,-1.711634663932327,2.4117003824234864,1.0749931887840511,4.228326661389408
P14,NGEED,TURUN,F8,kanan,2,-5.688694937560719,-0.5858693698426279,-6.923814182381385,False,-0.35293941230736037,1.2591786770235813,-1.5508682824528979,-1.1568474894383955,1.2862827562972001,-0.05042443734223512,4.228326661389408
P14,NGEED,TURUN,T4,kanan,2,-10.639494759511967,-0.7752014459948646,-6.923814182381385,False,-4.743237940232121,-3.1311198509011797,-3.2982716406505563,-2.904250847636054,2.1490621170748554,0.8123549234354202,4.228326661389408
P14,NGEED,TURUN,T6,kanan,2,-10.805700772575362,-0.9033757064808314,-6.923814182381385,False,-1.8827532073921205,-0.2706351180611788,0.6676354994486166,1.0616562924631188,1.7720946704637908,0.4353874768243555,4.228326661389408
P14,NGEED,TAHAN,Fp1,kiri,2,-0.5830220806243425,-0.3585441924046653,-5.248233051302482,False,0.37283535127676903,-0.6717326616413577,1.002988555952724,-0.7570758645700222,-0.5196885855999878,-0.24236107077343816,4.228326661389408
P14,NGEED,TAHAN,F3,kiri,2,-3.152845348439639,-0.4627533862825033,-5.248233051302482,False,1.01803669675679,-0.02653131616133675,1.7851614110765475,0.025096990553801213,-0.769500845490575,-0.49217333066402535,4.228326661389408
P14,NGEED,TAHAN,C3,kiri,2,-7.5940452458152485,-0.9397575919199186,-5.248233051302482,False,1.0710993290794635,0.02653131616133675,2.5667895173293225,0.8067250968065762,-1.892812903623491,-1.6154853887969414,4.228326661389408
P14,NGEED,TAHAN,P3,kiri,2,-10.74437454799269,-0.9066826223627467,-5.248233051302482,False,2.1523522816602347,1.107784268742108,0.9054674692187348,-0.8545969513040115,0.0562235046567755,0.3335510194833251,4.228326661389408
P14,NGEED,TAHAN,O1,kiri,2,-0.06127195433048627,-0.2872601136263835,-5.248233051302482,False,-3.4079606031600385,-4.452528616078165,1.7349674299689453,-0.02509699055380099,-0.5731527040683984,-0.29582518924184875,4.228326661389408
P14,NGEED,TAHAN,F7,kiri,2,1.937536724437674,-0.14787451048088163,-5.248233051302482,False,-4.207869007794387,-5.252437020712514,1.8480546192882397,0.08799019876549341,0.09479708712684831,0.3721246019533979,4.228326661389408
P14,NGEED,TAHAN,T3,kiri,2,-7.343620754165325,-0.5515315224532991,-5.248233051302482,False,3.7743252998846955,2.729757286966569,1.9615672727408793,0.20150285221813302,1.1202740427395503,1.3976015575660998,4.228326661389408
P14,NGEED,TAHAN,T5,kiri,2,-11.7900927614708,-1.0394115078497776,-5.248233051302482,False,1.9838068007953624,0.9392387878772357,1.0918862952087984,-0.6681781253139478,-0.03496644405311139,0.24236107077343821,4.228326661389408
P14,NGEED,TAHAN,Fp2,kanan,2,-5.46509785179353,-0.6900915511985777,-1.4803947313512378,False,-2.729890464651228,-1.6929827601186842,1.0370938518567085,-0.006412840577779688,0.008484441783606078,-0.35046669868650737,4.228326661389408
P14,NGEED,TAHAN,F4,kanan,2,-1.3700083804670182,-0.26842686839450636,-1.4803947313512378,False,0.8287779617727997,1.8656856663053434,3.6975371227721503,2.654030430337662,0.3975344295825694,0.038583289112455954,4.228326661389408
P14,NGEED,TAHAN,C4,kanan,2,0.862588829803137,-0.155612520907092,-1.4803947313512378,False,2.2047732591924563,3.241680963725,0.8431488428223304,-0.20035784961215786,-0.6427353183403216,-1.001686458810435,4.228326661389408
P14,NGEED,TAHAN,P4,kanan,2,3.909620479525522,0.11437329045265043,-1.4803947313512378,False,-3.573283302846675,-2.536375598314131,1.223685382587881,0.18017869015339283,1.0046820137153631,0.6457308732452497,4.228326661389408
P14,NGEED,TAHAN,O2,kanan,2,-2.6021782162501683,-0.5004550823281635,-1.4803947313512378,False,-0.9934253104013546,0.04348239413118904,3.0851494038341016,2.0416427113996134,0.6001004276802052,0.24114928721009177,4.228326661389408
P14,NGEED,TAHAN,F8,kanan,2,2.3698949214677256,-0.05937226749422653,-1.4803947313512378,False,-1.0803900986637327,-0.04348239413118904,0.9825834878233691,-0.06092320461111911,0.32036785135765744,-0.03858328911245601,4.228326661389408
P14,NGEED,TAHAN,T4,kanan,2,-1.5907810822354573,-0.16349711061640404,-1.4803947313512378,False,-5.398246757579008,-4.361339053046464,-1.844759437212213,-2.888266129646701,1.849254061540019,1.4903029210699055,4.228326661389408
P14,NGEED,TAHAN,T6,kanan,2,-4.10810639864013,-0.5512178120107656,-1.4803947313512378,False,1.0821854224491778,2.1190931269817215,1.0499195330122681,0.00641284057777991,-0.1017722507446707,-0.4607233912147841,4.228326661389408
P14,NGEED,NAIK,Fp1,kiri,2,-4.231981297256917,-0.48035501157599403,-9.017750922667712,False,-0.6211293605520685,-1.136913130218029,3.2035718039441736,1.0455405681104661,-0.3357109773523684,0.005083973977417611,4.228326661389408
P14,NGEED,NAIK,F3,kiri,2,-8.942894279459663,-0.9782975621304566,-9.017750922667712,False,0.7280987973009445,0.2123150276349839,2.491643917355166,0.3336126815214584,-0.5377550043793669,-0.19696005304958086,4.228326661389408
P14,NGEED,NAIK,C3,kiri,2,-9.410083668288198,-0.9236074051180561,-9.017750922667712,False,0.30346874203097673,-0.2123150276349839,1.8244185543122493,-0.3336126815214582,-0.8475793941068896,-0.5067844427771037,4.228326661389408
P14,NGEED,NAIK,P3,kiri,2,-16.93382055640577,-1.2269361141073314,-9.017750922667712,False,2.540857117264632,2.0250733475986715,3.1563814785797106,0.9983502427460031,-0.34587892530720366,-0.005083973977417666,4.228326661389408
P14,NGEED,NAIK,O1,kiri,2,-1.2934463536756624,-0.39333367538397335,-9.017750922667712,False,-3.862737944176655,-4.378521713842616,0.21256690102210385,-1.9454643348116036,0.7857045010703776,1.1264994524001635,4.228326661389408
P14,NGEED,NAIK,F7,kiri,2,-0.45565920311743113,-0.1087561157613488,-9.017750922667712,False,-3.4057002041441353,-3.921483973810096,2.5134110149776667,0.35537977914395924,0.1772896429516091,0.5180845942813951,4.228326661389408
P14,NGEED,NAIK,T3,kiri,2,-9.092607565875763,-0.8248986051396272,-9.017750922667712,False,3.075409410596577,2.559625640930616,-1.9946802726920563,-4.152711508525764,0.7204676552510669,1.0612626065808528,4.228326661389408
P14,NGEED,NAIK,T5,kiri,2,-10.99164703630687,-1.147886205636704,-9.017750922667712,False,1.15498341210315,0.6391996424371893,0.4534798019662247,-1.7045514338674828,-1.1816345499961933,-0.8408395986664073,4.228326661389408
P14,NGEED,NAIK,Fp2,kanan,2,-4.27935869775407,-0.683962293166666,-1.1137128674441854,False,-2.0229883315630937,-2.7313574413882002,1.2945745487485605,-0.19074629517356256,1.469454807023425,-0.26331494392903765,4.228326661389408
P14,NGEED,NAIK,F4,kanan,2,-1.05761644870344,-0.13784921662501937,-1.1137128674441854,False,2.012698354412401,1.3043292445872945,4.355884760485308,2.870563916563185,2.4863557917575903,0.7535860408051276,4.228326661389408
P14,NGEED,NAIK,C4,kanan,2,-0.4397363118739239,-0.4146591284865744,-1.1137128674441854,False,3.3987522104863874,2.690383100661281,1.5347634218714479,0.04944257794932483,0.010078099783763506,-1.7226916511686992,4.228326661389408
P14,NGEED,NAIK,P4,kanan,2,-0.8789613891823578,-0.425234060529025,-1.1137128674441854,False,-0.31627925949195834,-1.024648369317065,1.4358782659727984,-0.049442577949324606,0.25250223317330733,-1.4802675177791553,4.228326661389408
P14,NGEED,NAIK,O2,kanan,2,-2.5555192881756295,-0.38978379030385324,-1.1137128674441854,False,-1.4579104893676553,-2.166279599192762,3.987442884471624,2.502122040549501,2.2038547159113957,0.47108496495893304,4.228326661389408
P14,NGEED,NAIK,F8,kanan,2,2.3896221608222135,-0.28039442399453773,-1.1137128674441854,False,1.7330174791421715,1.024648369317065,0.7149281938564602,-0.7703926500656628,0.5906255287566625,-1.1421442221958,4.228326661389408
P14,NGEED,NAIK,T4,kanan,2,-3.7700993726253262,-0.7988210707570408,-1.1137128674441854,False,-2.5704079178315364,-3.278777027656643,-2.113569172339915,-3.598890016262038,2.413616267267245,0.6808465163147823,4.228326661389408
P14,NGEED,NAIK,T6,kanan,2,-1.1698092861849307,-0.5932480661652944,-1.1137128674441854,False,3.7248453500345735,3.016476240209467,1.986188904746438,0.500868060824315,1.9960846948815003,0.26331494392903765,4.228326661389408
P14,NGEED,POST,Fp1,kiri,2,-4.78530104609896,-0.5129675903909321,-18.22872528407421,False,1.9452091629069757,-0.45896527419282185,0.6354840523043546,-0.11704460756081136,-0.795865519991753,0.784479985464918,4.228326661389408
P14,NGEED,POST,F3,kiri,2,-17.43973797329034,-1.7972381308735725,-18.22872528407421,False,3.4723033615309817,1.0681289244311842,1.2188309837705693,0.4663023239054034,-2.623800837308188,-1.0434553318515167,4.228326661389408
P14,NGEED,POST,C3,kiri,2,-19.01771259485807,-2.165926492912997,-18.22872528407421,False,2.3520288708339954,-0.052145566265802135,0.8695732674259773,0.11704460756081136,-2.7797745480195206,-1.1994290425628495,4.228326661389408
P14,NGEED,POST,P3,kiri,2,-23.646277225069163,-2.200298743440178,-18.22872528407421,False,2.4563200033655996,0.052145566265802135,2.279913666108513,1.527385006243347,-1.6257374377880172,-0.045391932331346085,4.228326661389408
P14,NGEED,POST,O1,kiri,2,-9.551151167211227,-1.0919155372239475,-18.22872528407421,False,1.5173978348974937,-0.8867766022023038,0.9549317180336309,0.20240305816846493,-1.2773592160986196,0.3029862893580515,4.228326661389408
P14,NGEED,POST,F7,kiri,2,-4.0765871437029855,-0.6031377282672772,-18.22872528407421,False,-2.1138776058110342,-4.518052042910831,-0.5400616742843436,-1.2925903341495095,-1.194419445907,0.38592605954967096,4.228326661389408
P14,NGEED,POST,T3,kiri,2,-27.53604912000787,-2.75138023387487,-18.22872528407421,False,5.326107174253254,2.9219327371534565,0.49679204102626245,-0.2557366188389035,-1.534953573125325,0.045391932331346085,4.228326661389408
P14,NGEED,POST,T5,kiri,2,-21.823564071050072,-2.046900969492437,-18.22872528407421,False,3.090363520954218,0.6861890838544205,0.49411948720346466,-0.25840917266170127,-1.91103917640005,-0.330693670943379,4.228326661389408
P14,NGEED,POST,Fp2,kanan,2,-7.27256775283692,-0.6366016331327189,-3.661046586385863,False,-1.0380091345644193,-0.6142012012426301,-0.6023936122138931,-0.7356567249907817,0.3870022400537701,0.01610966138899178,4.228326661389408
P14,NGEED,POST,F4,kanan,2,-5.446253410713053,-0.5748840951619378,-3.661046586385863,False,-0.04924525698670301,0.3745626763350862,-0.2652631733361872,-0.39852628611307583,-0.6117512769636156,-0.982643855628394,4.228326661389408
P14,NGEED,POST,C4,kanan,2,2.2058525774756266,0.04381686820268338,-3.661046586385863,False,3.092018081519281,3.5158260148410703,1.705047485817518,1.5717843730406293,-0.4554855624836601,-0.8263781411484384,4.228326661389408
P14,NGEED,POST,P4,kanan,2,-1.8197543520816328,-0.24126759266369513,-3.661046586385863,False,-0.7983706096568755,-0.3745626763350862,1.8282043838216853,1.6949412710447966,-0.6223681369298544,-0.9932607155946327,4.228326661389408
P14,NGEED,POST,O2,kanan,2,-9.19958653309009,-0.9593189556023405,-3.661046586385863,False,-1.747480361807996,-1.3236724284862067,-0.03241657917991775,-0.1656796919568064,0.3547829172757865,-0.016109661388991836,4.228326661389408
P14,NGEED,POST,F8,kanan,2,-0.042450618607965396,0.01226821831419711,-3.661046586385863,False,0.9944248951262402,1.4182328284480294,0.29894280473369506,0.1656796919568064,0.6893390099625809,0.3184464312978026,4.228326661389408
P14,NGEED,POST,T4,kanan,2,-2.580219040158953,-0.12046645131215272,-3.661046586385863,False,-3.9033458856525494,-3.47953795233076,-1.983352922438559,-2.116616035215448,0.8881318371060818,0.5172392584413035,4.228326661389408
P14,NGEED,POST,T6,kanan,2,-4.741874132612773,-0.33867223963089943,-3.661046586385863,False,1.317152303894884,1.7409602372166733,3.0929443018890606,2.959681189112172,0.39487148853016674,0.02397890986538842,4.228326661389408
P14,AGEM KIRI,PRA,Fp1,kiri,1,28.490710494213705,1.6059558595331265,11.980321141402301,False,-2.7301643398307696,-3.388206581476508,-0.2311652086646826,-1.29329652239295,2.1316330483293746,2.4321512533949434,4.228326661389408
P14,AGEM KIRI,PRA,F3,kiri,1,8.043595413990445,-0.9388825056726251,11.980321141402301,False,5.119435328548175,4.461393086902436,-1.958851559623559,-3.0209828733518265,0.4518779332589373,0.7523961383245059,4.228326661389408
P14,AGEM KIRI,PRA,C3,kiri,1,18.68366831924515,-0.24788289384883977,11.980321141402301,False,7.177433300595228,6.5193910589494894,1.0776786313025755,0.015547317574308162,2.9476629338148546,3.2481811388804234,4.228326661389408
P14,AGEM KIRI,PRA,P3,kiri,1,4.93548445009047,0.17497014842304415,11.980321141402301,False,0.7854549794679944,0.1274127378222556,1.7980738757571952,0.7359425620289279,-1.25972637877894,-0.9592081737133713,4.228326661389408
P14,AGEM KIRI,PRA,O1,kiri,1,15.917046868814158,-0.930854299947218,11.980321141402301,False,-3.309912182057997,-3.967954423703736,-7.930244493805621,-8.99237580753389,-0.7309351345568538,-0.4304169294912851,4.228326661389408
P14,AGEM KIRI,PRA,F7,kiri,1,40.175137374601405,0.4394160129798885,11.980321141402301,False,-0.45766913619880834,-1.115711377844547,3.200073862200991,2.137942548472724,-0.5130066806628414,-0.21248847559727274,4.228326661389408
P14,AGEM KIRI,PRA,T3,kiri,1,7.925551145307619,0.4741434091004011,11.980321141402301,False,0.5306295038234832,-0.1274127378222556,1.2281024817074115,0.16597116797914424,-0.08802972946829593,0.2124884755972727,4.228326661389408
P14,AGEM KIRI,PRA,T5,kiri,1,-4.764815067659072,-1.940747412490594,11.980321141402301,False,2.8475013631267188,2.18945912148098,1.0465839961539594,-0.01554731757430794,-1.4088847000083966,-1.108366494942828,4.228326661389408
P14,AGEM KIRI,PRA,Fp2,kanan,1,14.134198154672326,0.6513020464068651,9.718144188452445,False,0.7258337208588173,0.9056319581720129,-1.3309501496998202,0.4057701482143976,0.40949524329865705,0.009406853672754845,4.228326661389408
P14,AGEM KIRI,PRA,F4,kanan,1,19.963869139009223,0.34122915192740444,9.718144188452445,False,4.176820176499283,4.356618413812479,3.6378545876178805,5.374574885532098,0.39068153595314736,-0.009406853672754845,4.228326661389408
P14,AGEM KIRI,PRA,C4,kanan,1,3.670198506445681,0.293290145317471,9.718144188452445,False,-0.7091367161994633,-0.5293384788862676,-2.367970358211389,-0.6312500602971713,0.47711197084005674,0.07702358121415454,4.228326661389408
P14,AGEM KIRI,PRA,P4,kanan,1,7.030415710832134,0.2914556573747231,9.718144188452445,False,0.34954024157307195,0.5293384788862676,-2.9294096956340976,-1.1926893977198798,0.7869369184212514,0.38684852879534914,4.228326661389408
P14,AGEM KIRI,PRA,O2,kanan,1,9.710581816727366,0.19746121277426631,9.718144188452445,False,0.6691771495244891,0.8489753868376848,-0.43070804147309627,1.3060122564411216,0.022224042301073055,-0.37786434732482915,4.228326661389408
P14,AGEM KIRI,PRA,F8,kanan,1,9.725706560177523,0.07559367438787512,9.718144188452445,False,-1.6568899018777716,-1.477091664564576,-2.1424904461286154,-0.4057701482143976,-1.2196835129663843,-1.6197719025922865,4.228326661389408
P14,AGEM KIRI,PRA,T4,kanan,1,2.2214713223671545,-0.10776817501181335,9.718144188452445,False,-0.7312753184488363,-0.5514770811356406,1.8117939516817072,3.548514249595925,0.7454325042006029,0.3453441145747007,4.228326661389408
P14,AGEM KIRI,PRA,T6,kanan,1,16.091047021695168,0.6094563507441898,9.718144188452445,False,-3.5645092079127085,-3.384710970599513,-3.419656283360615,-1.682935985446397,0.06462013984897652,-0.3354682497769257,4.228326661389408
P14,AGEM KIRI,TURUN,Fp1,kiri,1,11.999391295359292,0.4801681965278689,18.90920271945656,False,-0.41637420577090856,0.2022910999894567,1.106878594510576,-0.6777535569824895,-0.06424827597766608,0.5807553912979317,4.228326661389408
P14,AGEM KIRI,TURUN,F3,kiri,1,13.847810884604907,-1.2905936973182435,18.90920271945656,False,-3.7589229642576183,-3.1402576584972532,-0.7638740846292064,-2.5485062361222717,-0.49121511159579884,0.15378855567979904,4.228326661389408
P14,AGEM KIRI,TURUN,C3,kiri,1,17.91174195536639,-1.3760082810919956,18.90920271945656,False,-0.9665233419026431,-0.34785803614227784,0.9958503417272574,-0.788781809765808,-2.2893543562638907,-1.6443506889882928,4.228326661389408
P14,AGEM KIRI,TURUN,P3,kiri,1,30.70062729758895,-0.951957763677181,18.90920271945656,False,2.4232839057616706,3.041949211522036,4.522383124790053,2.737750973296988,-0.798792222955397,-0.1537885556797991,4.228326661389408
P14,AGEM KIRI,TURUN,O1,kiri,1,10.975679149479838,-1.2081095715178503,18.90920271945656,False,-1.8736923587145382,-1.255027052954173,-4.953999685799159,-6.738631837292225,-0.28266002390751943,0.36234364336807845,4.228326661389408
P14,AGEM KIRI,TURUN,F7,kiri,1,19.906663483546723,-0.8587201091047204,18.90920271945656,False,-0.820956405749822,-0.2022910999894567,3.6858914940124023,1.901259342519337,-1.276397048746384,-0.6313933814707862,4.228326661389408
P14,AGEM KIRI,TURUN,T3,kiri,1,20.30554811547459,-0.5140675528969967,18.90920271945656,False,3.4595585035656073,4.078223809325973,3.6556185393403773,1.8709863878473119,0.28800309844399574,0.9330067657195936,4.228326661389408
P14,AGEM KIRI,TURUN,T5,kiri,1,21.654006843434388,-1.796834172047283,18.90920271945656,False,3.4887139141317824,4.107379219892148,2.462385708475555,0.6777535569824895,-1.08404917457637,-0.4390455073007722,4.228326661389408
P14,AGEM KIRI,TURUN,Fp2,kanan,1,2.873979094807506,-0.2688431260314401,4.162842255068577,False,1.359147444015112,1.414326173046787,0.9249928157365905,1.3786105299051978,-0.35561721307460076,-0.012226877559749882,4.228326661389408
P14,AGEM KIRI,TURUN,F4,kanan,1,8.881213771649872,-0.07648337378202075,4.162842255068577,False,0.766386253143323,0.8215649821749982,4.023960643926941,4.477578358095548,0.17514184881691486,0.5185321843317657,4.228326661389408
P14,AGEM KIRI,TURUN,C4,kanan,1,5.532054122071157,0.4023716033537361,4.162842255068577,False,-1.0634970524322473,-1.0083183234005721,-3.0796622145823562,-2.626044500413749,-0.33116345795510094,0.012226877559749938,4.228326661389408
P14,AGEM KIRI,TURUN,P4,kanan,1,3.517616757500246,-0.07937992625950652,4.162842255068577,False,-0.3714906700484466,-0.3163119410167714,-0.5339805898803968,-0.0803628757117894,-0.5379383764209593,-0.19454804090610844,4.228326661389408
P14,AGEM KIRI,TURUN,O2,kanan,1,7.229174269299641,-0.02616119543770512,4.162842255068577,False,1.7239572775518464,1.7791360065835216,-0.37325483845681795,0.0803628757117894,0.5923330951031482,0.9357234306179991,4.228326661389408
P14,AGEM KIRI,TURUN,F8,kanan,1,4.808067752636909,-0.28793285106230315,4.162842255068577,False,-0.14390634386893364,-0.08872761483725844,-1.515565278167701,-1.0619475639990936,-0.44808071892229934,-0.10469038340744846,4.228326661389408
P14,AGEM KIRI,TURUN,T4,kanan,1,1.010973034622511,-0.10730088273699767,4.162842255068577,False,0.03354888580558324,0.08872761483725844,1.3365442228163698,1.790161936984977,0.008967167116426256,0.35235750263127713,4.228326661389408
P14,AGEM KIRI,TURUN,T6,kanan,1,3.413460106067703,-0.331464782342037,4.162842255068577,False,-1.1467059745314567,-1.0915272454997815,-3.1200613676270716,-2.6664436534584643,-0.8825916937812488,-0.5392013582663979,4.228326661389408
P14,AGEM KIRI,TAHAN,Fp1,kiri,1,15.39750479590344,0.7569173429618986,6.346534351904598,False,-1.0544313873857725,-1.0011189750494087,-0.9969389002098747,-1.317324254815321,-0.4544123651351666,0.1865808467927258,4.228326661389408
P14,AGEM KIRI,TAHAN,F3,kiri,1,1.9237054919598506,0.22128958241925978,6.346534351904598,False,0.23413128805634065,0.2874437003927044,-3.1510604401968614,-3.4714457948023076,-0.5636123161863085,0.07738089574158391,4.228326661389408
P14,AGEM KIRI,TAHAN,C3,kiri,1,6.590716065255808,0.547597207516431,6.346534351904598,False,-0.39023709077805613,-0.3369246784416924,-0.3554659995808221,-0.6758513541862683,-0.7576747292206707,-0.11668151729277831,4.228326661389408
P14,AGEM KIRI,TAHAN,P3,kiri,1,6.102352638553388,0.44085723995756854,6.346534351904598,False,-0.34075611272906814,-0.2874437003927044,2.9678930968605837,2.6475077422551374,-0.8423021749075149,-0.20130896297962253,4.228326661389408
P14,AGEM KIRI,TAHAN,O1,kiri,1,-8.372600510489576,-1.2202167963841972,6.346534351904598,False,-1.9827153670870823,-1.9294029547507185,-6.363902784339475,-6.684288138944921,-0.7183741076694763,-0.07738089574158391,4.228326661389408
P14,AGEM KIRI,TAHAN,F7,kiri,1,12.774790413812287,-0.8532812312743998,6.346534351904598,False,3.6254463767327882,3.678758789069152,3.390689820142608,3.070304465537162,0.31036610690425487,0.9513593188321472,4.228326661389408
P14,AGEM KIRI,TAHAN,T3,kiri,1,6.786961456869456,0.5884704912667986,6.346534351904598,False,0.3558887832716273,0.40920119560799106,3.154275935418461,2.833890580813015,0.36135737608668644,1.0023505880145789,4.228326661389408
P14,AGEM KIRI,TAHAN,T5,kiri,1,-7.727437940680986,-0.37560605842454686,6.346534351904598,False,1.1800880919403145,1.2334005042766782,0.9962367087917147,0.6758513541862684,-1.2657949460275864,-0.624801734099694,4.228326661389408
P14,AGEM KIRI,TAHAN,Fp2,kanan,1,7.348718001450578,0.8145044365609899,6.422262409194586,False,0.3787069346313854,1.3619858014480823,-2.0876621810861558,-1.2185015213001495,0.061873447901623635,-0.05234053820513035,4.228326661389408
P14,AGEM KIRI,TAHAN,F4,kanan,1,7.4477250320510535,0.5502895715656906,6.422262409194586,False,-1.0826257673554562,-0.09934690053875928,1.3412795156771438,2.21044017546315,0.16655452431188433,0.05234053820513035,4.228326661389408
P14,AGEM KIRI,TAHAN,C4,kanan,1,5.234694670389413,0.6076358110384656,6.422262409194586,False,-1.1741200948379071,-0.19084122802121017,-2.0129464710903058,-1.1437858113042996,-0.3701182374369902,-0.48433222354374417,4.228326661389408
P14,AGEM KIRI,TAHAN,P4,kanan,1,5.042387598056388,0.45976294878916013,6.422262409194586,False,0.08061645491821423,1.0638953217349112,-0.38091085371181277,0.4882498060741933,0.2034002527411194,0.08918626663436541,4.228326661389408
P14,AGEM KIRI,TAHAN,O2,kanan,1,8.182571164449843,0.8107959676662418,6.422262409194586,False,-0.8839319662779377,0.09934690053875928,1.2269863283723803,2.0961469881583863,2.1701357004506354,2.0559217143438815,4.228326661389408
P14,AGEM KIRI,TAHAN,F8,kanan,1,5.466976335908118,0.0713608737524205,6.422262409194586,False,-1.42804976252622,-0.4447708957095231,-1.1432588821812162,-0.2740982223952101,-1.8957230182500229,-2.009937004356777,4.228326661389408
P14,AGEM KIRI,TAHAN,T4,kanan,1,5.495806816938593,0.477000507819747,6.422262409194586,False,0.4459641882365184,1.4292430550532154,-0.595062437390796,0.2740982223952101,0.209027804967383,0.094813818860629,4.228326661389408
P14,AGEM KIRI,TAHAN,T6,kanan,1,11.825321099422306,0.5882466551541438,6.422262409194586,False,-3.0744994210090493,-2.0912205541923523,-4.331272504669489,-3.4621118448834824,-1.3255829395600205,-1.4397969256667744,4.228326661389408
P14,AGEM KIRI,NAIK,Fp1,kiri,1,24.4485552014455,1.029411386550236,0.8347673643675257,False,-1.9369043659456509,-3.241939219037493,-0.10636838544184901,-0.4676686659758522,-0.2738726134353389,0.052446161161016636,4.228326661389408
P14,AGEM KIRI,NAIK,F3,kiri,1,3.8005958704811427,-0.1360210120170282,0.8347673643675257,False,-0.447013131979328,-1.75204798507117,-4.734614392577432,-5.0959146731114355,-3.08045584143425,-2.7541370668378944,4.228326661389408
P14,AGEM KIRI,NAIK,C3,kiri,1,-11.008253644015422,-0.8738721732197838,0.8347673643675257,False,1.9419815563427223,0.6369467032508802,0.10679611617361418,-0.25450416436038903,-0.24399648124958595,0.0823222933467696,4.228326661389408
P14,AGEM KIRI,NAIK,P3,kiri,1,-2.926486081675268,-0.3813384422526598,0.8347673643675257,False,1.478070911150462,0.17303605805861988,2.33683316794421,1.975532887410207,-0.2831213940424035,0.04319738055395206,4.228326661389408
P14,AGEM KIRI,NAIK,O1,kiri,1,14.625236675536346,-1.0021380323768398,0.8347673643675257,False,-1.7720724661404907,-3.077107319232333,-3.8004996978515027,-4.161799978385506,-0.3695161551503076,-0.04319738055395206,4.228326661389408
P14,AGEM KIRI,NAIK,F7,kiri,1,30.139970488291592,-0.4309853977099596,0.8347673643675257,False,1.1319987950332222,-0.17303605805861988,2.7203627195296054,2.3590624389956023,-1.1498206905677413,-0.8235019159713857,4.228326661389408
P14,AGEM KIRI,NAIK,T3,kiri,1,-2.131061141746091,-0.22096184279991427,0.8347673643675257,False,2.117555543303702,0.8125206902118598,2.5468940787695296,2.1855937982355265,0.9284323051949023,1.2547510797912578,4.228326661389408
P14,AGEM KIRI,NAIK,T5,kiri,1,-20.97236851052239,-1.522620254218714,0.8347673643675257,False,2.3029437961860277,0.9979089430941857,0.6158044448943922,0.25450416436038903,-0.8058918163672646,-0.47957304177090904,4.228326661389408
P14,AGEM KIRI,NAIK,Fp2,kanan,1,5.452004488377558,-0.007448328538825377,2.5133458539372544,False,0.4308292117326151,0.20477696807900236,-0.46648398698574123,0.8348625986321664,-0.8172479226275224,-0.26972378957684984,4.228326661389408
P14,AGEM KIRI,NAIK,F4,kanan,1,3.5484953582303547,-0.48927665334507386,2.5133458539372544,False,-0.3177305764100091,-0.5437828200636219,2.5863774525603067,3.8877240381782143,-0.8540978862503563,-0.3065737531996837,4.228326661389408
P14,AGEM KIRI,NAIK,C4,kanan,1,-2.338160400669693,-0.0024641465190458067,2.5133458539372544,False,0.1453528139628979,-0.08069942969071486,-2.2065200974098147,-0.9051735117919071,0.9371337318645623,1.4846578649152349,4.228326661389408
P14,AGEM KIRI,NAIK,P4,kanan,1,0.8145888934792644,-0.24063041440672894,2.5133458539372544,False,0.5620098776097215,0.3359576339561088,-1.665222193891328,-0.36387560827342047,0.16882136001347803,0.7163454930641506,4.228326661389408
P14,AGEM KIRI,NAIK,O2,kanan,1,11.778077896420562,0.5439415387519676,2.5133458539372544,False,1.3014457850280303,1.0753935413744176,-1.1447044387365999,0.15664214688130773,1.9655794473871755,2.513103580437848,4.228326661389408
P14,AGEM KIRI,NAIK,F8,kanan,1,1.257378765232673,-0.6336666503229402,2.5133458539372544,False,-1.0546847249272684,-1.2807369685808812,-1.4579887324992153,-0.15664214688130773,-1.1892471553770931,-0.6417230223264205,4.228326661389408
P14,AGEM KIRI,NAIK,T4,kanan,1,1.4781963496441541,-0.1670454665603751,2.5133458539372544,False,0.3067516733443276,0.08069942969071486,0.7115742468182019,2.0129208324361096,-0.2778003434738227,0.2697237895768499,4.228326661389408
P14,AGEM KIRI,NAIK,T6,kanan,1,9.511135507255233,0.15861283038742913,2.5133458539372544,False,-1.4111324603395614,-1.6371847039931742,-3.4564275779172093,-2.1550809922993017,-1.31117077045517,-0.7636466374044975,4.228326661389408
P14,AGEM KIRI,POST,Fp1,kiri,1,24.68737066781717,1.2456030376469067,21.74981866731139,False,-3.97449699412574,-4.250153085469367,0.9235196830446918,-0.03703705843621563,1.1990629110349351,1.1639819423521272,4.228326661389408
P14,AGEM KIRI,POST,F3,kiri,1,22.065963509014175,-0.7934523493883663,21.74981866731139,False,-2.1509207696836907,-2.4265768610273177,-1.9256810542473453,-2.8862377957282526,-0.7228100453407227,-0.7578910140235307,4.228326661389408
P14,AGEM KIRI,POST,C3,kiri,1,34.35580712488804,-0.0006780983623071446,21.74981866731139,False,3.3944077453309407,3.1187516539873137,2.655707784033656,1.6951510425527485,0.2342366442268612,0.19915567554405322,4.228326661389408
P14,AGEM KIRI,POST,P3,kiri,1,21.433673825608608,-0.09538830208241889,21.74981866731139,False,0.4212734978030164,0.1456174064593896,0.997593799917123,0.03703705843621563,3.4492880472605503,3.4142070785777423,4.228326661389408
P14,AGEM KIRI,POST,O1,kiri,1,20.543109119622365,-0.6715277142091687,21.74981866731139,False,0.04243948579519374,-0.23321660554843304,-5.810866433122108,-6.771423174603015,-0.7364889126200023,-0.7715698813028102,4.228326661389408
P14,AGEM KIRI,POST,F7,kiri,1,34.554211125213065,0.0164127933324818,21.74981866731139,False,0.1300386848842372,-0.1456174064593896,3.6744436183327718,2.7138868768518645,-0.16407470686124526,-0.19915567554405322,4.228326661389408
P14,AGEM KIRI,POST,T3,kiri,1,20.404342828570687,-0.16407868746934162,21.74981866731139,False,2.2867422741106935,2.011086182767067,5.748906941668231,4.788350200187324,2.351090203630129,2.316009234947321,4.228326661389408
P14,AGEM KIRI,POST,T5,kiri,1,18.660281654250284,-1.6027536405105,21.74981866731139,False,5.7111359184849935,5.435479827141367,0.4753833350480825,-0.4851734064328249,-0.5793532329013784,-0.6144342015841864,4.228326661389408
P14,AGEM KIRI,POST,Fp2,kanan,1,7.678194212279372,0.3377663982423518,6.115520392890703,False,1.0831830658636488,0.910731955556694,1.4341882070427714,1.1695749469611647,0.33504500771782436,-0.11601239326220075,4.228326661389408
P14,AGEM KIRI,POST,F4,kanan,1,21.42777519876053,0.7801594279391717,6.115520392890703,False,-0.17705652667517224,-0.34950763698212706,3.5727839115184756,3.308170651436869,0.5670697942422259,0.11601239326220081,4.228326661389408
P14,AGEM KIRI,POST,C4,kanan,1,6.509088585937679,0.7585490138600934,6.115520392890703,False,-1.2070355423824286,-1.3794866526893834,-0.9049616868795579,-1.1695749469611647,2.345479783808658,1.8944223828286328,4.228326661389408
P14,AGEM KIRI,POST,P4,kanan,1,5.352157052532682,0.0773177979015196,6.115520392890703,False,0.8725628433758947,0.7001117330689399,-1.8989405930132754,-2.163553853094882,0.18396326572193727,-0.26709413525808784,4.228326661389408
P14,AGEM KIRI,POST,O2,kanan,1,5.721952199843727,0.03753570041657772,6.115520392890703,False,3.6055340413332826,3.4330829310263278,1.6784534009800467,1.41384014089844,1.1291796426912613,0.6781222417112361,4.228326661389408
P14,AGEM KIRI,POST,F8,kanan,1,4.720309134040441,-0.2478793900736167,6.115520392890703,False,0.07680929293641503,-0.09564181737053978,-0.9051918599705694,-1.1698051200521762,-0.49578507762255863,-0.9468424786025837,4.228326661389408
P14,AGEM KIRI,POST,T4,kanan,1,-1.349500102852783,-0.23419537227136367,6.115520392890703,False,0.2680929276774946,0.09564181737053978,3.1268659034286284,2.8622526433470217,1.0356618753741984,0.5846044743941733,4.228326661389408
P14,AGEM KIRI,POST,T6,kanan,1,10.297679237921633,0.29808891434959517,6.115520392890703,False,-4.9333587479000585,-5.105809858207014,-3.0882167307085084,-3.352829990790115,0.13976099421531524,-0.3112964067647099,4.228326661389408
P14,AGEM KANAN,PRA,Fp1,kiri,1,22.49218301832225,-0.7577785137657422,12.266510403884636,False,-3.2878158884847597,0.17823324741857993,-1.70081273929093,0.7213437002877858,0.7613408883116655,-0.3657557491841048,4.228326661389408
P14,AGEM KANAN,PRA,F3,kiri,1,-5.441333265449693,-1.2949852833962987,12.266510403884636,False,-4.123414515253032,-0.6573653793496921,-2.6231088116346997,-0.20095237205598382,3.6784695679876256,2.5513729304918553,4.228326661389408
P14,AGEM KANAN,PRA,C3,kiri,1,18.577495000208675,-0.8239358633630329,12.266510403884636,False,-4.680404251529698,-1.2143551156263581,-4.812074021314242,-2.389917581735526,1.5154804056907456,0.38838376819497533,4.228326661389408
P14,AGEM KANAN,PRA,P3,kiri,1,6.962114791392047,0.47896510009050774,12.266510403884636,False,-2.9010353416669976,0.565013794236342,-1.8782456071103548,0.543910832468361,0.9544435191346083,-0.17265311836116193,4.228326661389408
P14,AGEM KANAN,PRA,O1,kiri,1,17.570906016377226,-0.998376723554103,12.266510403884636,False,-6.998733614284703,-3.532684478381363,-3.6364011906611378,-1.214244751082422,0.7245813602559431,-0.40251527723982716,4.228326661389408
P14,AGEM KANAN,PRA,F7,kiri,1,36.263168502786236,0.3307976763063978,12.266510403884636,False,-3.6442823833219196,-0.17823324741857993,1.6205395288099425,4.042695968388658,1.5646852914832703,0.4375886539875,4.228326661389408
P14,AGEM KANAN,PRA,T3,kiri,1,5.897333594601264,0.3363204606017629,12.266510403884636,False,-2.792807246180462,0.6732418897228776,-2.2212040675227325,0.20095237205598337,0.6593298584005826,-0.4677667790951877,4.228326661389408
P14,AGEM KANAN,PRA,T5,kiri,1,-5.560048782963527,-0.6022280546795304,12.266510403884636,False,-0.8299031826668113,2.6361459532365283,-3.677830816772829,-1.2556743771941132,1.2997497558569324,0.17265311836116215,4.228326661389408
P14,AGEM KANAN,PRA,Fp2,kanan,1,11.438251320999004,0.8813754984936402,5.2204159594773,False,-0.31258862119245334,0.006927628012426412,-1.4681728993876852,-1.0447795699355007,-0.5437019735178322,-0.3069621506480971,4.228326661389408
P14,AGEM KANAN,PRA,F4,kanan,1,16.23793997109786,0.08124568215349837,5.2204159594773,False,-3.2430486692203475,-2.9235324200154675,-2.268847707062278,-1.8454543776100936,-0.9088034410522052,-0.6720636181824702,4.228326661389408
P14,AGEM KANAN,PRA,C4,kanan,1,4.279687195989226,0.7254870415823793,5.2204159594773,False,-0.3172912554175533,0.0022249937873264347,1.8299881288027395,2.2533814582549243,0.07022232777836201,0.3069621506480971,4.228326661389408
P14,AGEM KANAN,PRA,P4,kanan,1,6.161144722965375,0.5711833248914319,5.2204159594773,False,-1.9240830863995417,-1.604566837194662,0.35896416500444783,0.7823574944566325,-2.0170549091424013,-1.7803150862726662,4.228326661389408
P14,AGEM KANAN,PRA,O2,kanan,1,3.63105397571978,-0.29833379651722225,5.2204159594773,False,1.12727843613315,1.4467946853380298,-0.7645552552375695,-0.34116192578538485,0.8360254722935798,1.0727652951633149,4.228326661389408
P14,AGEM KANAN,PRA,F8,kanan,1,3.496693082661775,0.041020953650122705,5.2204159594773,False,-0.3217412429922062,-0.0022249937873264347,-0.08223140366679982,0.34116192578538485,-0.939723930570462,-0.7029841077007268,4.228326661389408
P14,AGEM KANAN,PRA,T4,kanan,1,0.354156251849691,0.005682683083275908,5.2204159594773,False,1.5725494191896394,1.8920656683945192,0.18775989977543234,0.611153229227617,0.30830045482763924,0.5450402776973744,4.228326661389408
P14,AGEM KANAN,PRA,T6,kanan,1,9.834939391072446,0.6409477866712168,5.2204159594773,False,-3.8710051093419784,-3.5514888601370984,-1.6558636475527084,-1.2324703181005239,0.1355618018896454,0.3723016247593805,4.228326661389408
P14,AGEM KANAN,TURUN,Fp1,kiri,1,17.07865993998995,-1.5369938457633894,29.152501759704226,False,-5.769167116124789,0.511694616093374,-1.4269848063145822,0.8357059041367565,-0.6019943646015894,-1.8226799930599684,4.228326661389408
P14,AGEM KANAN,TURUN,F3,kiri,1,17.48875113716787,-0.9802388576881156,29.152501759704226,False,-6.111014981238383,0.1698467509797803,-4.115170355499945,-1.8524796450486063,2.0313696913510912,0.8106840628927123,4.228326661389408
P14,AGEM KANAN,TURUN,C3,kiri,1,28.40739944840916,-1.101660792797299,29.152501759704226,False,-8.111780070998197,-1.8309183387800338,-3.8836987834228527,-1.621008072971514,-1.417824170372643,-2.6385097988310218,4.228326661389408
P14,AGEM KANAN,TURUN,P3,kiri,1,36.55467776483596,0.08044513355377614,29.152501759704226,False,-4.515197209723767,1.7656645224943963,0.6526306517314545,2.915321362182793,0.8387296831951329,-0.38195594526324605,4.228326661389408
P14,AGEM KANAN,TURUN,O1,kiri,1,19.577631048575057,-1.246911720880931,29.152501759704226,False,-7.932449248888574,-1.6515875166704106,-1.7124467470880322,0.5502439633633065,1.6026415737216249,0.38195594526324594,4.228326661389408
P14,AGEM KANAN,TURUN,F7,kiri,1,29.897604070999293,-0.4377959232711449,29.152501759704226,False,-6.476011712505361,-0.19514998028719788,0.7826145979215247,3.045305308372863,0.783059985442503,-0.4376256430158759,4.228326661389408
P14,AGEM KANAN,TURUN,T3,kiri,1,37.956259685814935,0.5695319282058289,29.152501759704226,False,-6.450708483197944,-0.1698467509797812,-3.61728391508756,-1.3545932046362212,2.0037543934648,0.7830687650064212,4.228326661389408
P14,AGEM KANAN,TURUN,T5,kiri,1,38.88820621232411,-0.18586915305028628,29.152501759704226,False,-3.209348442072819,3.071513290145344,-2.8129346738146452,-0.5502439633633065,1.6224874081429883,0.4018017796846094,4.228326661389408
P14,AGEM KANAN,TURUN,Fp2,kanan,1,8.631733475125607,0.18409936620695788,11.273557878673493,False,0.39440449255176757,3.3965793748755266,2.200187827480905,2.295586933500596,-0.9600002412216588,-1.116379043419069,4.228326661389408
P14,AGEM KANAN,TURUN,F4,kanan,1,19.195510170475405,0.24747266442530935,11.273557878673493,False,-4.625157556433209,-1.6229826741094495,-1.2884075457223645,-1.1930084397026732,1.3008017453195884,1.1444229431221782,4.228326661389408
P14,AGEM KANAN,TURUN,C4,kanan,1,12.806318980633229,0.9410208069095296,11.273557878673493,False,-5.259982215325141,-2.2578073330013817,0.07645796434437468,0.17185707036406594,0.06418404451710269,-0.09219475768030755,4.228326661389408
P14,AGEM KANAN,TURUN,P4,kanan,1,16.52268858367945,1.058100367610082,11.273557878673493,False,-6.805600396893777,-3.8034255145700175,-0.2672561763837572,-0.17185707036406594,-0.3168415411528211,-0.47322034335023133,4.228326661389408
P14,AGEM KANAN,TURUN,O2,kanan,1,7.436834730067545,-0.4806574557621056,11.273557878673493,False,-0.5048200247204848,2.4973548576032742,-2.65187108041739,-2.5564719743976987,1.1176225270038322,0.9612437248064221,4.228326661389408
P14,AGEM KANAN,TURUN,F8,kanan,1,11.73388407793281,0.42242464037847616,11.273557878673493,False,-3.453414826924992,-0.45123994460123296,0.22633873403187565,0.3217378400515669,0.0904851507931656,-0.06589365140424464,4.228326661389408
P14,AGEM KANAN,TURUN,T4,kanan,1,4.0307086738225095,-0.24759219572435176,11.273557878673493,False,-1.0220308346105411,1.980144047713218,0.21441609266862643,0.3098151986883177,1.0464047824945928,0.8900259802971826,4.228326661389408
P14,AGEM KANAN,TURUN,T6,kanan,1,10.813231679414175,0.662719881563451,11.273557878673493,False,-2.5509349377225266,0.4512399446012325,-1.3404059417314131,-1.2450068357117219,0.22227245360165487,0.06589365140424464,4.228326661389408
P14,AGEM KANAN,TAHAN,Fp1,kiri,1,22.04561647878557,-1.2492072610243459,34.640523184287304,False,-3.897924895775855,1.2479772001639322,-4.577888546658166,-0.1065246167539895,-0.8615186233785078,0.09996198175968352,4.228326661389408
P14,AGEM KANAN,TAHAN,F3,kiri,1,16.55015543130922,-1.4986266296516018,34.640523184287304,False,-5.892989629582573,-0.7470875336427856,-6.318095384458373,-1.846731454554197,-0.7619486671774909,0.19953193796070046,4.228326661389408
P14,AGEM KANAN,TAHAN,C3,kiri,1,32.80646886197053,-0.85946909229655,34.640523184287304,False,-4.45172449089741,0.6941776050423769,-6.6992259715265625,-2.2278620416223864,-1.160415299120574,-0.19893469398238273,4.228326661389408
P14,AGEM KANAN,TAHAN,P3,kiri,1,49.178601593265014,0.16194665847937317,34.640523184287304,False,-4.012993045720745,1.132909050219042,-2.7073274604570656,1.7640364694471105,-1.0141779164745066,-0.05269731133631528,4.228326661389408
P14,AGEM KANAN,TAHAN,O1,kiri,1,22.876075367296274,-1.249122738578985,34.640523184287304,False,-6.952929310129061,-1.807027214189274,-6.014499812329266,-1.5431358824250898,-1.0105180595021082,-0.04903745436391682,4.228326661389408
P14,AGEM KANAN,TAHAN,F7,kiri,1,36.47457750660408,-0.18626640874416212,34.640523184287304,False,-5.840079700982164,-0.6941776050423769,-2.0621006774146373,2.4092632524895388,-0.9124431507742745,0.04903745436391682,4.228326661389408
P14,AGEM KANAN,TAHAN,T3,kiri,1,41.6110946506285,0.4467733632199786,34.640523184287304,False,-6.117149248629952,-0.9712471526901645,-4.364839313150187,0.1065246167539895,-0.2610901208060422,0.7003904843321491,4.228326661389408
P14,AGEM KANAN,TAHAN,T5,kiri,1,45.603200725978645,-0.4766772701334321,34.640523184287304,False,-2.868323788318241,2.277578307621546,-4.2677791020641624,0.20358482784001364,-1.3585156465014827,-0.3970350413632914,4.228326661389408
P14,AGEM KANAN,TAHAN,Fp2,kanan,1,13.561093523408747,0.07869237677414076,12.945494798149433,False,-0.013273817745995675,1.997090695859122,-1.4205737110123184,0.5403783068929098,-2.4838400794540205,-1.4144575682758571,4.228326661389408
P14,AGEM KANAN,TAHAN,F4,kanan,1,26.306760257638313,0.5831454115237777,12.945494798149433,False,-0.9214758249174548,1.0888886886876628,-3.197027271449139,-1.2360752535439108,0.5870387331810032,1.6564212443591666,4.228326661389408
P14,AGEM KANAN,TAHAN,C4,kanan,1,10.975493585505127,0.5642344071009058,12.945494798149433,False,-3.0457123465624547,-1.0353478329573371,0.27921786541277166,2.240169883318,-1.2001232115776936,-0.13074070039953023,4.228326661389408
P14,AGEM KANAN,TAHAN,P4,kanan,1,15.029062987108546,0.5934823994889565,12.945494798149433,False,-4.208131811093121,-2.197767297488004,1.2597626570901639,3.220714674995392,-1.3973286269799334,-0.32794611580177,4.228326661389408
P14,AGEM KANAN,TAHAN,O2,kanan,1,14.141246903399267,-0.27710541067208383,12.945494798149433,False,-1.7004210093989869,0.3099435042061307,-3.30113047027162,-1.3401784523663918,-0.9386418107786334,0.13074070039953,4.228326661389408
P14,AGEM KANAN,TAHAN,F8,kanan,1,12.329896072890119,0.09658807573879358,12.945494798149433,False,-2.4749180299759233,-0.46455351637080566,-4.015654855286547,-2.0547028373813188,-1.92068726267156,-0.8513047514933967,4.228326661389408
P14,AGEM KANAN,TAHAN,T4,kanan,1,3.7003654570632705,-0.5154391323424957,12.945494798149433,False,-0.9792509177889341,1.0311135958161834,-0.7980214786933448,1.1629305392118834,0.2412219835575337,1.3106044947356972,4.228326661389408
P14,AGEM KANAN,TAHAN,T6,kanan,1,9.641488903677429,0.3180064566651635,12.945494798149433,False,-2.320308017811248,-0.30994350420613026,-2.501330324798138,-0.5403783068929098,-0.16694852819776562,0.9024339829803978,4.228326661389408
P14,AGEM KANAN,NAIK,Fp1,kiri,1,14.771962086892234,-1.5997695502770115,30.42436955253244,False,-3.835702918937085,1.73958983606948,1.956866044517358,5.392194874634717,1.6909503442093499,-0.06124582064692485,4.228326661389408
P14,AGEM KANAN,NAIK,F3,kiri,1,19.218652781440575,-1.1700992796650038,30.42436955253244,False,-5.545730119661827,0.02956263534473802,-3.9138853236933624,-0.47855649357600427,2.498354646472086,0.7461584816158113,4.228326661389408
P14,AGEM KANAN,NAIK,C3,kiri,1,30.133352185687947,-1.1244003070930004,30.42436955253244,False,-5.973271010083638,-0.3979782550770734,-6.213507658440505,-2.7781788283231466,-1.4742938737023317,-3.226490038558606,4.228326661389408
P14,AGEM KANAN,NAIK,P3,kiri,1,49.92541473840188,0.2390933083494633,30.42436955253244,False,-5.964923398583489,-0.3896306435769237,-2.998488810961295,0.4368400191560631,0.19752420486710207,-1.5546719599891727,4.228326661389408
P14,AGEM KANAN,NAIK,O1,kiri,1,25.268948234789672,-0.9182404730270932,30.42436955253244,False,-6.836057221588754,-1.2607644665821889,-3.84350148015138,-0.4081726500340217,1.8134419855031996,0.06124582064692485,4.228326661389408
P14,AGEM KANAN,NAIK,F7,kiri,1,30.715386919376932,-0.6728082942452595,30.42436955253244,False,-4.836429106231337,0.7388636487752276,-0.715039284113713,2.720289546003645,-0.47324423087594314,-2.225440395732218,4.228326661389408
P14,AGEM KANAN,NAIK,T3,kiri,1,46.76494479055076,1.1894228787781362,30.42436955253244,False,-5.604855390351304,-0.029562635344738908,-3.791025050374266,-0.35569622025690784,2.585398330352558,0.8332021654962831,4.228326661389408
P14,AGEM KANAN,NAIK,T5,kiri,1,49.70884657278564,-0.019820620676918033,30.42436955253244,False,-5.1070504969459325,0.46824225806063247,-3.0796326098604503,0.35569622025690784,2.4106213257410793,0.6584251608848046,4.228326661389408
P14,AGEM KANAN,NAIK,Fp2,kanan,1,6.3293538266018246,-0.5275482944781014,8.978234372870366,False,2.2775133419055527,4.312177748222586,0.9653103627237611,0.4113634701436306,-0.9650948470075349,-1.0177954719949778,4.228326661389408
P14,AGEM KANAN,NAIK,F4,kanan,1,21.02482885198553,0.2801225027441492,8.978234372870366,False,-2.436717461035738,-0.40205305471870423,-2.0092968718725572,-2.5632437644526878,-1.507457285863719,-1.5601579108511618,4.228326661389408
P14,AGEM KANAN,NAIK,C4,kanan,1,11.627114919138908,0.5954322054232817,8.978234372870366,False,-4.202144637214995,-2.1674802308979615,0.725386957138614,0.17144006455848348,-1.3263794043300792,-1.379080029317522,4.228326661389408
P14,AGEM KANAN,NAIK,P4,kanan,1,16.448995377981852,0.7226397265780884,8.978234372870366,False,-4.648077941435636,-2.6134135351186023,1.2760691347063824,0.7221222421262519,0.3572487762082427,0.30454815122079976,4.228326661389408
P14,AGEM KANAN,NAIK,O2,kanan,1,2.6799466236407987,-1.0811981248691787,8.978234372870366,False,4.113328540981225,6.147992947298259,0.4010728731459473,-0.15287401943418322,1.1187435700452422,1.0660429450577993,4.228326661389408
P14,AGEM KANAN,NAIK,F8,kanan,1,11.81278395348981,0.1639324113712859,8.978234372870366,False,-1.6326113515983298,0.4020530547187038,-0.010242304021675364,-0.5641891966018059,0.5448107022296886,0.4921100772422457,4.228326661389408
P14,AGEM KANAN,NAIK,T4,kanan,1,3.3178470410999417,-0.6886390252423295,8.978234372870366,False,-0.022241667634970153,2.0124227386820634,-0.9495356630468024,-1.503482555626933,-0.2518475262333568,-0.30454815122079976,4.228326661389408
P14,AGEM KANAN,NAIK,T6,kanan,1,0.6421957155162161,-0.3245867946170842,8.978234372870366,False,-3.2274447205834633,-1.1927803142664297,0.7068209120143137,0.15287401943418322,0.9463991863656407,0.8936985613781978,4.228326661389408
P14,AGEM KANAN,POST,Fp1,kiri,1,14.524008610192904,-1.4446672498507769,38.44731702945478,False,-0.4205732443427057,3.5670105545059774,-0.22156582121652613,3.6549210170032955,0.6584267382834763,-0.017933111647993938,4.228326661389408
P14,AGEM KANAN,POST,F3,kiri,1,24.166896399283992,-1.174641060811668,38.44731702945478,False,-5.2340848247097504,-1.2465010258610674,-5.8037324316706815,-1.92724559345086,-0.852873930954948,-1.5292337808864183,4.228326661389408
P14,AGEM KANAN,POST,C3,kiri,1,43.49028519200135,-0.30509640094598556,38.44731702945478,False,-3.768699540732252,0.21888425811643097,-4.029968756944603,-0.15348191872478179,-0.03932985200521266,-0.7156897019366829,4.228326661389408
P14,AGEM KANAN,POST,P3,kiri,1,55.379532129408744,0.4582945859604308,38.44731702945478,False,-4.206468056965114,-0.21888425811643053,-5.198349650546721,-1.3218628123268994,3.1975474900225267,2.5211876400910564,4.228326661389408
P14,AGEM KANAN,POST,O1,kiri,1,33.404348866908215,-0.423853475172014,38.44731702945478,False,-4.7926954717355175,-0.8051116728868344,-3.7230049194950396,0.15348191872478179,2.3021786604411982,1.625818810509728,4.228326661389408
P14,AGEM KANAN,POST,F7,kiri,1,32.98790370682209,-0.04173860070305557,38.44731702945478,False,-2.1495427677030876,1.8380410311455955,-2.727927069303707,1.1485597689161144,0.6942929615794641,0.017933111647993827,4.228326661389408
P14,AGEM KANAN,POST,T3,kiri,1,47.57364656679779,0.6793020622331036,38.44731702945478,False,-5.5824215886130135,-1.5948377897643304,-2.3546771734880494,1.521809664731772,-0.8193597898652982,-1.4957196397967685,4.228326661389408
P14,AGEM KANAN,POST,T5,kiri,1,55.71351694521575,0.31374095981013195,38.44731702945478,False,-1.8944107507919616,2.0931730480567214,-5.570939276762465,-1.6944524385426432,2.9410984755176894,2.264738625586219,4.228326661389408
P14,AGEM KANAN,POST,Fp2,kanan,1,13.24919434214749,-0.19484982799156447,15.093424935751196,False,2.817791741355369,2.2635943849789495,-1.6968874621900785,0.08369782432626227,-1.7870875174563223,-1.747139289464664,4.228326661389408
P14,AGEM KANAN,POST,F4,kanan,1,19.951559723345476,0.5351613387419272,15.093424935751196,False,2.4448438240748005,1.8906464676983814,-8.036402143718766,-6.255816857202425,0.8024767873085975,0.8424250153002559,4.228326661389408
P14,AGEM KANAN,POST,C4,kanan,1,16.57090375370106,0.6606006686645245,15.093424935751196,False,-2.1942152353114808,-2.7484125916878996,0.08802895327566784,1.8686142397920085,-0.6178899963529262,-0.5779417683612678,4.228326661389408
P14,AGEM KANAN,POST,P4,kanan,1,15.16467898958755,0.28425334460638485,15.093424935751196,False,-4.865334291518644,-5.419531647895063,-1.5642608804686624,0.21632440604767833,-0.22396827529654495,-0.18402004730488655,4.228326661389408
P14,AGEM KANAN,POST,O2,kanan,1,19.992990762429173,0.2576577837963807,15.093424935751196,False,0.08275506553685474,-0.47144229083956435,-3.110016376875333,-1.3294310903589923,0.5682122480606575,0.6081604760523159,4.228326661389408
P14,AGEM KANAN,POST,F8,kanan,1,15.022170881914843,0.22718403506619156,15.093424935751196,False,-2.146612666459189,-2.700810022835608,-3.115538007987741,-1.3349527214714003,0.15228413535280316,0.19223236334446156,4.228326661389408
P14,AGEM KANAN,POST,T4,kanan,1,8.737280859781258,-0.3347243681453951,15.093424935751196,False,1.0256396472159834,0.47144229083956435,-1.864283110842603,-0.08369782432626227,-0.20636544744777302,-0.16641721945611462,4.228326661389408
P14,AGEM KANAN,POST,T6,kanan,1,9.275995579586853,0.13629414865595435,15.093424935751196,False,2.6899670757640717,2.1357697193876524,0.4101445618000049,2.1907298483163458,0.12646899146445623,0.16641721945611462,4.228326661389408
